id,cs,choice,price,quality,cost,dist_price,dist_quality,dist_cost
1,1,0,10.11574760342164,1.044977273391293,1.433402845627384,27.84005061120794,6.608307441791844,1.237204529251177
2,1,0,10.11391883175327,1.044669880177624,1.650602191088467,28.99931504364187,6.738919135756746,1.634418027122791
3,1,0,10.05550083452684,1.162699967069779,1.553843719773716,29.51413546254198,6.485074866243341,1.656375214993409
4,1,0,10.02105155441343,.7085138321317428,1.449997909838715,26.93864635562377,7.555168230638238,1.091712638418362
5,1,0,10.02202748085129,.8821212984719111,1.404042343191017,29.73668563936811,7.296533116266193,1.134669260282569
6,1,0,10.19563130182,1.245638474520317,1.358843199948097,29.47211238307618,6.547213835485911,1.144125729271116
7,1,0,10.10079849142488,1.213059647710487,1.52180631109497,27.72113055115355,6.542443991286205,1.350534140503767
8,1,0,10.03792513442766,1.131430652051693,1.370790077980696,28.98809126335197,6.706537410802214,.9535475095469169
9,1,0,10.11364210805718,1.238884193786022,1.45691267009625,28.35464156446568,6.425119429949849,1.099115507558557
10,1,0,10.05602413554887,1.015467021851213,1.423120754925563,27.29793023358036,6.724581611758355,1.236739722002614
11,1,0,10.01062515944203,.882518195158518,1.475377394549197,30.49154098751949,7.047060022676637,1.400181019511977
12,1,0,10.14427440087941,1.075433371859406,1.500505464820562,26.66654107153335,6.610250579083938,1.254846094113122
13,1,1,10.04154190511182,.8450434639140907,1.349362151897133,28.95921028892522,7.002210610546935,.9585375238924081
14,1,0,10.04147317188666,.7259904870831557,1.570733740804076,27.4847420405312,7.27709482967179,1.52369427291619
15,1,0,10.18776849940692,1.267645723485002,1.613547628355072,31.29230285067423,6.767051534753,1.426645288471734
16,1,0,10.05471540725707,1.023168022854799,1.500391854126037,26.34695393041081,6.410837038185893,1.204820032838007
17,1,0,10.02471113490328,.9483786942534206,1.584752626432023,29.47221250051033,6.977927045408989,1.165456830587608
18,1,0,10.05508932590697,1.097715838283491,1.390810177634758,30.50566188500369,6.929431003533756,1.299995573459609
19,1,0,10.09149251107704,1.236296340763878,1.64864722628152,26.61931367975744,6.198722520316702,1.603267248792992
20,1,0,10.01178322876846,.8889071424323463,1.515679543857888,29.14722233076312,7.092206166929436,1.292232514058019
21,1,0,10.00117922875244,.8323885936104483,1.637369577306113,31.91705815727896,7.524789093531593,1.525210197634332
22,1,0,10.04284788138092,.9097636432060063,1.468379293780233,25.5970031034372,6.670049800441968,.9725990687233477
23,1,0,10.02786662571823,.9480526483354446,1.592922250764175,27.24831720769538,6.939577006376789,1.523011033737235
24,1,0,10.00838168156443,.7721842216938728,1.730428059706679,29.41580443868078,7.486117119257489,1.721468036088702
25,1,0,10.05315156319605,1.083763698221343,1.450303231131185,26.99907587061129,6.565488613465734,1.361228846848344
26,1,0,10.01911833706446,.5561041388700483,1.431708077179971,29.30714674634192,7.773249165266708,1.22357546731019
27,1,0,10.04889255784019,.9398114162240143,1.608743243643761,30.17359095069396,6.915356411663198,1.540157187577065
28,1,1,10.01032264206464,.9974863643294871,1.544600219479908,30.7297875762964,7.340803520954672,1.264999766682583
29,1,0,10.01938665518252,1.169581174768769,1.695142499911742,30.65985891267221,6.683992153610255,1.620953250135752
30,1,0,10.2500817251848,1.205159471955922,1.558045177580745,30.45243537575287,6.679291330708486,1.384367703334433
31,1,0,10.02365683242856,.9602828394623132,1.297515868151975,30.52791895003611,7.238553499137082,.9557776346344654
32,1,0,10.04216024201806,.9429365798058336,1.443133718970014,26.27938053269582,6.754202668413633,1.071411738338168
33,1,0,10.21322135342337,1.31972935653978,1.406356134295772,28.97684399810908,6.319116944825686,1.145484894816004
34,1,0,10.16515356213015,1.289743324686047,1.645508400227675,28.99398199170823,6.421052779449378,1.603560511439002
35,1,0,10.17272543218898,1.221405787619892,1.583038653865564,26.07166671361602,6.26694997270601,1.535786582711648
36,1,0,10.00493628475861,.693791714893339,1.479551141564872,24.92171065436091,6.934758820402889,1.13621371965847
37,1,0,10.0850906118879,1.05872322131609,1.344950710128119,29.83488645532682,6.992628738461272,1.065458654562244
38,1,0,10.06989156145433,.7555121212524513,1.581707366898,29.95390188185169,7.331957264976126,1.526288288953037
39,1,1,10.1478405067351,1.193315562029461,1.489655963317529,26.54436222795162,6.374726103370683,1.323205892431932
40,1,0,10.00180352757492,.8122783882340949,1.472495770915105,26.48667134357725,7.01698141192441,1.105973188810618
41,1,0,10.11606622302359,1.230674004763179,1.606811230643892,30.01518172275519,6.589928822892375,1.3239055282929
42,1,0,10.01927012612017,.9654017682578976,1.432545691818508,23.70059877871006,6.359085585088639,1.177157546903089
43,1,0,10.04232298363649,1.020313496508805,1.46413429978475,27.75445828810948,6.856391972538801,1.280239703288288
44,1,0,10.00004828091557,.8612123043163455,1.42801276828955,29.58154133515943,7.426932769198126,1.000002169284491
45,1,0,10.03040257314502,.8810752138129716,1.640737556060164,30.52808714877025,7.376743847037496,1.636878389332266
46,1,0,10.29367855403175,1.285865822284604,1.439949591459069,28.87210800790051,6.409265705679199,1.106423273318001
47,1,0,10.00039324587812,.7507214903248478,1.535076157196908,28.03723583143463,7.109849379978916,1.420453101706941
48,1,0,10.00263644531808,.8543542837385252,1.602410794673554,25.33648456855454,6.941980239274296,1.404128908108767
49,1,0,10.03482169106813,.8904580893083142,1.449422818285565,31.17158630345406,7.160108957573522,1.220267788299641
50,1,0,10.01822278172664,1.040785043034936,1.624159354637054,28.58616199182438,6.974000379015212,1.375666883913661
51,1,0,10.10276448328467,1.047837436867066,1.586709768995041,30.96530324034536,6.790162146911902,1.394594447421969
52,1,0,10.03036029356499,.7837679036434027,1.540624623162662,27.34439456944849,7.061152380422658,1.358162019646139
53,1,0,10.17683895941235,1.241768686521324,1.600144287739024,31.71887787793776,6.766298366311752,1.382727749905676
54,1,0,10.4393692843178,1.224633724261688,1.4776934130899,28.70898596013998,6.618492831419766,1.178951644389445
55,1,0,10.24048994344498,1.134192860153465,1.537513357673335,28.4756089666933,6.639710232553199,1.334761023462721
56,1,0,10.03598991804603,1.060303254561382,1.480095374062539,28.27363190510137,6.909669266660885,1.103459793918536
57,1,0,10.02781282686534,.9779611714461796,1.640456009993248,29.55920084986677,7.044406723663137,1.628043748647637
58,1,0,10.2070382163578,1.160780065062218,1.549780948984232,29.64603552955421,6.751584334429525,1.469418306081979
59,1,0,10.00289189719441,.910003909201296,1.51634719890332,31.0442748231867,7.025898913373028,1.383643394045313
60,1,0,10.02506695718387,.7234049818593518,1.666659293869762,26.97297924698978,7.220941548191362,1.722438756934681
61,1,0,10.15820730987867,1.012736151315328,1.435345066836489,32.26726579565706,7.101730852410692,1.334753011069464
62,1,1,10.02507750081897,.8673776145459633,1.376055688615045,28.04002170529141,7.365842208102703,.9815400085390726
63,1,0,10.1504071854298,1.086218697415173,1.514530678656538,28.24616476818444,6.816764805363726,1.367057595346457
64,1,0,10.0098801970342,.8581764959087103,1.61624191795242,27.01208439693317,6.856700052015379,1.719297974305287
65,1,0,10.15600370595099,1.258095828258735,1.580206908732518,25.85595943058406,6.043302827638946,1.378076854689403
66,1,0,10.04242213551573,1.052994165609864,1.496673077254432,30.62415527268596,6.822219238978624,1.357867945950321
67,1,0,10.00816565317546,.8326556987198107,1.761475099249568,30.111794143679,7.354500154832355,1.848915558169287
68,1,0,10.06251676906218,1.152603049401522,1.641241065103391,25.6168602783227,6.322450167184337,1.615805184702139
69,1,0,10.03374149723814,.9774061236849004,1.717444229599141,24.2756475660267,6.445385972086849,1.672594906890051
70,1,0,10.08894271784466,.5101713770578498,1.487529449641998,31.58074375043632,8.08069074858577,1.333708297216831
71,1,0,10.01088555137433,.608808200928997,1.356672662802376,27.70041975756935,7.553316971008224,1.217168887554614
72,1,0,10.20983346238314,1.105165668832294,1.429070760442904,28.55172805513347,6.83117356299544,1.038646712266214
73,1,0,10.01308456184271,.8552955800863563,1.670461921827143,28.91798711858699,7.127035317476339,1.652563294728717
74,1,0,10.2548198829253,1.165819858799526,1.264982591897076,28.6059469274064,6.573954458046746,.8153348504426459
75,1,0,10.07068166392968,1.042316622421668,1.558990375035024,29.70420492482734,6.880766872563127,1.498916607084408
76,1,0,10.00000003342872,.8480144605848305,1.508656921383381,28.49468473371624,7.217990579637025,1.178410525232904
77,1,0,10.07084108155776,1.115483130615582,1.713158815203733,25.97404800470258,6.468636168001023,1.65223473008184
78,1,0,10.06969551979207,.9625477688270578,1.452907853752207,30.46944051926375,7.253693128151177,1.200637700861155
79,1,0,10.00223136711177,.7352141744744379,1.511779451777516,28.82029258672399,7.349073237729911,1.506678836386745
80,1,0,10.0731133774079,.9679340160635266,1.328865689568789,31.84272015796396,7.229422425535705,.9093134695216529
81,1,0,10.14396046891894,1.306340512711866,1.473759672357871,31.5440534810574,6.597210430958988,1.35961476630303
82,1,0,10.0810417049295,.9191612806588771,1.428974023547652,29.69313756290537,6.806818218987251,1.297267770401945
83,1,0,10.00622520607835,.8852245406790241,1.537057525739757,29.48170898319377,7.061750620011814,1.114875093152272
84,1,1,10.12376204807806,1.318338952920901,1.464984856523122,32.25320691059637,6.679829409611095,1.181431898168258
85,1,1,10.16288832820203,1.224026640109297,1.46630757860805,29.90456667523694,6.62959582249388,1.298508540336559
86,1,0,10.00443781024201,.9745207543955051,1.561880084752999,29.81542255937161,6.850379590586106,1.49189979802502
87,1,0,10.00686218059296,.9206387688963086,1.556967672739983,30.06932478715426,7.065221258742551,1.349391729085824
88,1,0,10.05312326784175,1.036451652666411,1.535801723176973,28.2603570095172,6.94759590816946,1.42113275834869
89,1,0,10.00076079274539,.9717075953614422,1.608731532765945,30.11241612755006,6.98327733648421,1.476446908652704
90,1,0,10.07337370129655,1.108056640562083,1.257656128942721,28.29566678737746,6.626573019789976,.7560481206537114
91,1,0,10.0126308628557,.9556951844133454,1.501199976265805,28.22020651286551,6.860017006249567,1.156312801149645
92,1,0,10.06722644115703,.933070329340676,1.580899966870748,25.6916137224887,6.74084063805374,1.305691676679083
93,1,0,10.01089345296454,.7604702205416866,1.309314497528335,27.97081814320951,7.17032761815831,1.03326942867905
94,1,0,10.00807407241186,.8487180883068518,1.603750573540695,30.06303091681364,7.42064266293072,1.381590263320251
95,1,1,10.25829806934944,1.192610972523129,1.251971230547845,27.90352469645532,6.677930945738333,.7665736242534282
96,1,0,10.0015565393647,.9351940130040044,1.350358749493722,29.32191287346911,6.971632720264201,1.094740480034189
97,1,0,10.06388671023036,.8887931408658246,1.284437501689658,27.41319512533634,6.920250031938743,.9842173737622882
98,1,0,10.02755178386612,.9523798222252651,1.409522357228146,29.58938202509707,6.974503505602242,1.255306774035978
99,1,0,10.00931428945285,.9224855781591266,1.422428061141912,28.07694988782008,7.121159916631832,1.110839550135542
100,1,0,10.03716407102822,.9769418848857718,1.540853720121167,27.59774517732604,6.959559410454933,1.438746862265631
101,1,0,10.02616696360948,.772521070728003,1.336578711726509,28.93317825750743,7.018025655122074,.8987994608229617
102,1,0,10.04745176648012,1.079865363888171,1.54180553480509,27.69830539629555,6.566834117315175,1.427871597110084
103,1,0,10.01195876029279,1.090999012364593,1.702485766084936,31.74508194232825,6.88750996563741,1.814681690485746
104,1,0,10.05492377705035,1.175549129858548,1.748317268038291,30.14824752831866,6.630559631733968,1.916136726581345
105,1,0,10.14591312523538,.9996628866559719,1.429294436958253,26.18773213705066,6.626255145785059,1.174363631559146
106,1,0,10.05495928283058,.9704327371322168,1.595643132775604,29.21358953300329,6.932563560743439,1.350273168054211
107,1,0,10.04953395443098,.9701218399085667,1.443650435061489,29.6311589145694,6.850304140590548,1.130899528273231
108,1,0,10.00000001864455,.8594126753292467,1.553726584471245,29.59233106922742,7.063869880837108,1.393394953293702
109,1,0,10.23307500076687,1.058891808401972,1.368968939195616,25.66334393920019,6.481569702875309,1.064477817551165
110,1,0,10.00000006760913,.7336301538964122,1.642643611348845,28.79295522828337,7.245754575267884,1.544645317974201
111,1,0,10.00075606312778,.6973362422443483,1.455940908034313,30.3935565330303,7.711683020218106,1.310325449609652
112,1,0,10.00193773134731,.5370484032000107,1.366556868353917,27.75950616677377,7.488427427207599,.8991721204305817
113,1,0,10.01082915275283,.8629731735918473,1.605479449005171,29.37305281430362,7.118637023042079,1.344177409088039
114,1,0,10.0155547046635,.9555315251534413,1.474630065568874,29.2849882074913,7.037712498618198,1.200247936542077
115,1,0,10.04940501442475,.9772223727707763,1.382270240108936,30.22147834204264,6.794408246696623,1.225091799346521
116,1,0,10.00983281245457,1.015759271310311,1.522368214514884,27.58364184431535,6.90173132473435,1.230246802573815
117,1,0,10.29277638719339,1.332005628198661,1.425643389101722,31.14997902422595,6.41503474031659,1.177370276920161
118,1,0,10.0012530933102,.7424030688105614,1.586893988611028,29.9996354875082,7.422704838671805,1.528954725049845
119,1,0,10.07015217087815,1.047270910238723,1.631434613331236,30.11712069129145,6.901293986307305,1.449369483247192
120,1,0,10.02634039656379,1.041718885758181,1.451684785425261,29.08127460281184,6.964431012183014,1.354874248876977
121,1,0,10.02473953905331,.7802737654320984,1.495074084859238,27.1582949775739,6.907999782684523,1.394116987713983
122,1,0,10.27735857313177,1.215129198263563,1.362752023065344,29.82154846209686,6.58051909320587,1.038986512659294
123,1,0,10.00066814990952,.7813025757677607,1.381311258413996,29.1301102614287,7.365386930787172,1.291243409377455
124,1,0,10.00028116156949,.8164041243534546,1.672611472083219,35.02377524740582,7.842097444463967,1.681452390842338
125,1,0,10.12997159659408,1.274027585774512,1.531777301577081,31.23532392935062,6.534430911965933,1.215134512230692
126,1,0,10.09345449490245,.9487946069196818,1.533688916864741,26.86217201787884,7.051204199695468,1.361598028753067
127,1,0,10.00017541404226,.6573209369497788,1.482251206615834,25.1158657248242,7.236273283702592,1.283321976835044
128,1,0,10.4374513972271,1.404079863304892,1.594228942747244,33.10949969120058,6.469941630006432,1.570198268910152
129,1,0,10.14683602517308,1.053228226153498,1.518498846733013,31.50526049959668,7.087238129675882,1.222299396339541
130,1,0,10.1734092871042,1.124953494251395,1.565999471849933,26.52933229156972,6.538683533005626,1.359483900109462
131,1,0,10.07474713668688,1.047576234451398,1.565316086496299,27.08799774223623,6.498006641568228,1.710461170969252
132,1,0,10.04624525911928,1.018829377756324,1.512663207848546,30.49073134354203,6.839992249015372,1.38201399996992
133,1,0,10.00317412851184,.9711644577422189,1.474117539433504,27.41522050604247,6.724726674472478,.9826349580625953
134,1,0,10.10365491556154,1.080351394828396,1.387702395323749,31.21535681896729,6.840931226285114,1.348242184105845
135,1,1,10.34256643256796,1.370337843567625,1.46116412357414,27.34373682102658,6.055670781737312,1.234271119226644
136,1,0,10.01292700751013,.9829833920361188,1.571581285138302,28.37086982260189,6.751123885646037,1.447760209973192
137,1,0,10.29544414461101,1.392782354815451,1.463094477527501,29.16220365367889,6.221219423845166,1.354738598161996
138,1,0,10.00382091036131,1.059744627443168,1.566568201697899,28.92821644490114,7.057285085466007,1.680280002495217
139,1,0,10.17290444864319,1.167312787265619,1.378729496815718,31.10854173120542,6.724071835863585,1.122539240691976
140,1,0,10.01187994599409,.8688413408090637,1.433307145659145,26.96725844188584,6.844527821797992,1.146269353117287
141,1,0,10.0674318792595,.9599906373704212,1.531505120323783,30.6707680658706,7.202142251484392,1.404696051892747
142,1,0,10.04862306795309,.9676838643867791,1.583859035594512,27.06548118458766,6.728578052070967,1.34521362836282
143,1,0,10.00115669644204,.7265530030247915,1.607183322682447,26.67092273141305,7.23627346470121,1.605022372137542
144,1,0,10.04802455500694,.6070624026537856,1.670773323444842,29.13029323829952,7.743734848330524,1.55101175513155
145,1,0,10.03095480610514,.9596800149336553,1.606489225546741,28.536786905021,6.964678003507705,1.499589443368283
146,1,0,10.01247728456605,.6972917595615409,1.438152098316667,28.044702868553,7.302793082545886,1.28622005732754
147,1,0,10.0008640414434,.804796301813101,1.618567952777173,30.7167104393939,7.24853679028097,1.509339978881487
148,1,0,10.00528862705997,.6933090400813958,1.454693687280432,26.05523188571098,7.298993032633589,1.437734384266455
149,1,0,10.00000977149051,.8234629180793005,1.456588668136528,26.57908101109429,7.116571233853266,1.227381033776661
150,1,0,10.13812252958945,1.167715870354571,1.521624624270418,27.33858095332655,6.493732018414328,1.207647295635814
151,1,0,10.00024063716267,.9717150470669244,1.704054199279081,27.00257376230037,7.004642063601922,1.561908116608286
152,1,0,10.13807941609008,1.305840390552921,1.451591483029991,29.39507598872094,6.391655644176736,1.232551995670744
153,1,0,10.03536662109279,.969179511258551,1.50845263277142,29.4572454984746,7.15695911962669,1.177066925996701
154,1,0,10.0247778469173,.6939444607830332,1.668022322302771,29.02625749024446,7.529805608161186,1.660272838585694
155,1,0,10.09101901556511,1.165781464493714,1.481646263910232,27.82663016182785,6.583665278370807,1.240102239257623
156,1,0,10.1940819530924,1.135991043250491,1.638397014498875,26.94677127650793,6.555607978850404,1.473525220378302
157,1,0,10.05338060469839,.9139746577496046,1.444642189092204,31.21869436182818,7.117193273982386,1.126547744651976
158,1,0,10.05935870350969,.9970077250195694,1.4802878253496,29.01038583821626,6.811496591665438,1.278305749864111
159,1,0,10.05860706161065,1.08459093501293,1.574965176263027,27.75162374492865,6.601009805406701,1.421431496550126
160,1,0,10.00792632833117,.9813796262100657,1.53712504315857,29.21439929486003,6.744997059456638,1.335734000834525
161,1,0,10.03171773052249,.7282972504209705,1.406907380229012,30.33782241962604,7.621610153613937,1.272757234338389
162,1,0,10.08503147950676,.8806250509815101,1.401078639676751,27.89639665294841,6.989817934919613,1.059591206511725
163,1,0,10.00575693261592,.6941659330469421,1.522180589498898,28.70437437456199,7.380709835123398,1.26444833422789
164,1,0,10.13386675587155,1.167071330843905,1.542328768703214,30.61598331117272,6.404261780439532,1.529966516686432
165,1,0,10.04756257340092,.9028215405293086,1.394921887232975,28.70896464771898,6.954343091867373,1.137176895111101
166,1,0,10.3443734281339,1.390422084328281,1.493365320468741,27.50960681878096,6.253555818852765,1.299184584176503
167,1,0,10.14823295187225,1.176538269188824,1.539433732753554,27.94747485542102,6.444156855952956,1.367029435253327
168,1,0,10.0269732104665,.7717415097424074,1.400012227164742,26.91330323033907,7.281693553629416,1.158535847323583
169,1,0,10.00080327816361,.8480873147107143,1.526900098531076,28.60398261209903,7.133027370618362,1.333370785003807
170,1,0,10.08679184590468,1.161628671088452,1.436178218872714,27.59698775744935,6.479817686938229,1.181521805707527
171,1,0,10.1123639012575,.6092672983599272,1.682043498930124,27.89340477081021,7.355641905521558,1.880124216980151
172,1,0,10.00293680592176,.9010737137736734,1.501830098877132,29.42134984411603,7.093749752637208,1.317183816521752
173,1,0,10.02938191213459,1.234232832063343,1.621575016869873,27.14014778182231,6.422095050839392,1.420871341740387
174,1,0,10.14022355884877,1.078227458136598,1.643926865288152,29.39016057054969,6.705511846144158,1.465644225371589
175,1,0,10.07363311776862,1.039452152329253,1.471065257596119,29.89106554589745,6.818597057637668,1.11785048247701
176,1,0,10.01895929119241,.6632721712385496,1.599518609544182,28.72679819347573,7.52715689774556,1.432396682510336
177,1,0,10.02862363003326,1.177014139692591,1.535564227908655,29.50638791974366,6.510629738001827,1.262201593357603
178,1,0,10.04079451908543,.9536618688928103,1.635763544982976,27.74232693120333,6.842325922621264,1.63780390242115
179,1,0,10.00723006732793,.8141815283210034,1.577534909109994,27.56549543981795,7.035158232908325,1.47159271138813
180,1,0,10.02280645675566,.9896907719922353,1.513252987974788,30.23666371020183,7.152132131871348,1.106113625848797
181,1,0,10.15633164233891,1.234501661973091,1.490401579214644,27.42417057632878,6.378873241810791,1.111845246009551
182,1,0,10.05023781150842,1.017105365117134,1.432743819353879,28.85062890072951,7.024002210014376,1.207964856741853
183,1,0,10.00693944441236,.8975597727518985,1.41098431370047,26.94163644494866,6.840893180552085,.9516241389319924
184,1,0,10.33241522906441,1.249048600155923,1.532944646319265,28.79471985499043,6.509559414948183,1.382753832042904
185,1,0,10.28486514060434,1.383845374979312,1.67836348270345,26.42455373947274,6.016159848529935,1.64743191136334
186,1,0,10.0000134159713,.8898752645142967,1.478329122003126,31.36895430079983,7.361359460099296,1.142892844542643
187,1,0,10.15141592834588,1.179428176057823,1.43231701368645,26.27924320219036,6.232929848657888,1.15055319234819
188,1,1,10.04556033907065,1.010273934695021,1.503715552317027,25.41236933077514,6.6214851782139,1.299940409503676
189,1,1,10.09660547816344,1.260416768643284,1.478259021859588,28.23543952009492,6.282746453494719,1.238324099588846
190,1,1,10.09142419033273,1.086912499639136,1.514145537005583,29.10666642902302,6.9358205063531,1.247795657449943
191,1,0,10.05368835621152,1.057652846117937,1.581385892353712,31.47525672345196,6.80254216135098,1.447391567529269
192,1,0,10.43826466084702,1.301457507202794,1.358725031944741,30.16421871416325,6.496736579583503,1.026869005320719
193,1,0,10.00140337689636,.8346566664427659,1.525311317915771,30.18520955604741,7.282130809622266,1.510332885183552
194,1,0,10.09794326240737,1.033786153254611,1.589079993398875,29.68098381150584,6.80923369810079,1.54417963939428
195,1,0,10.01902674150882,.9462347259687558,1.503612079052224,28.75884178909282,7.053704110522763,1.322745886173421
196,1,0,10.02093722802661,.8388677649450892,1.489830957348862,27.48232137786566,6.924412816204338,1.231899679505632
197,1,0,10.00154397669325,.7686970760930887,1.350883953814046,29.1143229149401,7.46256262944169,.8899211196470379
198,1,0,10.11624717951982,.946753171193237,1.330124586630373,26.10743883857705,6.820117410591217,.9387091526313466
199,1,0,10.37274014063662,1.158273104104952,1.367040490634922,28.35628294665818,6.496084617099082,1.095006814873308
200,1,0,10.31123222549275,1.27673888970061,1.523060110683955,26.63796793679987,6.158349426646581,1.389386757092233
201,1,1,10.02048288980947,.882952906011394,1.387272205233998,29.9836940998143,7.284678968021024,1.079009126963358
202,1,0,10.00038123781952,.8034588628153372,1.626023989302266,31.1689013900624,7.456978844849019,1.729865834030073
203,1,0,10.15613695763389,1.013397262419054,1.310266848488644,31.84245652217436,7.21250929100218,.7300721952255231
204,1,0,10.01395866557009,.751054320096959,1.674957291953403,26.19524448638881,7.060836644046168,1.627060982745516
205,1,0,10.3244732602228,1.136047248368434,1.392444554996977,30.00936213678242,6.751904547099835,1.106520426267872
206,1,0,10.01623411430377,.7757081716208871,1.394725429116937,29.48651382475103,7.245907474320491,.9607611969565386
207,1,0,10.13046064566753,1.131291701569908,1.558947533517761,26.58669171907669,6.450604142774337,1.353927728845244
208,1,0,10.0519391964283,.6954780155238692,1.631966227135905,29.1741086272022,7.498083558809885,1.43709798888681
209,1,0,10.06832349864674,1.205933615770034,1.535397779571953,26.61151443921872,6.405113938438816,1.448133770827549
210,1,0,10.27398123740325,1.206359980355997,1.287084829301722,30.78029438151014,6.972121100826302,.8204394530402719
211,1,0,10.000425349405,.8622288974656885,1.651275693103892,28.8449855300125,7.120622915657793,1.468720067983213
212,1,1,10.08841772267396,1.08455387079885,1.489230136638632,30.01743139652306,6.915760548783183,1.348674604733009
213,1,0,10.16484602539902,1.207589073119611,1.488771510393598,29.84692063831943,6.857184527616701,1.322485433418024
214,1,0,10.17359737247303,1.052987291949223,1.460437040940108,28.51300241684119,6.598944071492927,1.332513869126469
215,1,0,10.01677484882685,.8948892005371916,1.461513493987861,26.2713549864854,6.721909830787082,1.28745342677737
216,1,0,10.19211467617584,1.184373699392975,1.680312819370782,32.22999187909676,6.838921253790416,1.673350186171144
217,1,0,10.00995177458254,.8149327432196523,1.567388457848187,30.16623272481931,7.3079872996578,1.3664045478858
218,1,0,10.1107912073619,1.178451405230934,1.614007003123764,32.33418234266738,6.824667217759914,1.397004484829914
219,1,0,10.00703665470461,.6940502333373972,1.471430560857207,27.20423816236158,7.291564606046463,1.285892317745873
220,1,0,10.01894165180364,.8465290151870714,1.500528276799709,28.9673217042049,7.18798629954736,1.38634998037697
221,1,0,10.08347611406272,1.225322643763168,1.488940367790952,28.32884088838956,6.443213683270845,1.352378972322638
222,1,0,10.04828656592712,.9934112734653564,1.535771287009736,27.47772340453216,6.868874528061854,1.232171786138375
223,1,0,10.23870731283044,1.12566232963022,1.614902026055547,30.90103863949768,6.818969628438056,1.573351861829639
224,1,1,10.35138672234864,1.275278051427396,1.5249083974622,26.87576051476357,6.096944340545454,1.372547534885621
225,1,1,10.01291095795862,1.008105314323831,1.466245471548195,28.41346868921603,7.129852354306534,1.290772830267183
226,1,0,10.04345044238337,1.131917973562236,1.600705160747051,27.08981582804501,6.384009828253776,1.46204400288246
227,1,0,10.00045040474664,.6653066476683472,1.37568245876057,30.66478092365774,7.811123568073786,1.089928881878559
228,1,0,10.06380097691875,1.096012550269875,1.694797164383875,31.10343326409489,7.008435608705276,1.706603882979151
229,1,0,10.00105745956639,.7185109189075145,1.421447972929266,31.58979237104711,7.530309525161423,1.220575248313464
230,1,0,10.04677459185456,1.088886458719382,1.361260435035672,33.10996429723224,7.12671531071173,1.046959317452483
231,1,0,10.18664948167041,.9967957586005305,1.452414352894678,30.70053864543975,6.851837087223785,1.172477824980492
232,1,0,10.02071591465056,.9381742042167135,1.636241053943626,25.59015402306746,6.619510064945778,1.722480672370852
233,1,0,10.00713075564654,.6774247413227668,1.473210654465353,27.07761963538489,7.333703667523737,1.39999335414629
234,1,0,10.01178594843567,1.038714713864607,1.409892122052882,25.74673274087675,6.447968744332546,1.160720673643642
235,1,0,10.01885881991958,.8059547621140762,1.45248596950864,28.86176175534164,7.216185717719119,1.342125818409102
236,1,0,10.05303424500812,.9338436361783475,1.387553205436985,29.77012013444485,7.098450610848744,1.231886934181296
237,1,0,10.11586976205878,.8876119672165045,1.348415376777253,28.73791762010487,7.1656158247674,1.119383807829257
238,1,0,10.07144225388046,.6544877662800064,1.552724879259673,31.22606807416009,7.522627101942721,1.614539262823339
239,1,0,10.0034305520505,.9134152830913507,1.443997135416319,32.10059348047243,7.438674299533287,1.25425909608769
240,1,0,10.14108610337833,1.084359655256942,1.632689047759558,25.81118489102757,6.471830774626465,1.513759855686507
241,1,0,10.09861497269352,1.069876027416669,1.428820826597309,31.54814518259965,7.042712878174523,1.182855065939906
242,1,0,10.03032765037914,.9363288212358417,1.476102833341756,30.27148985452851,7.306668392701003,1.233875227603151
243,1,0,10.054226322754,.8983984455992665,1.628518846921266,26.61089273222516,6.781497278439999,1.521451070895161
244,1,1,10.07374000293048,1.1145947488302,1.712012920042917,29.88068174282638,6.612707453136566,1.798297107452631
245,1,0,10.03498862216789,.5759437160199732,1.528911060779907,25.38171828493384,7.458258200617656,1.314292110330193
246,1,0,10.26777285228599,1.342487469838493,1.524789978820753,26.72144956246251,5.979527079202728,1.350628895580391
247,1,0,10.0006796296695,.7899684360396551,1.587275903696307,28.15331494019845,7.321449832438478,1.483296472339127
248,1,0,10.15581695426597,1.215766741201363,1.45479182325026,30.76346426458083,6.563188950883341,1.287918209172223
249,1,0,10.00722814009044,.9129334108537245,1.667071735618854,26.14945478099624,6.926115537994446,1.476669697167945
250,1,0,10.09611515052269,1.015793157165086,1.541061902409853,26.10867840381548,6.468336951285907,1.425901958022471
251,1,0,10.07241701550519,1.040605793538955,1.568446718998299,26.89345550928781,6.644089283317932,1.446835520055471
252,1,0,10.00377358973264,.8129018314730283,1.430804547702536,28.85995102142223,7.389597917735073,1.238724311009118
253,1,0,10.38970281118394,1.493161752496411,1.487929386652157,25.23260207263542,5.816657672984535,1.163739975884803
254,1,1,10.12778121880609,1.247766640432384,1.479841554643104,32.31630415166035,6.943746135992311,1.150587993996256
255,1,0,10.10476854564176,1.159021670564078,1.606611861826404,29.07363547674039,6.734143458136325,1.452870370794474
256,1,1,10.238124950072,1.332173400503008,1.665942014902446,27.78520158942266,6.500523181139203,1.490858981910314
257,1,0,10.02575346268468,1.143933060989587,1.66769883405394,31.17379095881121,6.623982820577627,1.778041451132444
258,1,0,10.10774157020268,1.283330001207903,1.568054950077269,27.68834785666644,6.245144253824393,1.40900037387777
259,1,0,10.03359927753218,.998929910142336,1.514973833539777,27.27091994229624,6.734129608921074,1.282081000922536
260,1,1,10.02352413893612,1.014780391719367,1.701226450685897,26.18295799073739,6.711317108752806,1.836195342002688
261,1,0,10.16361598484427,1.275495335458224,1.57266226974094,28.4165133049576,6.356040976196182,1.433423778939206
262,1,0,10.00067163655796,.7404937397185243,1.26784538574004,30.87837809798479,7.394260923054472,.9990689012124394
263,1,0,10.11648239861986,1.100819501112263,1.36641481769378,27.91487053972844,6.527833758025927,1.203184686802501
264,1,0,10.06039414636772,.943997237058899,1.409684524750558,26.1117909034417,6.697270576784962,1.043321153793033
265,1,1,10.1523753527847,.948507134587705,1.280288966741251,29.14544005418919,7.05322028375653,.7384149382871157
266,1,0,10.01426937093845,.8948986448952192,1.712033039861616,28.77087790188492,7.263357104784522,1.79060784119015
267,1,0,10.13895511011123,1.04841090443621,1.41186967634684,29.11288438113253,6.961543202302612,1.27148650077029
268,1,0,10.13180810137661,1.190465112819643,1.446423630687024,26.90240156999398,6.344689115951032,1.132063587174417
269,1,1,10.0039724935981,.7988698851717175,1.400702747192586,27.61921559544914,7.113698878801428,1.128788003947841
270,1,0,10.0985978193967,.8443030880395973,1.448228646994762,28.11555373333356,7.114385620480078,1.097677976262064
271,1,0,10.17925946421804,1.292852235050806,1.793119174464703,27.16165493690567,6.22659356997012,2.0290873641206
272,1,0,10.01078247834814,1.00338766500728,1.626086826083698,25.33477796720569,6.59804397783713,1.43401177264583
273,1,0,10.02372784866816,.7792117127194007,1.527511773171396,30.03398011444151,7.290394550983781,1.504365909845917
274,1,0,10.05953058354301,.8533173359488284,1.529602496909822,29.23630984116934,7.291001240068171,1.575312669233939
275,1,0,10.02946020010469,.8914879057080596,1.622865353402656,30.40633470827189,7.113649534840376,1.756761563322746
276,1,0,10.06666326593978,.9298792168259352,1.553720426553331,30.55292869158512,7.119882632766927,1.398794191825846
277,1,0,10.04180319816282,1.076999069290607,1.450019811906935,29.78440003386147,6.921011622224759,1.140951218088229
278,1,1,10.08624551193745,.7661701638039209,1.477774918151344,33.00719916836213,7.671380981708959,1.312921759718828
279,1,0,10.090300997588,.8595894322670546,1.355119088470712,27.16991850799984,7.091830820661618,1.086273412433759
280,1,0,10.30190484180492,1.136606247391764,1.44083872271203,29.75025099871809,6.649340546259019,1.115090121176879
281,1,0,10.16146425246117,1.20038035027389,1.461877290706457,30.92041543691811,6.769652934760908,1.286433506919674
282,1,0,10.00007483972286,.9589927883429986,1.498246055257608,28.65646167448365,7.116998112337614,1.48994834321589
283,1,0,10.00780106230114,.6316569623124745,1.367586404764861,28.02743421020714,7.48457886700244,.8753921563829647
284,1,0,10.12437612934523,.9847951498762579,1.235165740851992,26.1995969689789,6.630986933572064,.9536006056832012
285,1,0,10.11242019193649,1.05074997144282,1.418925483673797,27.57682974547367,6.773261827826457,.9966102097485608
286,1,0,10.06199915620563,1.056163931161603,1.557938301437255,29.11815083887645,6.876021482950596,1.524617917418718
287,1,0,10.20577187505864,1.277241347709599,1.39149608493075,27.1258051950957,6.254959135028042,1.174062724688272
288,1,0,10.06367535442891,.9893921870261178,1.536298541106149,28.08732164928506,6.880684701078392,1.410044652052634
289,1,0,10.0612947027259,1.059640329501792,1.580473692474166,29.08309184226296,6.850111174374481,1.546872808536073
290,1,0,10.15597347946481,.9873589936124259,1.374575043465906,32.98523096693305,7.235867911209215,.9435101618924129
291,1,0,10.16598116288347,1.244073227949688,1.344578675598175,29.3010764875828,6.454603126258831,.8708129652464587
292,1,1,10.03758682593812,.8576791668622693,1.490147395075247,31.06041172476324,7.426450126447846,1.234797119825464
293,1,0,10.03403268792426,.8188312045583055,1.476768994068869,31.66438697466409,7.275654469851742,1.120650475447712
294,1,0,10.03354895195941,1.108397255781352,1.51966883080024,27.79383979535275,6.729518520592185,1.355831911345692
295,1,0,10.05193468422388,.9384655858945137,1.542485038725729,28.67116398562032,6.914511088991023,1.175640101974215
296,1,0,10.26140740145902,1.239763929169757,1.513057122912662,29.18968334970107,6.60343464698172,1.328277225838983
297,1,0,10.01714628358611,1.072910369349799,1.634312301750131,30.48676681963176,7.103255782057514,1.635616147714273
298,1,0,10.01148591708274,.9112461565865936,1.464833087807328,33.24075652619457,7.386745591325807,1.266549839007231
299,1,0,10.2783924245872,1.015657759962061,1.521167991913272,28.77171615806583,6.863465023004756,1.286017547563812
300,1,0,10.02226539202483,1.180848334403934,1.482233487298519,27.36772480478195,6.346472467154767,1.17332430223209
301,1,0,10.35844412874429,1.354069998043109,1.456688231740418,27.03165374918505,6.090332241174555,1.339305771901257
302,1,0,10.10685192417581,1.191464488451988,1.598266292634637,28.19363997049731,6.409171657538635,1.360010004548523
303,1,0,10.07660774290887,1.144498005337263,1.599276479125338,30.82313702378347,6.79212911826971,1.657772345493152
304,1,0,10.22431945907329,1.112133420362136,1.509000177935123,28.39424147861346,6.636315112385976,1.278949306375241
305,1,0,10.07387903832914,.99581326163857,1.534444044746659,29.88324435929021,7.015485981949805,1.439551157995736
306,1,0,10.00557492790367,.9866786577679029,1.488400165374279,30.52437565921228,6.956752517520789,1.269549256912464
307,1,0,10.02896616606612,.8200052566693998,1.507234301227825,27.81545206868921,7.254453855065263,1.341155592001843
308,1,0,10.05846016902733,.975571104436442,1.552033496853417,28.49519564438414,6.845929829838848,1.213342878014881
309,1,0,10.0336084057716,1.107378774295771,1.437418674226477,27.44404653845181,6.523592814403766,1.218407687276647
310,1,0,10.13103332148459,.9975499584671157,1.495327827909562,28.98182052657149,7.073684299463713,1.213981250619879
311,1,0,10.13854615934621,1.189952764848518,1.559904712415466,27.431190379453,6.490726065172613,1.347995417025418
312,1,0,10.17314723784785,1.18403297977826,1.487635448316228,32.5372225079707,6.712866564192224,1.418126974241155
313,1,0,10.44930768937718,1.184733064252188,1.291747731589499,25.56992131158434,6.423722238840858,.8819847735305966
314,1,0,10.19478888741963,1.045630704528395,1.422520427303809,29.78388329056218,6.893889521234082,1.018276876800053
315,1,0,10.07695762574868,.9692739106442523,1.540633543819545,30.34280529983149,6.729780940337346,1.416769201397921
316,1,0,10.02844253713268,.908315011739959,1.531071454316142,29.92353948469369,7.288934667252442,1.232793406580825
317,1,0,10.30840008437245,1.368310157395779,1.442913619743205,29.74076978922979,6.326213824040409,1.072543328729367
318,1,0,10.09414485158444,1.083497132507788,1.37824095249215,32.62822309447529,6.869362536699835,1.051410992476256
319,1,0,10.06039245572565,1.069954252720931,1.666035906793614,26.0253121963483,6.515237148855571,1.745940021564593
320,1,0,10.02047623572686,.9387865340928003,1.607454827375562,31.63440480654489,7.251113166594457,1.475249953423534
321,1,0,10.06158600964321,1.068024623175048,1.698839351955675,29.21391561460269,6.996334570763722,1.668352059403414
322,1,0,10.16098555249393,1.171384156327037,1.410252763798538,29.95350345939556,6.685910178461376,1.01018040213829
323,1,0,10.06455641452295,.9383137226678557,1.512995248203364,27.29059252555108,6.956473637982848,1.334336126774578
324,1,0,10.29716998397156,1.496289588772284,1.710184186198477,29.50966248247753,6.242659984457862,1.738317927591835
325,1,0,10.0011447977534,.7475101324401785,1.491901222680648,29.86894061820649,7.406499762905503,1.323873258111697
326,1,0,10.12480192805231,1.08319641007313,1.506428383642796,28.79223749858923,6.58477863713849,1.301892040546068
327,1,0,10.07655544303457,.9436701658700972,1.415252136103582,23.9435474759012,6.56871261043108,1.086889129340488
328,1,0,10.02080416076514,.8705660255939113,1.523172208709594,29.24514154956273,7.043890580347091,1.137474316623224
329,1,0,10.32239072166189,1.068770712659404,1.372268084592113,33.75553470227097,6.923642562616743,1.151880790701872
330,1,0,10.00519082118626,.7705182969785656,1.596364827415382,26.85794905432026,7.043588184560186,1.298630230853121
331,1,0,10.00091981981963,.7813341225509856,1.33385108402031,29.18943472144556,7.029875330343543,.9043798160586565
332,1,0,10.03266107966032,.9798588954999282,1.345611609670595,30.16216897295263,6.940095244379665,.9559057635106342
333,1,0,10.35055143838729,1.329147466658237,1.283060125195099,29.58805537787863,6.415270203301685,.9062562593558671
334,1,0,10.03012555368484,.8988810961889373,1.60503340638748,32.80087176127837,7.541795351951029,1.555990885860041
335,1,0,10.03607346774869,.8801698777391953,1.501008742905587,32.17461919221598,7.219906486350742,1.22958957363308
336,1,0,10.03412891651777,1.201449668751778,1.508167189688957,29.34838412834837,6.80873885312208,1.269753400321873
337,1,0,10.07790043183675,.9786916747907488,1.316613240137874,33.46316404572811,7.409904777695624,1.024893138130239
338,1,0,10.03779945692657,1.065417562929756,1.477611905832293,27.695074820287,6.630874365965237,1.15569989588628
339,1,0,10.12494735116698,1.163322703055144,1.518550986786605,28.87742215696939,6.578585846366037,1.273598220977211
340,1,0,10.00002011684195,.8275671666932342,1.5974792372061,29.31341420673186,7.240852517176057,1.579968847870795
341,1,0,10.01148410758281,.9465216183729885,1.488101253276606,27.58209633986264,6.966549657539344,1.268895509205918
342,1,0,10.11705941258646,.8063307241704365,1.14681074142189,29.49004663015134,7.331430464212059,.7514275640165248
343,1,0,10.0207128932397,.8380968928421206,1.444887415327341,28.86889042231069,7.356171185548981,1.083882787041938
344,1,0,10.02750379410797,.9552715736801833,1.549269533125407,29.04198443037602,7.004038742547122,1.492774529102628
345,1,0,10.34401728151251,1.467243072347925,1.543497928379825,27.74892257140931,6.005408058950057,1.46177169559949
346,1,0,10.00460028427958,.9698260083126286,1.46594604217822,29.33593530536002,7.049740124599253,1.214953904709292
347,1,0,10.03578951338893,.7225385640953335,1.359494888741926,25.94445906624678,7.256537293647914,.8922458161881561
348,1,0,10.13088846079216,1.147529735513898,1.539820381117869,24.02636998337216,6.100031165950929,1.556290480731471
349,1,0,10.12406460351274,.8974421974888884,1.300162917364105,29.47396152789404,7.066262783579199,.9596452138354682
350,1,0,10.01066913507714,.9963791883328175,1.427278987789558,28.98937506651185,6.787160812409948,1.215672980586298
351,1,0,10.11352479628185,1.195053970967348,1.390197549113659,27.57099924231892,6.363081811117436,.9276371416661142
352,1,0,10.03681471237092,.8716701794259478,1.435120584642905,28.6344845294361,7.079370379550414,1.172620473473137
353,1,0,10.0988906753601,.9587313834319974,1.417373717915681,27.44570121189238,6.797572633082858,1.080996425945809
354,1,0,10.02798394700982,.8485922465125021,1.495630057516873,27.49259754121149,7.112175176642546,1.260514505164018
355,1,0,10.10093558697154,1.020106571803937,1.410482990482002,32.8327082698757,7.180404619030974,1.171590121856158
356,1,0,10.1069049486497,1.026218005456929,1.331045458352014,27.75399466078809,6.64327341937832,1.062558017069834
357,1,0,10.07904106884616,1.16886322602612,1.502092911311029,29.25886151646658,6.472948915877661,1.424302822890529
358,1,0,10.48416721959749,1.289688866671805,1.381860468850288,30.81752608883272,6.771038521091277,1.184120142550614
359,1,0,10.00190683438978,.8533229874982805,1.514980376181081,29.30959498016272,7.13086885560041,1.476061340320456
360,1,1,10.25107236426434,1.309421924095818,1.46716397355714,30.99103970304938,6.537364610489005,1.187113059503311
361,1,0,10.08282815856795,1.029926649049173,1.559091487656485,26.22878608582081,6.589336364951291,1.46190678702884
362,1,1,10.00583959139936,.9321818489854583,1.505435138305929,27.36959515491222,6.866097107029848,1.369360123709338
363,1,0,10.18841320121988,1.116412208838297,1.581983086469583,24.83615917354645,6.129831322280622,1.602990794307924
364,1,0,10.52862892472941,1.305352163515137,1.327199069580084,28.96768915516716,6.280539093881227,1.087147127465897
365,1,0,10.00056901871667,.7569981038082592,1.426506531849905,28.3476291799535,7.170688041520362,1.223714987817491
366,1,0,10.01792476520465,.7278835609506424,1.518865951017266,28.64302807130799,7.272012965624846,1.382260392802675
367,1,0,10.11940168323582,1.186843478751756,1.556779018342086,28.57848146161958,6.391105394486198,1.507961314007677
368,1,0,10.00212608284944,.8420672211716776,1.509815655314886,27.85602771179826,7.081162910263246,1.272976038148486
369,1,0,10.05897733393105,1.034442557310022,1.563185810422712,26.99252225785644,6.642219522293477,1.344241135103777
370,1,0,10.12093240689177,1.151906750566695,1.526997678652593,29.38793595538925,6.660774163624332,1.273695299066793
371,1,0,10.02448724802172,.9050249356522224,1.498319684720036,28.47165825460971,6.919763408886461,1.26767484839498
372,1,0,10.10347841590312,1.142106266343277,1.45743989957416,28.16818560521045,6.605016041037425,1.112814574079497
373,1,0,10.30280230186436,1.40024339338977,1.358960467242166,30.12923210759201,6.311325723983385,1.128982438064401
374,1,0,10.26819853239188,1.172536861604817,1.302107302872817,33.54678029363629,6.858108057304219,.9893232809214596
375,1,0,10.07416529925916,.9545571322060131,1.264034789795582,27.16232841357364,6.965680871887454,.6923314667027692
376,1,0,10.00006813639739,.7676514660202121,1.54334432540849,29.33526017767778,7.376124495881753,1.389482148903625
377,1,0,10.37399714688429,1.183790646586565,1.5597645275475,27.71733942417109,6.491087853481802,1.540909459364035
378,1,1,10.19866343174566,1.28224439032843,1.489683596695142,32.9496434347655,6.82516914933917,1.260762750098636
379,1,0,10.08922063976719,1.073786050649938,1.47350213795464,29.25565524064448,6.706870022736844,1.392758058467003
380,1,0,10.03357195785226,.9639398662895212,1.66191486304336,30.11730898179428,7.152087463798601,1.707712537329585
381,1,0,10.12208240127684,.9786746910324388,1.464631264884905,28.48302484150584,7.050962740908023,1.09193119024166
382,1,0,10.09817965501564,1.149899293854943,1.605718273357458,29.55352655249324,6.559509880419577,1.361661358087201
383,1,0,10.05490455013621,.9780992944651115,1.490359545596323,25.88894800924942,6.805120566283158,1.244678442108478
384,1,0,10.46621020103182,1.353175176956167,1.466585873163594,30.33565129068654,6.473178480591639,1.158818034669163
385,1,0,10.27530783162743,1.273371879083427,1.624451187818348,27.1764768076473,6.202068742147341,1.374226499270013
386,1,0,10.01751958970477,.7700818316522935,1.470413373710816,28.81779211624246,7.216343115837986,1.448738917226728
387,1,0,10.24549322412567,1.144425151743204,1.424911162090947,28.68661750511277,6.64448189665879,1.00558542312661
388,1,0,10.04753707181584,1.058185781448256,1.485869038852174,31.04251407721887,6.891987033333049,1.270855398517686
389,1,0,10.00103711905388,.768351660851357,1.522472349072372,30.98549107311587,7.503497162933421,1.342778898220245
390,1,0,10.00197043156097,.9766240652130066,1.670557497774809,30.49365939630665,7.077387734964324,1.686372577963133
391,1,0,10.03050026011224,1.03143841054619,1.393381407681016,26.88954610903835,6.553846851864883,1.16557522417849
392,1,0,10.00814817267365,.9888946739028632,1.471830368740047,29.95608959382836,7.175129442002072,1.336147988668782
393,1,0,10.06296578342847,1.196060607178592,1.540601200803242,29.56159604187545,6.533692794253118,1.467176311800018
394,1,0,10.04018794443382,1.04205283625591,1.613942933562657,30.03003815349962,6.88832660901313,1.416267912346878
395,1,0,10.1417119868557,1.015696839807382,1.406189457829764,28.72674475977394,6.86702375697916,1.326442628500949
396,1,1,10.29890419211962,1.181575696363227,1.373312927826809,25.89411665219829,6.239073585556463,1.147690303076669
397,1,0,10.00057585981295,.7997506559106058,1.584519913421983,28.28722557054401,7.234512817109645,1.417794958901174
398,1,0,10.05411634866855,.9051869525902656,1.391960912134756,28.10610258193232,6.982129847285891,.9274596188918505
399,1,0,10.23846474576382,1.203510011541436,1.445671872071352,31.56375521335942,6.677637847934858,1.144812258394939
400,1,0,10.17146992116435,1.217517202730906,1.564874486876817,28.07050284714158,6.535247020474951,1.380086689679577
401,1,0,10.03112262126428,.8850192618112042,1.818475894204028,27.81856844592473,7.127826165819805,1.923747941782964
402,1,0,10.1065864943899,1.082408599853298,1.508773869941918,34.86410520247573,7.372423317900552,1.398210756523539
403,1,0,10.12536962066788,.8798303370829751,1.489204122002361,26.99422794834051,7.047173846490133,1.156814862460793
404,1,0,10.01516446627554,1.100164863334654,1.840137729198207,26.18493860515268,6.358624598606062,1.941101875150088
405,1,0,10.28941406063354,1.30232781049565,1.42640073955974,31.17290893651585,6.473488159902332,1.180896747070331
406,1,0,10.04444249510085,.9067376442590437,1.38744638081531,32.0683172450649,7.033231963748998,1.066351709062944
407,1,0,10.35364876340569,1.296414206003502,1.565715496684062,31.10245925625071,6.509133928009595,1.347025437279286
408,1,1,10.21221351865875,1.243042412813683,1.318388284119732,27.42207810581932,6.356934737484223,.9268631048998888
409,1,0,10.02443624799303,.9530314016356347,1.378531209656974,28.28268903444993,6.948177478445963,.8399096475120714
410,1,0,10.03567232159569,1.095020581844262,1.558857118432255,27.50298011243659,6.511238401575953,1.428506036583088
411,1,0,10.1869307697619,1.204881411903112,1.339080782310945,27.10372958510751,6.351454164804862,.9774262522984879
412,1,0,10.20632663765883,1.254748130584855,1.494397152847154,26.73664494389518,6.143189793600576,1.453806731610291
413,1,0,10.01708435398091,.9855982149649843,1.587436566134961,33.01251836074526,7.043086567797739,1.403361874767121
414,1,0,10.00023296588234,.7864306821969131,1.565598830290857,25.78246441674592,7.290468955293884,1.383910283529503
415,1,0,10.04832427524471,.9082553610377923,1.46354482905239,28.78364114216362,7.06126386577314,1.182738077708187
416,1,0,10.01962449348178,.6204012238445082,1.587833018891317,28.42198781074683,7.529594233316261,1.516328214895146
417,1,0,10.00439541242274,.9428847570306924,1.551220864536933,30.39271502424604,7.182991264335839,1.405664235904252
418,1,0,10.08970862611427,1.162902167142617,1.40306067312884,31.33159210914711,6.458554958836422,1.324849198066359
419,1,0,10.13808004772875,.8942418382728087,1.4987091217906,27.78122235460034,6.912246572525604,1.355031038056169
420,1,0,10.00157605431472,.7353020894075839,1.468851556548018,28.81193279684292,7.162473629416544,1.206930721103994
421,1,0,10.22737453354826,1.371103044727346,1.477862707599433,30.48456047790252,6.400109847378119,1.45375742007145
422,1,0,10.06745963428502,1.128608603019768,1.707042915283447,26.81446714265469,6.472544058005139,1.693681605690583
423,1,0,10.0036688290517,.6813757039622523,1.5600539122815,28.82881377500332,7.484403154805298,1.275907976277691
424,1,0,10.00000929886493,.8436643711115956,1.578979989560404,29.51831090518154,7.108543998596026,1.51345791731134
425,1,0,10.44803237658875,1.324722644054296,1.604340422239398,32.23211235892555,6.57383287137339,1.578599300030463
426,1,0,10.03630013931318,.8776567910036699,1.309731106244322,30.45451163030561,7.322783858500388,.8344273895289045
427,1,0,10.31406453099713,1.390966435328987,1.589892410947229,25.53103357687291,5.752261616376092,1.356576791742711
428,1,0,10.70961604933573,1.652243175870135,1.627583876297059,26.58478888810074,5.815122476939719,1.600263029524392
429,1,0,10.10413514951736,1.149985388010135,1.529415282693244,28.02862594055527,6.436366214646469,1.393606225253339
430,1,0,10.01229716413375,.8810002282318543,1.485839338312487,28.12577660738966,7.180511268972746,1.274295672128792
431,1,0,10.02863506044493,.9568526382593455,1.605858832195969,27.93595863601314,6.98090386037576,1.535733783224378
432,1,0,10.14809357679871,1.202248296945168,1.496155493221255,26.33233276164439,6.135783826907702,1.351917514162114
433,1,0,10.00786669525272,.6917470672638371,1.545877782123488,27.58980234191044,7.369403725924688,1.329948431968391
434,1,0,10.4264148989453,1.270453454680383,1.433421633235746,24.21671563977836,5.982202545877173,1.126548459916057
435,1,0,10.29076023044432,1.061558229699628,1.558818758969962,28.33449027178288,6.607551099251945,1.488298476939973
436,1,0,10.0005385294792,.7887356845218331,1.524040426615213,28.02894808025773,7.189407550982367,1.346685873966857
437,1,0,10.16616684765166,1.040374188864489,1.430378995032195,25.32267424840675,6.397438989940747,1.154698844026703
438,1,0,10.00042700639239,.8838623170531558,1.384880639238772,25.37418553417647,6.635976917881679,1.268671205796814
439,1,0,10.26996770984601,1.143723104314791,1.45854748130132,26.15247363189799,6.359738478495305,1.112392549479843
440,1,1,10.00679897750881,.9649353962953739,1.461093138841187,29.0288213056261,7.071114410920626,1.18732866655121
441,1,0,10.14753452803173,1.107784773249134,1.353536249185551,28.10214802130475,6.494489597071882,.8845037564234013
442,1,0,10.08018436919137,.5946767161380313,1.649597801380106,30.81511156877038,7.831289127492751,1.647385357402832
443,1,0,10.08037238066421,.9058082011899637,1.59763446507629,32.0231341879316,7.38630520514278,1.536015275190887
444,1,0,10.02112056492057,.9014362602323582,1.355714199178644,26.80630023322713,7.068209501276613,1.038091649994884
445,1,0,10.00495602492136,.7878346865806879,1.404107477289719,28.44106953312097,7.252828791634505,1.126324090998565
446,1,0,10.00121321564254,.670472379030953,1.380255448866295,29.53560503230149,7.420804927749122,1.243538835974524
447,1,1,10.08343775020764,1.096051729819662,1.344374806087031,29.81527085789723,7.113418474870777,.8601951907077194
448,1,0,10.06564695203425,1.091261264151016,1.597071145844847,29.93752520244664,6.662100453021452,1.679579478265903
449,1,0,10.03741345887596,.9476406002522428,1.517178938303408,30.38462866397081,7.310508927663419,1.418716297325639
450,1,1,10.00100068082099,.7313810825767308,1.454302113757546,25.76746574258542,6.95045641039162,1.006678180946571
451,1,0,10.12649958481144,.9260291086877219,1.403861688080134,31.26837762597498,7.160868322401519,1.186026031137578
452,1,0,10.04240451177155,1.065495949602626,1.545732163948893,33.02005805380475,7.26516120950489,1.227644504517615
453,1,0,10.02526617993051,.9778122401783365,1.664370582580333,28.02626824990138,6.758990024500473,1.544365072934913
454,1,0,10.05726861987807,.6503828388150915,1.744220377027815,28.18252569541831,7.282814048002729,1.780142015827071
455,1,0,10.15860952088733,1.096545008090212,1.555955215440561,27.95024100700311,6.900466731569782,1.34381040193466
456,1,0,10.03991925505676,1.121252293197061,1.603455748765967,30.12390167477921,6.664376659557579,1.511891141990963
457,1,0,10.00493000657789,.7217669345378895,1.428127585747812,29.50599734082618,7.286181809847672,1.436776147970576
458,1,0,10.00193951010527,.8781612059134299,1.607369346738128,31.45328701259025,7.44160025711855,1.556905188699601
459,1,0,10.06792850103739,.9852621289097302,1.473823467948686,31.68973665840471,7.190598549340839,1.273860228760906
460,1,0,10.04301355162707,.9867017068163707,1.509089383829902,26.92925803262018,6.826752913763777,1.358668052433412
461,1,0,10.0988520813891,1.160198733978177,1.385473888643952,30.4948799272167,6.739749305939794,1.178582077821245
462,1,0,10.03778816124738,1.023540360620043,1.541152905468147,24.60261741066785,6.436143736709849,1.524196131792385
463,1,0,10.10864532788569,1.085609706691625,1.511630474447816,30.40394493261611,6.674613757398824,1.272771712791392
464,1,0,10.14243052873034,1.359562017269211,1.561340474677581,31.63556032704416,6.429832353638109,1.43852652168334
465,1,0,10.00020936358591,.7770166296815166,1.617422399475286,29.74955834603612,7.51532089128592,1.433549961525597
466,1,1,10.13617428164864,1.252534365244111,1.566648534619747,30.11319978480725,6.563593901472326,1.415774747296062
467,1,0,10.22997113572394,1.264632500440874,1.406554258299366,29.63971684591027,6.441326442907759,1.203685197048832
468,1,0,10.01195549715088,.5354700986294378,1.300796602305499,27.57853230377242,7.813443488069304,.9834408687770684
469,1,0,10.07333972381135,1.051585843508742,1.461311643735227,31.02172460913552,7.006870384488631,1.138440150566604
470,1,0,10.14339792435942,1.045372279107983,1.494572119058624,29.05505187887347,7.079070392148244,1.218213403210719
471,1,0,10.00015211141424,.7102083630135855,1.486186158190619,29.17970163962497,7.443383284524315,1.292105840046132
472,1,0,10.1037699993247,1.167022212962504,1.566267262474192,31.17077876171662,6.567056985666375,1.380057569625155
473,1,0,10.15390451145307,1.215953040255189,1.416892663330541,29.06269989191008,6.443240925910454,1.22634556014907
474,1,0,10.24398742741231,1.297786402301051,1.408976431648555,28.50080271263048,6.353796904280895,1.211084401511295
475,1,0,10.17240264499111,1.114073145197158,1.423483224934049,29.9005598457817,6.759596518395711,1.27293223261979
476,1,0,10.11360784075379,.9925606006615155,1.361012873243091,31.67266498984252,7.163685239932636,1.037772942962726
477,1,0,10.06602092329627,1.143541151902687,1.457391379268766,30.0695304356311,6.633134643100017,1.316349398199248
478,1,0,10.11758655198728,.9560415293859247,1.558824374624337,30.89637526439509,7.243404890591309,1.507866998836088
479,1,0,10.01608309089421,1.015168031067086,1.591210195423105,28.1409245835868,6.855543883132738,1.529779350829032
480,1,0,10.09910771336245,.9180028179665696,1.47057347218775,28.70804621864128,7.405099753280716,1.173190469077803
481,1,0,10.00420917137153,.8322827994276186,1.565882526239489,27.8396729487766,7.07881163979327,1.420077150109047
482,1,0,10.11642215821985,1.018727121690531,1.564286685617895,27.05880599374916,6.65540651182151,1.547573241102338
483,1,0,10.19167358425891,1.267971455788629,1.437217623469313,28.79750857158156,6.346267588433972,1.275226421751723
484,1,0,10.12445485325185,1.125404221145356,1.446815702409865,27.2244570814665,6.507957205505788,1.353783441297154
485,1,0,10.26908424993222,1.178333353242591,1.50317195361518,29.31492314977465,6.63229486234487,1.253923490706607
486,1,0,10.04276335567421,.8298075713803856,1.536047140294905,27.24617349198965,7.038109927388289,1.381925992366454
487,1,0,10.10968160468584,1.083046526850951,1.405861709158499,32.59178091889243,7.026915296039855,1.036141590922125
488,1,0,10.0066554213602,.8404515603164936,1.621904360894207,26.51527924035909,6.956866551724953,1.503205271177845
489,1,0,10.13175323591059,1.145014801000553,1.397085898477628,32.44466008366746,6.679582155095093,1.107671002173669
490,1,0,10.06005202063502,1.035443821955074,1.710013338867632,28.64194933425257,6.784420037079212,1.814278140794452
491,1,0,10.21552845573278,1.17615175920988,1.39418898484027,25.81358929106958,6.513184898946569,1.180237281471804
492,1,0,10.00239775103923,.8209876168519921,1.451385584902642,28.18940719799418,7.311431570310014,1.32353930326668
493,1,0,10.02699221976639,.8699903798760817,1.535813343459367,28.05527662200588,6.987866633744313,1.278803201427001
494,1,0,10.06775297171885,1.053398861615298,1.680981888169257,31.70257290945697,6.989437660031746,1.773202523307196
495,1,0,10.00490127258984,.7602328565861346,1.600751787286769,28.70123873929876,7.324144981208908,1.351037945752541
496,1,0,10.01796437739566,.8811914870185122,1.56847793568077,27.75056981507189,7.151609747306696,1.4445232167489
497,1,0,10.03599394829216,1.034381289532034,1.531741996354682,28.92317196996419,6.771599674228384,1.368424648442516
498,1,0,10.09043207526714,1.235043705047826,1.415968535187147,27.69591329389444,6.324219131667222,.9419560350710909
499,1,0,10.04573821785531,.9951609807798426,1.584690416586318,29.6134828603948,6.784944437211987,1.666780190309983
500,1,0,10.07120972386915,.3901071829948584,1.484802999698674,26.25320473429658,7.912326621088615,1.052852599083064
501,1,0,10.10570182103122,.953066799587278,1.400700927212353,28.52180061474666,6.839242614613179,.8741672331448067
502,1,1,10.00136394197513,.881787494025656,1.452695678099487,28.80079125415554,7.171365198972881,1.154264235738317
503,1,0,10.04556407206401,.6975432713928233,1.569270298538305,31.24265386598902,7.715231880822502,1.455661162291914
504,1,0,10.00434279022992,.7072785321090682,1.54396863636887,27.10049555766927,7.184521060828633,1.311757197314694
505,1,0,10.02544207945424,1.004253374075873,1.52965487682642,28.10869441453082,6.631551166065266,1.266261157215467
506,1,0,10.05053047698676,.99746762745496,1.488846699777714,28.24523238526236,6.997675058645447,1.280457990981733
507,1,0,10.24798480024175,1.242513987319945,1.392567900033591,27.9622561962771,6.494066825074483,1.115732565637207
508,1,0,10.54661576073463,1.608454517357677,1.469062787906933,26.34206726531616,5.677205980220775,1.196579167273932
509,1,0,10.07601014394108,1.150874543162235,1.412381252080018,26.87835895020739,6.506940278174921,1.255134263305976
510,1,0,10.33970871648689,1.233682618649795,1.318336935268115,26.89733747798979,6.382369782661321,1.131815824535582
511,1,1,10.28091482392996,1.364584928782286,1.440001881071227,26.70081571847832,6.054322887183462,1.435543628101048
512,1,0,10.00130515201136,.7981795045448704,1.600970200577254,30.26396042345617,7.268359467284751,1.574686274333851
513,1,0,10.18190676274497,1.057208831370245,1.477492914825528,30.87663798242553,6.978665201622183,1.060051048397624
514,1,0,10.00219311532175,.8991097635508162,1.730760923788897,27.38334350345016,7.058030891162541,1.667388491749989
515,1,0,10.13762983411772,1.088243782639722,1.35043255732933,29.25387154703909,6.806404581904759,.8540822235289094
516,1,0,10.04228663055043,.9886204144772712,1.440655610441616,28.20108649638587,6.668457121042648,1.342562713910366
517,1,0,10.13735379419737,1.265249201361001,1.63421915038799,29.56769612397428,6.592525695955966,1.382796451370883
518,1,0,10.23814047052065,1.247099990111813,1.463481566177972,27.83631823724082,6.417824367192977,1.157974693464579
519,1,0,10.02083355478133,.9555601177585578,1.56980180668431,28.20751493622628,6.674812871671498,1.318618743181171
520,1,0,10.00295559022033,.8489462890626981,1.460175701380996,31.0036475152426,7.24958676111884,1.178460231923855
521,1,0,10.00358663926291,.8716291962408579,1.528749764057405,29.9322449983964,7.232542217398291,1.315982942363868
522,1,0,10.31939066731896,1.330274922709491,1.440686028250992,27.17234807053872,6.348341900150996,1.126395506483822
523,1,0,10.03237006106807,1.014212746501252,1.566202218911733,29.08970847936202,6.836023360379426,1.424237993745279
524,1,0,10.00000748667499,.9907651510323279,1.623520576839765,27.08048810341407,6.931159250503859,1.547793090588166
525,1,0,10.16481543638922,1.050604797232877,1.381625592640752,31.63458476110914,6.951647970030658,.977463733336602
526,1,1,10.35940681915386,1.442392263119534,1.55568021418291,29.3030460062599,5.974080207290268,1.385273640497112
527,1,0,10.07038828912018,.8466962660929723,1.360513128379955,27.11060162216921,7.121710982858665,1.070368423125867
528,1,0,10.04831064274773,1.032616781805949,1.480143977324423,29.75914037214515,6.706509246758772,1.331106432817745
529,1,0,10.02623113140512,.9380065144538453,1.439721343263897,26.99925877588536,6.768905578539411,1.130007375123729
530,1,0,10.18459219456124,1.171117224236861,1.310775573350194,30.24544209364918,6.654234178473336,1.003363870341826
531,1,0,10.0000079338448,.6753385352651815,1.601190179757592,28.65908658789469,7.381124458369899,1.412821210725991
532,1,0,10.00034068871347,.6665216664428231,1.544334219494031,25.37247133708411,7.230641595665016,1.238441767824015
533,1,0,10.21613570995207,1.282259160042473,1.564710868843543,28.4134170920215,6.224019614896208,1.324609034950909
534,1,0,10.75853810887704,1.477078109826063,1.267402611474616,27.11641809281484,5.947911413273944,.8289174681475231
535,1,0,10.28816933345183,1.286539995223998,1.483639132467448,28.36428486720294,6.397166696204152,1.020462966070521
536,1,1,10.11241999379662,1.086753691109814,1.470958852567895,28.08892010302928,6.721704705320752,1.217094298404046
537,1,0,10.35766670745133,1.294059383112837,1.346754741619206,26.95719452588083,6.406029685611452,.9443790510106539
538,1,0,10.07724112751733,1.11217763621532,1.443979037810458,27.17993656821312,6.497099249367941,1.119776790510256
539,1,0,10.03455833222676,.9318884922889962,1.63321588725738,30.23589777644984,7.207416000158899,1.681166057613617
540,1,0,10.20672528003967,1.153915056707702,1.653475809887466,26.56583042694114,6.343613725214726,1.753234833831138
541,1,0,10.06076877946638,1.125197653488501,1.537337121833841,30.21963004928477,6.669427672403446,1.438703926206368
542,1,0,10.02409489887132,.6556190620034954,1.743985589434633,27.05903401054304,7.455336947710006,1.590152645515886
543,1,0,10.01786067257517,.9911830396720934,1.546767526059182,31.7805233561419,7.207007788270476,1.425055067566923
544,1,0,10.00006124125956,.8096635608344791,1.405940251916962,30.16306784884847,7.383339907585973,1.089950112213001
545,1,0,10.01035083492212,.8709487156613664,1.431597545207537,29.05724421938842,6.935630579410928,1.312657236969874
546,1,0,10.30157782750576,1.261630553206477,1.594316779065839,26.81484019183793,6.179863435870862,1.393685047805132
547,1,0,10.17030422117273,1.094980196253009,1.270420439562843,28.77507243376352,6.745468930247112,.7593160440063699
548,1,0,10.00496837781465,.8950737096423911,1.613606161168541,30.68792247101882,7.244328451588223,1.67266409834474
549,1,0,10.06353186606604,1.036251629271701,1.573337353555676,28.1197347277391,6.475734563206409,1.613088164137142
550,1,0,10.00043951623772,.779641130345512,1.449244778682944,28.57242327857977,7.290466358121663,1.098227509824268
551,1,0,10.01361572399883,.6358907738372681,1.44242172701406,27.71318302668866,7.457841165106623,1.065853074767418
552,1,0,10.03440750814486,.9676385418826725,1.471918532019044,29.69779576810888,7.145540965276559,1.272620392434039
553,1,0,10.02865947915203,.8759420106911182,1.421416151391285,30.64743995424603,7.392689198602578,1.140316874110816
554,1,0,10.23851926405632,1.288398728142167,1.526310749246066,28.22576981953501,6.275977371809553,1.441526526942511
555,1,0,10.01557363282254,.8883960471940876,1.620879941758782,27.0955133155724,6.941213790241778,1.467625184239318
556,1,0,10.00110817339827,.7944715563557,1.47257064513908,29.70217385348914,7.301155837106484,1.167187304643592
557,1,0,10.00040849448833,.9989259457441262,1.713075586137463,27.54044335715226,6.579837687470387,1.757756499345191
558,1,0,10.16688610596327,1.267831137657851,1.538151731357164,26.72026179401238,6.163004493696512,1.314311396371469
559,1,0,10.21750037607439,1.291120700147771,1.556075138165254,29.97184970265733,6.485406789299174,1.509770311509356
560,1,0,10.00441416870441,.7492489301091734,1.508643962366322,28.47128850934771,7.416104615271878,1.314156291095958
561,1,0,10.03620707517273,.5926338967970743,1.596483118205208,28.03119173945334,7.604950073632434,1.514337132834905
562,1,0,10.08834248321995,1.07622975623542,1.552584123611801,27.72022057912714,6.599336604696326,1.375702976946379
563,1,0,10.16245064461165,1.1874465037134,1.437490827691203,28.8944764237717,6.487880791411991,1.079694211051594
564,1,0,10.01011631934072,.7914084551523566,1.607946773232756,30.45879457274388,7.28813966766956,1.529947298077374
565,1,1,10.11527628097564,1.027142308838571,1.43578554982479,28.85562797178057,6.653072100872275,1.314885637902386
566,1,0,10.09058618920283,1.140897279647404,1.600271195443104,28.11690734747554,6.530654890819838,1.674274296755428
567,1,0,10.0165902251662,.9250259464440121,1.552005982701965,31.21315943475813,7.229726090839556,1.410348405792042
568,1,0,10.0209359754189,.8585245872372652,1.485796549558362,28.22072026758189,7.071919869223626,1.227536788169925
569,1,0,10.00095831384722,.7964061405633159,1.574792042401914,31.75967341191411,7.772263281457061,1.604342212470359
570,1,0,10.01964360498257,.8078570301067907,1.450141800611906,28.69523532190318,7.134196700099653,1.222206763313544
571,1,0,10.08663492548718,1.201678910294897,1.517810437437954,29.30746537143151,6.48867961800353,1.243631719484176
572,1,0,10.18649161323542,1.211825593818008,1.513780851152011,27.99340422071918,6.379832056642653,1.310087875767892
573,1,0,10.00760628399288,.7350792329253494,1.486646765768227,27.95330367073217,7.273062677238629,1.424912979913699
574,1,0,10.41604769156636,1.3282912219967,1.369466079229913,26.88735903110036,6.151026065534372,.9694853643725526
575,1,0,10.03978999797745,.7878280583999002,1.358254520431019,27.52395160275826,7.254267934967411,1.025728501825769
576,1,0,10.09542110862911,1.045302483386384,1.322863175700153,30.01350786529962,6.837702491857748,.9072862021269447
577,1,0,10.10738462913537,1.07133052713984,1.559519641993282,28.32230185867155,6.742139663743239,1.430387058437171
578,1,0,10.09511763830012,1.057251525767952,1.455100906590976,31.15791323872083,6.943004728701275,1.372109644660982
579,1,1,10.02625229707091,1.007788163030485,1.39765389801228,29.92825264914317,7.125648769656332,1.098804191763442
580,1,0,10.00632745317428,.9451844534547588,1.54534893274894,26.47781475923317,6.593965462541594,1.556395891454849
581,1,0,10.13933135149556,1.088886832531919,1.454554213380915,30.5507324601797,6.892005378302247,1.068020689358994
582,1,0,10.0000708272312,.9455536660696904,1.591600256471221,29.15743525951293,6.894194765638125,1.449411525503497
583,1,0,10.00426533244925,1.014186728691523,1.535627585009167,27.30551963992652,6.635819917301092,1.427280670926428
584,1,0,10.03819290369259,1.042338806222305,1.541765754604905,29.63613060169814,6.739830236620167,1.403225831013728
585,1,0,10.01298833009571,1.126237434945261,1.522687104638813,29.41541629933122,6.935286017780017,1.277092873999568
586,1,0,10.01799784710392,.7947846530194729,1.53338689318876,27.47679065793075,7.133569158257679,1.371161359308711
587,1,0,10.13230587623874,1.121706571677149,1.401852862921119,30.97771888470102,6.851597163928907,1.070134573354573
588,1,0,10.00032080117546,.8960305251903427,1.51820565799448,29.64670154875575,7.289722370078298,1.280389012615483
589,1,0,10.06243308645437,.9844603298057892,1.356123232317825,28.01822741853683,6.861066426882285,1.153534684365626
590,1,0,10.01916529395289,.9242793937464364,1.495163628991201,31.18891053895462,7.413426637597695,1.20438493962824
591,1,0,10.0075793986306,1.035013692818563,1.565389411572023,28.79491629486786,6.99788272374956,1.397187303664167
592,1,0,10.12849806916271,1.189321199953639,1.451389098916346,28.96999172116018,6.530712294311735,1.191972869971173
593,1,0,10.09368174015942,.9863269409889985,1.376968956067486,31.20543934017302,7.148804711461058,1.125843722855993
594,1,0,10.00218320857765,.8155872181428442,1.53382855982286,26.68477784603691,6.947323401338403,1.48088340964091
595,1,0,10.10121306904252,.9786544375125957,1.207794805000785,29.05609637442755,6.837472616524561,.6581111410997726
596,1,0,10.0643719081843,.9501349242986122,1.566394455541805,28.65126347423002,6.722694650905991,1.313200338414754
597,1,0,10.30229403481179,1.19975951279,1.454663295046462,25.43508569358652,6.352498678544633,1.268574414861091
598,1,0,10.058160068472,.9433464059411119,1.499939026702522,26.67785205714347,6.90694599448276,1.303941018750987
599,1,0,10.14507604010325,1.019110950504497,1.312150273168833,25.57825182068756,6.509643006630289,.7559751133465844
600,1,0,10.00819619258745,.6337779807716288,1.413915560578371,26.57965936411248,7.492856276568504,1.17963915634813
601,1,0,10.02705664692943,1.002053760673383,1.535668348201804,28.37769865796736,6.681164936461957,1.493482888671215
602,1,0,10.0119442717957,.8924594503326242,1.397026188106929,28.44790682718034,7.001299640520421,1.055976479157936
603,1,0,10.001218235606,.690238586638084,1.469010964129126,26.53144357196492,7.348850574494693,1.100913148321217
604,1,0,10.03123049006934,.9317924373646249,1.522229956351004,26.66065803290788,7.063452040856818,1.35160948265635
605,1,0,10.05609514346411,.7931359197230049,1.465017014819801,28.63566775496162,7.067334902248571,1.16809494542697
606,1,0,10.01348496669932,1.070888593377235,1.623836662235101,28.70846551071206,6.654284425402436,1.570706112942361
607,1,0,10.0000794819217,.6141620214866277,1.452897096749087,25.86724417101906,7.335349586430599,1.130116485902918
608,1,0,10.02914991654384,.807356564982356,1.416873824297813,30.18101939172772,7.395941961770708,1.096612898086377
609,1,0,10.08657281748715,1.069363672826083,1.476671244244924,29.67365698574243,6.945516913921984,1.308116672344853
610,1,0,10.02512444932389,.9096823456635204,1.449164038863751,30.18254899356756,7.19853132257516,1.277949308780625
611,1,0,10.51533521469832,1.464831601677657,1.480147722395258,28.01090217882563,6.014132490739199,1.344084486790909
612,1,0,10.01431734721062,1.072551046830155,1.611549831837946,28.35625934640245,6.610680408783333,1.511479542379171
613,1,0,10.3519249940732,1.315905570088042,1.442820629395293,28.82644935676833,6.291568074367216,1.300908027369916
614,1,0,10.05034730974687,1.134759027810948,1.514647957201931,28.44890012924502,6.406225718807772,1.234077602065998
615,1,0,10.04929479522509,.9834437542186092,1.495557512608922,27.63985769644697,6.671490928818835,1.372853128498589
616,1,0,10.04283196206106,.9060927727391705,1.413932288369967,29.15383422906849,7.036775076867936,1.143250987263045
617,1,0,10.17179014839143,1.237131065836909,1.447385558397505,29.02188838139658,6.229597269463253,1.153589012071876
618,1,0,10.2632649809485,1.382547809036457,1.573484304526938,28.14741766940593,6.100133454274867,1.526796935349579
619,1,0,10.00486332054232,.9548931147706887,1.501192522932021,29.41913051985147,7.131626340737531,1.359154110988582
620,1,0,10.28925820886251,1.190712141219613,1.509859954586216,28.83111931615522,6.662937130153779,1.291344585475311
621,1,0,10.01130522686716,1.017247090301183,1.559139709463695,28.18582879378015,6.686420079281416,1.44309312586372
622,1,0,10.28807497882157,1.190319046511775,1.528406853780757,30.20370438513041,6.713175103411295,1.42947216351656
623,1,0,10.00183197216951,.7799644049330231,1.456728946528732,29.40794658183393,7.471261062234144,1.18843437672039
624,1,0,10.73654540782351,1.682055325239546,1.469610224261875,26.08509330953055,5.699555387707013,1.174207048805254
625,1,0,10.00403363418741,.9478476449828632,1.564722487085953,28.54110515016176,7.017419143513584,1.551350706095123
626,1,0,10.02878315816407,.8045430424775545,1.380045352786847,26.69019282820342,7.206278478458952,1.046346794472904
627,1,0,10.00540620697966,.9664549331115964,1.633052398861912,30.76508875775647,7.026536382917572,1.50090007199488
628,1,0,10.0863806591566,1.104976521457739,1.542906626996911,29.44692528122988,6.625344290763568,1.545088530816658
629,1,0,10.00564911160619,.770106275661843,1.634026744560838,31.08027193343139,7.636240654489912,1.614082350830947
630,1,0,10.10631209310837,1.156755018948652,1.50112797840984,30.61396556106541,6.782136514139656,1.212169418227811
631,1,0,10.00781746669278,1.060850114350613,1.46961977341338,27.24655662743325,6.63964787330597,1.133044768321362
632,1,0,10.47475384091192,1.360646035133767,1.410931173557172,28.24567607443221,6.22953563451108,1.121431835684491
633,1,0,10.06703814033959,1.028290927753595,1.413039168113444,30.76033120800661,6.919380381735062,1.021384499114478
634,1,0,10.02430951285227,.9276322628552578,1.701416246736992,25.1016644409213,6.562261786357367,1.49076183525976
635,1,0,10.00877389186692,.8315213672442838,1.521939728742486,28.83149869657288,6.983342868306422,1.312598833508626
636,1,0,10.07999333485234,1.042594095616799,1.427744931037036,28.12845729880793,6.708193594268131,1.218409605489899
637,1,0,10.03014767749526,1.080557690301699,1.562277045082342,27.74890840170907,6.651794799838298,1.368048715588185
638,1,0,10.00072411178515,1.105592829161617,1.775322753493804,25.95523161781495,6.431761055290892,1.827798275642102
639,1,0,10.03100327235398,1.061559914587737,1.603451801710579,27.98957035769287,6.693319955115465,1.436215820046024
640,1,0,10.06093611969192,.8724736474629284,1.47293966404895,27.74084572456525,7.077426240383412,1.147059737469998
641,1,0,10.19208764286813,1.251172431252318,1.50801630945597,31.12746654268989,6.529195187069191,1.324583221311019
642,1,1,10.12287590743227,1.051523074607788,1.583547440664979,30.87618914512495,7.186640366171075,1.400426522023012
643,1,0,10.01570562530394,1.027112374184621,1.586795461674665,30.40096077699449,6.928168453705808,1.468687220030692
644,1,0,10.01264478119314,.5901186000189702,1.642359228212384,27.93555615419544,7.723125869052801,1.601246609407923
645,1,0,10.00617098996548,.9989866307005579,1.696077493977084,30.73509924716614,7.293451973755396,1.692045962987985
646,1,0,10.25160047220288,1.128486270968274,1.569459188360054,26.92863915761062,6.416129054012165,1.585884779469352
647,1,0,10.2081925238385,1.14530706765865,1.537936424149223,31.45783056887753,6.911811223128915,1.354666790108964
648,1,0,10.06754775365626,1.015974562985456,1.449387365286856,28.33083565219057,6.7479495113141,1.083086261381202
649,1,0,10.18295298815884,1.176581169026278,1.531194421451139,27.17692087539412,6.351972293200863,1.341508001389512
650,1,0,10.00350038521524,.6272904776462858,1.47557120791152,27.19092397808478,7.513941303442469,1.477448026000028
651,1,0,10.141812224212,1.158258695272567,1.423945265196201,28.91976692418559,6.869582693571985,1.022693949264609
652,1,0,10.09755245557192,1.185243804596014,1.48859660752342,30.28818447718564,6.678550493809346,1.449814043016737
653,1,1,10.00033572164052,.7190256938023714,1.504234436463802,29.00902213748586,7.557233488257551,1.262542786832909
654,1,0,10.0239572725815,.6539236360921827,1.461939403934577,29.3605025071282,7.594480933648033,1.304594821360334
655,1,0,10.12235707468091,1.187271835736349,1.445022344923269,29.54885242786445,6.668948649936971,1.229291559222429
656,1,0,10.04982530020875,.7130300024291074,1.588656893177639,28.75903849803656,7.458600243423954,1.419535069336395
657,1,0,10.01355701536312,.9007470090718113,1.371192557322954,33.61401211578202,7.30136404134684,1.287898541130257
658,1,0,10.09964709770806,.4548755186551198,1.645275203216348,28.37193618262247,7.753303648432342,1.694692634003421
659,1,0,10.04274812861255,.7278940539620025,1.529082198827643,30.58942556621054,7.401149679128497,1.508031633261753
660,1,0,10.02264218612798,.8870142115575752,1.504929550469352,28.70531831604647,6.999570560044788,1.317031342760675
661,1,0,10.42557537210592,1.248330893203403,1.230592961924451,29.69917212925735,6.647990791663586,.7652955104234782
662,1,0,10.00256170326293,.8918152678837734,1.305036134396001,29.94256811477959,7.612206537774532,.9007292073053382
663,1,0,10.06878216244959,1.164419110433517,1.450872031789352,28.32615746874338,6.502425289199731,1.275676633494218
664,1,0,10.13997270592511,1.256676397398538,1.485739651596695,28.33973643228347,6.234348628543007,1.348743076318371
665,1,0,10.1135081483417,1.019070922133647,1.58291489405629,27.37087194675117,6.725798265903419,1.518546471721166
666,1,0,10.10995022462347,1.120822819574305,1.58227849479905,28.18137401647132,6.642979387562884,1.262982305232528
667,1,1,10.14773062377624,1.082321887710093,1.469005295807988,27.07184450632669,6.544627756187539,.9958518474170087
668,1,0,10.07539905851413,1.102923893494343,1.489736151125743,31.90693436275334,7.020393975327227,1.220274895143135
669,1,0,10.238942013245,1.234361891585567,1.322126776411235,29.42293807162809,6.471740376337337,1.037444212990988
670,1,0,10.00000007112011,.8506752186105907,1.610442893664062,29.04782622989903,7.003990709507923,1.434589864450672
671,1,0,10.54574736698533,1.54286916797268,1.324332960402236,26.9244057475086,5.773482406311992,1.053143285694772
672,1,0,10.05002182102079,.9756397520250047,1.632466898726794,28.14879628496648,6.692672578916715,1.724517716871959
673,1,0,10.18145524291979,1.163213298872063,1.5773299716508,29.10353247780439,6.603884879173803,1.462909313441621
674,1,0,10.14237531799713,.9264589546365448,1.399194510535841,31.72176193484656,7.430090235359576,.9884517404083122
675,1,0,10.25266460376221,1.291464836337518,1.625489763862698,28.84081734543653,6.290951602637207,1.615273584481364
676,1,0,10.00386813821016,.8371414183938102,1.626166996776227,26.52871795885101,6.892492067123848,1.469612832786014
677,1,0,10.1077930258454,.956904040150263,1.31356075221672,31.3521695062787,7.160891321972855,1.000774107981144
678,1,0,10.20183042176399,1.384783841463683,1.512472313827767,30.10038458024584,6.340220459301552,1.363193891178584
679,1,0,10.03519413660958,.6433002273726255,1.445236868607643,30.07518154008361,7.61621935197339,1.090470077094146
680,1,0,10.00010288737167,.713488870322742,1.368619753087878,29.40211007347814,7.548817529361624,1.040940619085821
681,1,0,10.0765634165791,1.058285021009741,1.495379254006131,29.43325001549089,6.811516322697146,1.387662454927739
682,1,0,10.04696173985656,.7386010273779255,1.610770829565864,30.2333663202189,7.523533576304336,1.414088097830821
683,1,0,10.00756581098539,.6713204852989181,1.507015728130954,27.6232035727293,7.266232519779662,1.211822507153608
684,1,0,10.1849303818272,1.078839408983359,1.428978718884179,30.017256779781,6.835990440164846,1.301401075206703
685,1,0,10.00086144079133,.6213829777278091,1.420115819316527,32.0289117385397,7.963979056219156,1.150649629945644
686,1,0,10.04139520359776,1.043372775991441,1.609369534626692,29.24265636580782,6.779063028039734,1.522785217738763
687,1,0,10.18101705713094,1.161588984647259,1.574926505200153,31.14713564273412,6.769329560496002,1.601146504930678
688,1,0,10.03954296570939,.8372113627419747,1.375866980724932,29.31897629212022,6.836998692768417,1.249443653947696
689,1,1,10.05123357814711,.8926737162746214,1.520322392013001,27.41244966852593,7.014044042102683,1.388369879534
690,1,0,10.02483371932804,.9665628257636131,1.375329214601313,28.57269337772709,6.811655829636462,1.070621065058263
691,1,0,10.19835899586091,1.377794162849213,1.643371471773552,31.7669834810819,6.457028130134538,1.667116542082004
692,1,0,10.00288416586085,.7456632480719678,1.41948533549532,28.05515746260735,7.405546169841824,.9027384784316791
693,1,0,10.28174423475009,1.196984427583678,1.363367154154201,26.30737704950755,6.378537218009712,1.093093662551659
694,1,0,10.00001514854305,.8283312583200491,1.445200731385045,30.19297352207741,7.3641083743446,1.333174621933569
695,1,0,10.18764612790001,1.181617100900308,1.469016943139917,28.73346750640825,6.683543166603526,1.167787668970267
696,1,0,10.00142090240231,.8628308014378432,1.454761524093958,29.75299182419415,7.267518763509317,1.211630507486889
697,1,0,10.0106477598415,1.012373295931138,1.461083952480005,28.72606355685318,6.974331381061902,1.280634638920572
698,1,0,10.05291906831176,.9347279079223267,1.588483540924788,28.00944027539434,7.054536570376182,1.457530714091538
699,1,0,10.26441705274205,1.427713125021095,1.478158893918764,29.6639746508295,6.100253132217981,1.430927303489529
700,1,0,10.00555726370486,.8007295655863705,1.535355453886335,30.57068885849009,7.46101184138397,1.478148082675692
701,1,0,10.18045848257955,1.210911285266615,1.444568041861109,29.9437044025936,6.505907749747449,1.208575806410799
702,1,0,10.00231309742254,.6636179743990638,1.597252143413816,30.63177919184693,7.67245233973924,1.508128538363541
703,1,0,10.00662228236291,.8192955961493751,1.537831445111748,33.99305895509087,7.632092562959285,1.418346804645415
704,1,0,10.00956970504083,.8851560071067421,1.454200772723652,31.24520487199218,7.351421981586025,1.156997961046474
705,1,0,10.15595898877005,1.046547303087848,1.450888305573279,27.48464298337863,6.496908349667232,1.245810159934888
706,1,0,10.16364125669834,1.23801244185377,1.518113820784921,31.16450711327296,6.655621947882016,1.300211491156551
707,1,0,10.09765515453166,1.149888219205035,1.508444357763473,28.37513994187618,6.519242630917202,1.239490416392545
708,1,0,10.05117725652311,.9402367213113398,1.430258375750788,28.59438023129868,7.108135903331541,1.181467012372862
709,1,0,10.17592881155799,1.290336472681846,1.44245296006374,31.44331009700478,6.531859242505393,1.216571611292452
710,1,0,10.26480586560543,1.284027882871896,1.60687295723785,29.05061231218956,6.355818837251585,1.58134784566679
711,1,0,10.0072375872349,.8905695840560567,1.588506168545793,33.78784105910354,7.4527215127448,1.503708702877679
712,1,0,10.05535172435657,1.161630592265138,1.706369072437547,27.91854448968198,6.543883861133672,1.626350728913372
713,1,0,10.0312202535374,.7247670534281376,1.58321659364365,29.51808090269098,7.438448063884399,1.648152582676619
714,1,0,10.02380249447858,.8257600919387792,1.684104356831762,28.30926521533533,7.147909305429367,1.673347542195469
715,1,0,10.12015287068283,1.207017083651222,1.504690269719382,27.83303013684381,6.349412183734032,1.187976799252661
716,1,0,10.08659615313934,1.234328720620116,1.520532982270226,29.96969143084647,6.635612878155015,1.281221812520135
717,1,0,10.08740264856705,1.017335303819963,1.563652991268835,27.59951246830521,6.678744762481148,1.347516498978307
718,1,0,10.00413425924259,.9819064013197931,1.48301965776289,27.0237669742227,6.896862579911943,1.377188344925268
719,1,0,10.12662700406228,.9586731508936273,1.707466608290326,29.33605856608588,6.959956428276774,1.825833208066393
720,1,0,10.00861076466623,.8061486483359399,1.491649143806121,28.56195339027818,7.226849685690537,1.356746741542144
721,1,0,10.00408638564536,.8048409359778201,1.512965066780274,29.82599761340989,7.372519202115883,1.320728905598363
722,1,0,10.00395309803298,.8232290421944617,1.549544935585371,29.01889445158722,7.236258529411194,1.447441728472918
723,1,0,10.00038139555208,.8998587139678487,1.610504984671689,29.08429435957,7.068924714594933,1.481283019091902
724,1,0,10.011515924951,1.021821616279793,1.64111362994524,31.17880922790199,7.121425302857803,1.479710521553752
725,1,0,10.10547595686544,1.051474705987504,1.432583952865387,29.81749613084281,6.90194401841257,1.196135091831786
726,1,0,10.03085975554509,.7449793987962104,1.385414925246127,29.90738378279584,7.49930202605694,1.081271672444595
727,1,0,10.00720839004943,.8835554429908077,1.502367003873048,26.61914835737927,6.839974760651431,1.168400376382658
728,1,0,10.03072316225377,1.021027010698392,1.580358413992084,28.68823548410609,6.954000834667486,1.380731219729869
729,1,0,10.02873616103389,1.01319630909723,1.515703085134078,25.17033319588468,6.676555459746766,1.279512304229084
730,1,0,10.27583094045784,1.462248167784351,1.672514492495712,29.02762273024997,6.317610524164238,1.493241292096469
731,1,0,10.12262887077882,1.02480443816599,1.45213880249159,31.67390399481121,7.089831888371367,1.217392518853722
732,1,0,10.01786639635565,.9504888962727679,1.62283266308287,33.01875797383754,7.325011133451724,1.441265633779507
733,1,0,10.30262024389028,1.364011172594313,1.483908162370599,30.03946318547101,6.461936393427208,1.296430888533934
734,1,0,10.00128606597418,.9670633668431535,1.503703316883835,30.06819155663682,7.004162990021102,1.291003079060221
735,1,0,10.00344730045267,1.002192358793747,1.668202578819063,28.67986632315752,6.855265801475195,1.605898478986548
736,1,0,10.04685925936509,.9669174209661683,1.418563051661429,28.08953522365922,6.719556988873935,1.142374967857222
737,1,0,10.01708072266202,.8081331290600018,1.451038778071442,26.74964790945443,7.095088931995553,1.142351297830742
738,1,0,10.19447787907574,1.074184427877813,1.415001833517818,25.54416485323591,6.287026354579363,1.116993425611013
739,1,0,10.12834763674693,.5473758499771686,1.633673371287082,25.73752908271694,7.389928450777838,1.694817860339795
740,1,1,10.03031819823703,1.058211105808671,1.416242186375829,31.20631545377337,6.931472679516621,1.191812909154993
741,1,0,10.16477818375091,.9670008509678312,1.290651665397696,30.63264975406006,6.993550532682504,.9510970845058502
742,1,0,10.44664420669736,1.287978692629123,1.409873895449172,29.77025966919419,6.445618902267656,1.106947036548705
743,1,0,10.08456781940476,.980120866640692,1.520455620167749,28.74753674971884,6.870062389983668,1.274501117989275
744,1,0,10.02485986981187,1.027151973254875,1.439004825857654,28.85158610017907,6.942595240409697,1.079995504708571
745,1,0,10.12594958916808,1.203261499312251,1.601756278937201,27.37001570419504,6.368008336130038,1.522438711211717
746,1,0,10.00010905275671,.8137392810642082,1.542132945267941,30.35190893915332,7.23042075675105,1.573587526589144
747,1,0,10.01814844473327,.9376848950366643,1.395424472327399,29.92210200786709,7.070741304553452,.9934357313015992
748,1,0,10.01496248199494,.8706180745403438,1.51013935863802,29.05611249815367,7.198128619174363,1.507518539154426
749,1,0,10.00698592802016,.8843281810070585,1.370922210296175,25.37706917306689,6.818735841314245,1.257576594051324
750,1,0,10.12915545753284,1.109022562235908,1.441074276697666,26.97934562279856,6.264359405137053,1.074817155713739
751,1,0,10.18204067961692,1.272627962089661,1.500973552093376,29.88783954087472,6.402781348073384,1.370380832790738
752,1,0,10.00980434584331,.9495503037465004,1.653610548296671,29.57348651750456,6.96343467699707,1.697440217202553
753,1,0,10.10521982894089,1.106389854739961,1.316130503830294,28.72083772543468,6.657546427629019,.8608666816793461
754,1,0,10.03658572043892,.8472601970498251,1.431611287720685,28.42770683910502,7.203105611168113,1.200329692922709
755,1,0,10.01369603279437,1.045337205625394,1.621903285815857,29.74813514278303,6.873917444239519,1.570297104542944
756,1,0,10.03689871155966,.9288943880830661,1.569519024490792,28.57637783382881,7.054159201357236,1.281252463489161
757,1,0,10.07025019400374,.9563622088267,1.50933927312934,28.44999881897109,6.938872246926843,1.394753842414519
758,1,0,10.05778480169213,1.051164823067376,1.506331506842971,28.48134789896336,6.752290204484417,1.288523578576654
759,1,1,10.01073061445432,1.134165419999226,1.563588689676148,29.21097149233136,6.638203213771448,1.486865921883016
760,1,0,10.06911476328892,.8850611843115528,1.416499617660273,28.2216828638364,6.883215175986583,1.13237794483064
761,1,0,10.15621905142131,1.12823280576214,1.393020737126337,28.62861134145323,6.604348731758149,1.258342952347046
762,1,0,10.04530917530507,.923489924057485,1.531538606813354,30.40913009901272,7.233143141843211,1.454465352227984
763,1,0,10.08975092154249,1.203556812140614,1.618056745440668,24.68347171688575,6.075653585000133,1.60635614657282
764,1,0,10.01493227692854,.9638212943560751,1.352655466416024,28.9546606045296,6.83657258983642,1.216173159824105
765,1,1,10.10074909334012,1.066360806007027,1.444568177134766,26.58444425318829,6.615518162695135,1.052839436141294
766,1,0,10.13338419642592,1.218019720579064,1.569963930918304,31.39499490601642,7.001478724519642,1.357114935947478
767,1,0,10.19478345735036,1.361321061513697,1.530551606587984,31.91439389314072,6.445609733306548,1.431141467749993
768,1,0,10.01033912213536,.9847597494883038,1.662550662789451,29.93442632613974,6.861086912358908,1.594764306006952
769,1,0,10.04457298390821,.9820751958312185,1.578845039987034,30.5834258467909,7.242715653350427,1.440931328112556
770,1,0,10.26599042404163,1.020277786821074,1.404185465398712,30.94497029857402,7.074244819391707,1.220246680684697
771,1,0,10.0000720678611,.7602715066207584,1.483857913037645,30.82425866938429,7.343466494569908,1.241165660797575
772,1,0,10.00270074052052,.8330950216895793,1.42620257612667,29.48578906784358,6.928264682856086,1.157410050099994
773,1,0,10.04918077970255,.9369487901643174,1.523656912763147,28.99051607851231,7.09144828667675,1.312284106273095
774,1,0,10.01883186410662,.9019074428745231,1.513592762670643,27.68125557096835,6.930040016067552,1.255826506307545
775,1,0,10.0193467853241,.9181967830368206,1.371182208510018,30.84093539892299,7.239081950066117,1.053725350861872
776,1,0,10.09427485054533,1.098566574585633,1.378368008727178,30.40693321167142,7.097386611833159,.9361844561629
777,1,0,10.1910037478834,1.060545786130677,1.272072038815918,28.20077742914993,6.894915382361607,.9609125382907731
778,1,0,10.1333942049769,.4663285887736929,1.533804177867816,27.57966434389405,7.930774161983048,1.29524723592223
779,1,0,10.08324392286723,1.136217873289169,1.544214428104182,26.69846470949427,6.477166782407202,1.3433890352411
780,1,0,10.29019035203534,1.384320259912701,1.428416591146045,25.92506471039394,6.067123445656937,1.121872633232306
781,1,0,10.01697863943041,.7840091316653841,1.19170277964897,29.19150607440015,7.356822727241221,.7526569021995246
782,1,0,10.09585656490929,1.115932915317181,1.547133021801226,26.52319079039636,6.316430924239529,1.392423985692271
783,1,0,10.02659622994897,.7662088628292545,1.663720423924144,30.1623726057225,7.328651762610368,1.698936679036337
784,1,0,10.2231117608622,1.303852716955443,1.460204730010221,29.70300050333098,6.552174811739288,1.233763620977334
785,1,0,10.01530473166125,.5431381021920596,1.588676669196525,28.8185443009141,7.789462195168988,1.445531951578176
786,1,0,10.02884013797593,.5476244033940421,1.456709609386923,28.49873005839784,7.793697968662028,1.117601809790368
787,1,0,10.03865410930005,1.185853406199092,1.716437026127538,31.65667937395558,6.732253743607044,1.733327711956957
788,1,0,10.00057666977028,.7674889470761481,1.47511629035775,26.75622555291187,6.997769934973231,1.224996341896746
789,1,0,10.32888880882481,1.274181036872701,1.527964350468775,28.08016309782768,6.338069975424278,1.252117931132739
790,1,0,10.12777004587885,1.191251582100846,1.582198607625066,26.48478216511592,6.273229112000904,1.370483854921916
791,1,0,10.03260567347437,.9156526465003717,1.363447332133128,31.05006150288834,7.120249095058743,1.35561733817352
792,1,1,10.00427838493594,.7135188775044025,1.42704235709479,28.10124011945053,7.331976264027209,1.170476063657991
793,1,0,10.05470264066035,1.02923257261863,1.577076002237403,27.82658090431378,6.989568309489522,1.32456788410751
794,1,0,10.05044377864192,1.019780962222824,1.491339332418411,27.37207981138577,6.641199761338688,1.236994641536811
795,1,0,10.00084846085275,.7347740190744925,1.501623917888702,26.44785661789318,7.225730047517356,1.346948649265945
796,1,1,10.2710213524074,1.141504921048413,1.47330818868583,26.76427355962677,6.55996604603614,1.203345174581883
797,1,0,10.0697043720712,1.015192150760837,1.55754485406985,28.38066811617377,6.717444680043129,1.416955311788539
798,1,0,10.02464243375803,1.051803804066966,1.310871700284419,28.87658729623131,6.686048220063065,.9023757964738629
799,1,0,10.34143363353219,1.151233008625677,1.288662982139674,28.25980327993518,6.473311965304249,.9961208633872175
800,1,0,10.2941106053826,1.399030280966756,1.461070135538847,24.84574992408024,5.873658992753267,1.364815076914822
801,1,0,10.2253616353382,1.181844725700942,1.654723408450116,29.37204013967003,6.572274254662319,1.763393139536937
802,1,0,10.00067680769264,.7564407564467237,1.514051761973484,33.23144366909113,7.680628684549268,1.293186664968417
803,1,0,10.16907364525042,1.017011836416157,1.312383688868569,27.37685809536859,6.703797615758021,.8011538678995154
804,1,0,10.01016775029067,.8291714287747425,1.486353403463363,27.42577736075947,7.090743947907568,1.279028151023016
805,1,0,10.05223157885726,1.012515643309704,1.350960169886706,27.28484680294035,6.769293431686477,1.090388955296621
806,1,0,10.00038307112451,.6487191306995671,1.638327702671259,26.26334858522262,7.366862930986202,1.4648419122055
807,1,0,10.12039412995609,1.131425946180062,1.556759632185219,27.41612591576198,6.34850798514307,1.425483831442458
808,1,0,10.04081888431478,.7960936332473422,1.555708009499982,29.27482732023059,7.128868217681273,1.61708819828913
809,1,0,10.21052265671682,1.204455982390539,1.587651676873937,30.67969960580194,6.658985433533097,1.398568549201362
810,1,0,10.04244151286821,1.168546439766214,1.51168702059205,30.15297932826484,6.770419910504111,1.212754826723245
811,1,0,10.00161459333366,.9247758195246375,1.542510855817492,28.23256263175981,6.957152663011342,1.365056169623245
812,1,0,10.01000738246036,.8277120499271624,1.538848320500125,30.15129066602914,7.238495277970713,1.361323896166616
813,1,0,10.11834404180574,1.086031802307671,1.40829251427167,26.68313257642889,6.733524981885337,1.175653727994772
814,1,0,10.03004388855483,.6383219393838788,1.718269787741839,27.2056431870291,7.235536127068045,1.681965884837985
815,1,0,10.21999153232982,1.117134364364558,1.4093018734209,27.42898933040054,6.368230208905294,.9762360960879424
816,1,0,10.13834633964302,1.056593366778185,1.40475470188918,28.53276743499496,6.705014384489259,1.124787965071926
817,1,0,10.00661594929849,.9443523759871302,1.506443369289758,26.46335961366987,6.574042243456111,1.409700767806918
818,1,0,10.00210281709784,.9623402100168861,1.308486327700388,28.62877443401061,6.97863833512452,.8566478314742577
819,1,0,10.14925623508354,1.11264086205796,1.486768881720025,27.56578988253136,6.657652757688662,1.218126212178907
820,1,0,10.01531560452269,.7437499233910798,1.624401235140877,29.73361764296305,7.446394957830097,1.668943439099058
821,1,0,10.01380156034312,.8207618014172819,1.857291856883403,29.21676409090936,7.423416908774389,1.886810258415217
822,1,0,10.00002918493952,.7249818203676994,1.486166323855226,30.27080070068224,7.677163355592127,1.314906596469636
823,1,0,10.11195482542997,1.217050648068771,1.641573825341345,28.42455934335496,6.405157889858468,1.690525582810281
824,1,0,10.00096018929115,.9812883022900288,1.74393654484906,29.32709201033128,6.981299729054066,1.825421477259362
825,1,0,10.00481204301443,.9532744404913363,1.581760897640366,31.93230124084758,7.119256711881353,1.419095342995846
826,1,0,10.00446001868667,.7755014491694622,1.467736006000076,27.41866802956282,7.106656110128001,1.216331527638202
827,1,0,10.01696049981893,1.0768608018242,1.506424111516134,26.69996942715487,6.546223402243199,1.226481559170856
828,1,0,10.08173430205835,1.262786527746281,1.732917598142338,28.91918889014874,6.566079486789604,1.816347051767958
829,1,0,10.06751499634114,.9864792505021481,1.44619429630827,28.27384786724384,6.921016855215234,1.200388072264415
830,1,0,10.0075946941516,.6992451008262723,1.602033729185321,29.30687728155598,7.397439772648056,1.56101105571011
831,1,0,10.13471225711998,1.279461757334003,1.670553481337716,28.19517479084719,6.454377194432454,1.605437169123574
832,1,0,10.0003376252729,.7247202715263361,1.510192573140111,31.42160775434223,7.684109024138827,1.273370457315453
833,1,0,10.00704135717628,.8820639572186995,1.643616716132419,25.83439270536797,6.798305755898743,1.627729454095799
834,1,0,10.16994503947928,1.330082698786228,1.474510835453176,30.72168887766615,6.25373192121662,1.278691988188646
835,1,0,10.04959976664348,.9718707309463976,1.600822920418616,29.30351493770479,6.94859374997958,1.389316485596572
836,1,0,10.07728543653842,1.02353182756916,1.505269479852899,25.90057964760899,6.58375326099579,1.278242335586174
837,1,0,10.02436569565654,.9361740798734224,1.487849687660956,25.43633171115359,6.698539926364867,1.38440239181753
838,1,0,10.25752585387866,1.252090188215045,1.425571968034383,26.03416355238539,6.175760982246359,1.114870065405101
839,1,0,10.00072741247116,.9056928683916766,1.647624264679249,27.57266223840302,7.041041061029865,1.629378243678145
840,1,0,10.13340920862415,1.09331531664354,1.571627129938277,26.08608746874193,6.396857411977985,1.433770243415188
841,1,0,10.02451768486003,1.04677634616269,1.557734466768434,26.759310476016,6.571221108463246,1.571057241840496
842,1,0,10.05587116429648,1.014646445673528,1.659727098114439,29.00190892600914,6.859980975137062,1.600693924260513
843,1,0,10.48738288607593,1.41047745602715,1.431168884444538,32.06400947135839,6.288326614242793,1.144639510751155
844,1,0,10.15375957994618,1.121227897353771,1.363913681030947,28.80575991808907,6.667021770467519,1.028762210214006
845,1,0,10.06961284385852,1.164370074051691,1.491746188810477,28.33412869815351,6.445164589938583,1.315707019351089
846,1,0,10.00155977112001,.7533062264334359,1.434943571353418,27.21378459154367,7.225161030008749,1.130557713893796
847,1,0,10.00730955658267,.6677673262822449,1.527437519047859,29.45994053257039,7.571351114419913,1.368528523989482
848,1,0,10.03552771353479,1.057133838553013,1.581671348804372,29.49999605985226,6.720329644690772,1.423746344927201
849,1,0,10.15134764576827,1.192886257490519,1.382836593704211,30.38196740518506,6.739435684157296,1.078932402904395
850,1,0,10.09227302886243,1.083349440221482,1.354591509473886,30.21718449872065,6.873383556410082,1.000171846472299
851,1,0,10.18297727069466,1.159093097560506,1.404176427744911,26.28282190362724,6.250668993486898,1.237278804965081
852,1,0,10.17677917395716,1.286107770130221,1.501902483462245,28.57937994548705,6.342582532645978,1.295847628236016
853,1,0,10.23195946981049,1.331527286905549,1.375314326684746,28.81413192841412,6.273886810846719,.8422204716356445
854,1,0,10.16298240635632,1.220102331602258,1.604097697917995,27.86654748836874,6.444690149283476,1.433884153087777
855,1,0,10.23060229752017,1.090870071251248,1.489341374419232,27.84845475508241,6.65546336456642,1.261610696419803
856,1,0,10.03016841157515,.7002777441552643,1.610448109122293,32.44880480902646,7.775660035353387,1.409696116771972
857,1,0,10.12273710954018,1.120810133334323,1.307319871036333,30.64688177524913,6.799057100661267,1.022212715991749
858,1,0,10.01215884774244,.9679326446083121,1.614220095937412,28.87262558943089,7.017445790443212,1.479266141621519
859,1,0,10.22396498154554,1.004151874809621,1.239741633879566,26.54449336879804,6.690444382776584,1.044707064896676
860,1,0,10.14352294365143,1.11671035522407,1.362328111675496,26.44946932845332,6.597066072423181,1.06861091657167
861,1,0,10.35741389832048,1.404523350048031,1.581876492843505,29.03950899319978,6.458612151043367,1.368340756398504
862,1,0,10.02757531348122,.8975244617489969,1.536833263707081,29.38250099557395,7.053895117413509,1.355670755579699
863,1,0,10.06149767884781,.9213386069539294,1.606086241817215,28.60132131489052,7.039986808024008,1.514255898101381
864,1,0,10.12008263188518,1.004818987694804,1.424514952574758,28.0426041161113,6.812049684724133,1.081288925683182
865,1,0,10.04288512754381,1.006268538286472,1.46524682780806,31.16299588972129,7.136350098050172,1.083464774758302
866,1,0,10.23108212316922,1.24320126746051,1.562270946420453,28.68020887488804,6.450933135184489,1.508586953259204
867,1,0,10.24299540507882,1.217182846236818,1.38739627396607,26.72285072589289,6.461726086602357,1.050245107302249
868,1,0,10.18343161484806,1.301884694799794,1.465465085082166,26.98161979537444,6.093893146644384,1.377047645644471
869,1,0,10.00289271357166,.8195114979749749,1.645866543591573,29.79732145353807,7.167162493750094,1.510745825395524
870,1,1,10.13856039337011,1.33867317378273,1.668396428880433,28.41083306405394,6.330123663433378,1.560902355806037
871,1,0,10.03996864410099,.8861787607263748,1.298340880568525,30.56105744070394,7.100635995916025,1.038498846607489
872,1,0,10.00299958551386,.9304424739468486,1.618511271074577,29.69899943640415,7.13915550875186,1.653744725932756
873,1,0,10.00383450599106,.798645341306499,1.670724229428354,29.12392466309985,7.676318130238473,1.673610506342756
874,1,0,10.0125014860379,.7757179614266048,1.529227234934433,31.8329979538563,7.655429001260707,1.15222313278221
875,1,0,10.23573601756583,1.377516519450633,1.594934579173643,28.65226051704874,6.106251540950318,1.458735098893106
876,1,0,10.02241326065337,.9397809867926842,1.481512295593197,29.79133743755234,7.070108681058762,1.189189663658939
877,1,0,10.12677565954202,1.188157956464821,1.529117821777595,30.07754659268264,6.711259249629348,1.296596151011494
878,1,0,10.01862155128554,1.005209776378489,1.481536259303863,30.6562131233512,6.84912013424553,1.320328682125696
879,1,0,10.04165930825462,1.067251068216633,1.379447586734677,26.69358540043384,6.710552613260937,1.055107953002957
880,1,0,10.03719766652318,.841863351817398,1.474744847375316,32.13392659683722,7.399886508692783,1.270431620194201
881,1,0,10.05336764429323,1.112143267683261,1.45954878558226,30.39371225706874,6.503332312936528,1.249907825175971
882,1,0,10.08057699989574,.7704505298854274,1.384324485062181,30.7282268711752,7.671545926720536,.988761929819323
883,1,0,10.01587809370425,.840653276099937,1.47499591122211,31.12734617688803,7.338443924180454,1.274583603631485
884,1,0,10.048745592067,1.076907822042749,1.510008553806014,25.90565172495032,6.31636237150598,1.373204735157026
885,1,0,10.00050563832689,.8248685695110661,1.42756607234288,28.47940859722268,7.276825383808283,1.108234691831671
886,1,0,10.00049849717557,.982378309808227,1.569784609720041,29.31935068992934,7.135192337495941,1.390469305548493
887,1,1,10.02856520923291,1.005027282151075,1.455900576303388,29.40667649230405,6.766496026884989,1.379458507137728
888,1,0,10.07091128402155,1.015808271229077,1.3381944365647,30.2096642531034,7.186263230899315,1.060367639692965
889,1,0,10.00037603990755,.718234410255661,1.445904858425376,32.04494108070794,7.888390156598337,1.317342524123248
890,1,0,10.15623534275563,1.189907931774822,1.47151495505857,31.53008757441442,6.786335957521403,1.142670657350154
891,1,0,10.01898155761572,.9550264099021915,1.400289638889076,30.50196142783909,7.087315784788426,1.173986777735397
892,1,0,10.07378838625393,.9591496553410214,1.342898109134731,25.73482968753999,6.687626719288414,1.049391876717207
893,1,1,10.00483135053433,.8806874022439857,1.55144659504234,27.96787927030841,7.067151197239653,1.320688699044308
894,1,0,10.00050192161637,.9035437976845254,1.583373648402223,30.66695301805128,7.147513032340004,1.386665597131945
895,1,0,10.03540435495047,.9091264752829397,1.496651935399784,26.08005601611727,6.924398605593714,1.408760865631601
896,1,0,10.02594942316003,.8407454218642418,1.491144345755151,31.21820814311459,7.622547255919371,1.361846872416929
897,1,0,10.1359301140664,1.154543157134507,1.464122423106989,27.43778750898346,6.520867425359637,1.140799968488581
898,1,0,10.01342833648753,.9940960825872309,1.531407637650678,32.78742955109397,7.000525463621798,1.308481709566115
899,1,1,10.00703116108793,.8831693141601556,1.380245407997363,30.63317984757313,7.177456855417058,.8836954213431065
900,1,0,10.01897342930823,.9777573637801673,1.542446800180422,29.65309948322203,6.843938894086896,1.415367743290265
901,1,0,10.33723950031423,1.29444526422622,1.459359837066823,25.09840015088439,5.96330901077244,1.21211195189779
902,1,1,10.05919657499882,.9238669879515587,1.327807995667757,29.49947552247829,6.906922612259091,1.121541077050172
903,1,0,10.11163282021936,1.009355366027406,1.444887259040819,27.36025345648753,6.728690388461682,1.225953484159396
904,1,0,10.039075685451,1.192455289987113,1.430103165295064,27.52916977789432,6.535810784069804,1.379153130420752
905,1,1,10.12330237726675,1.038668761769241,1.446749320979666,28.91222934993828,6.847463580842713,1.141435088550554
906,1,0,10.28566434313376,1.143701364793945,1.382242165128322,29.70949192499652,6.809544630451836,.926729784427242
907,1,0,10.17505187281323,1.044212835118865,1.522482224620247,26.59711735298208,6.571214317789843,1.390191434449433
908,1,0,10.05971389038733,.3716656415125321,1.387940500591686,31.22327683938503,8.271757388323232,1.097184092503721
909,1,0,10.07961192875029,1.281906633747471,1.67371550031828,30.4484389432661,6.651646411786579,1.713345348902345
910,1,1,10.15275174829455,1.229741201891289,1.522121629403551,28.61389437816471,6.688630406975249,1.217725464137667
911,1,0,10.05705504581513,.8738885571510838,1.437253473371162,28.62249259871829,7.145332934501901,1.080384462641742
912,1,0,10.01883711937112,.672315948600463,1.370352457945147,30.53884786861754,7.632480040008644,.976549901086801
913,1,0,10.10926103707451,1.064385744417582,1.544585538700129,27.6182769759912,6.801001837619118,1.298975600931202
914,1,0,10.05742576955819,.8914335619291633,1.52861797523554,29.76699995545123,7.019016319115985,1.365068714585778
915,1,0,10.05572410547356,1.282922523759264,1.699608289496833,28.16077822934679,6.342039040337735,1.645840797120641
916,1,0,10.01096336869006,.9001372676539773,1.346244670696266,26.46361166676871,6.817982120948859,.9162863776768408
917,1,0,10.0753256243088,1.080174739491819,1.462104583712771,26.14805662134858,6.573561273179493,1.263522737805673
918,1,0,10.04894189466612,.9958420666810998,1.672183399681571,30.1621907763852,6.970180038083792,1.567570431792642
919,1,0,10.04844860663941,.7548839420470592,1.421628737723091,33.67599762711282,7.891211680087351,1.187693649000794
920,1,0,10.04393933344759,.9922657272498268,1.459691465758396,29.12915510214704,6.799077617362065,1.156150635086924
921,1,1,10.23137526877251,1.308995544129014,1.514758875695535,26.54034362427968,6.155608767887996,1.381643484773062
922,1,0,10.28832173684605,1.320445312423619,1.511096570915086,27.24196068000058,6.372634640809297,1.340953328808957
923,1,0,10.00955600521968,.9877294669171351,1.586150624973273,28.19623339440055,6.743699483699112,1.301486160264518
924,1,0,10.01510950617384,.7824380597258324,1.566519893578694,29.4955075069913,7.304385656229211,1.36058191303076
925,1,0,10.18129553683816,.4382530538567294,1.552624027078462,27.02275866189071,7.804441372844271,1.518014467377812
926,1,0,10.00251244175816,.9054559948757285,1.562327341025402,25.29968381654542,6.752050774277372,1.308134143872964
927,1,0,10.30971075617241,1.311129831710448,1.627245280871317,27.7510005534267,6.143590742151665,1.724511188033734
928,1,0,10.0975593891318,1.295011256346887,1.592332209622326,30.40853087095807,6.540836308951223,1.389917950746251
929,1,0,10.14877586860218,1.192297798450641,1.514298812089192,27.30129579822027,6.459573374694816,1.155323480613948
930,1,0,10.03521536013585,1.211591856522164,1.588443910624878,30.65280871743562,6.616850864309241,1.47907037671029
931,1,0,10.03845606452267,.836616161213217,1.457731304746294,28.12471689605372,7.165920605999934,1.230088904941211
932,1,0,10.20938446088415,.9749663647172844,1.378910710202809,30.05850215654977,7.015675803164423,1.044800171444218
933,1,0,10.12310140793562,1.094734789330948,1.55641027342094,30.14074614025962,6.797058569644715,1.46535055576475
934,1,0,10.00315034256055,.6263903985538024,1.365917183024419,24.70542675834455,7.295535356775731,.9615771840984435
935,1,0,10.00062287556381,1.008375837219434,1.616843327301727,25.35790855813689,6.466075294452083,1.421742564673152
936,1,0,10.05001007026828,.9590439699557355,1.458481534371295,28.73291844319392,6.965816424097257,1.349288925787628
937,1,0,10.0280873426472,.9937619328324432,1.500270029158978,30.89154697592077,7.195097353370533,1.335514453758047
938,1,0,10.07030345234433,.9779780407983233,1.501768877156031,28.61357868345207,7.037732146625483,1.268816459399679
939,1,0,10.01456925040471,.8915220106712478,1.617320412623688,29.66178395198117,6.918451940997517,1.661480216737897
940,1,0,10.07747729697554,.8372563960335926,1.388019802551898,31.6576503394411,7.455706865845438,1.170752170664912
941,1,0,10.00124660085419,.7914431847811059,1.629480392303677,28.4354041271001,7.291133223903778,1.4590678001884
942,1,0,10.25580897996906,1.197543434909569,1.508845954981656,28.15570747141692,6.47515975966293,1.298303902259967
943,1,0,10.1699780582767,1.012534018716666,1.324157333197514,27.66182297667838,6.670224315657713,.8571944195048624
944,1,0,10.11436798217493,1.230133226384996,1.602101887441006,26.54378581546706,6.355091309295452,1.37116522401668
945,1,0,10.04845144428284,.8560746693749409,1.224847409145789,21.89788173197911,6.563941131995898,.7890369892430635
946,1,0,10.18448075035748,.4255558567175628,1.42719478849838,28.56951911874732,8.168617091599403,1.145989217896504
947,1,0,10.0232515044745,.9230423656170081,1.454196472240106,28.87754488920891,6.963786076612718,1.116859401940134
948,1,0,10.21184422857536,1.144027328399316,1.583174341825264,29.47233117899445,6.632398295355925,1.455825892819015
949,1,0,10.04185844170786,.8858195672245136,1.630052456423335,32.61704855250634,7.453769132401446,1.59730432615923
950,1,1,10.06080336103971,.9097739741818576,1.423760486851736,31.24493632162085,7.125994537165496,.9816167283389804
951,1,0,10.06016747911609,.8093140073397267,1.510927813341205,28.73054110545057,7.172698861694826,1.360517444585066
952,1,0,10.00804483418898,.9042819866258868,1.596443026221563,26.43641523938685,6.791748804825664,1.584758113733808
953,1,0,10.26346088079541,1.349493155557071,1.499545797082405,28.89834486491287,6.282593634495869,1.291831608763208
954,1,0,10.52780553051512,1.417684111784898,1.343680377000682,26.33085731252607,6.20724369427173,.9885638172642237
955,1,0,10.02085441920627,.8406759245147779,1.651896935178632,29.49569402235071,7.374176124209731,1.575533070674368
956,1,0,10.2229919334011,1.176823219998998,1.684374509102105,29.3414363525447,6.572709442379197,1.626836204157949
957,1,1,10.14348805302261,1.169609648546942,1.559872436106327,26.54539412720133,6.477563584589609,1.444545960340181
958,1,0,10.18625268738683,1.129689970002678,1.577124517930177,27.32994258884241,6.743163895107674,1.379127738104631
959,1,0,10.00039362583776,.5660782243202909,1.315917947790755,26.68013167433642,7.362732630172347,.9741453360858626
960,1,0,10.259905379713,1.241950867529574,1.534119199020653,26.80136097953648,6.249290533587775,1.333956433643187
961,1,0,10.04359973567042,.9993061661254918,1.504105635480298,29.37459856932286,6.856633836975591,1.546125798499832
962,1,0,10.5360309843651,1.476453144833201,1.528586905032565,25.11509951714761,5.744706755587465,1.333764931357679
963,1,0,10.26243812114973,1.390493795856255,1.485965176595591,28.99799136045419,6.225810423126847,1.180879015567494
964,1,0,10.11608787059967,1.151419464393908,1.502437996895606,31.37371136033261,7.046392377190865,1.23034884813759
965,1,0,10.02839718857473,.7032609227486892,1.428160342095599,27.3164922851162,7.286940853864779,1.294332259029594
966,1,0,10.06751398612898,1.091242926060529,1.515904937087935,28.79785643211161,6.642167371859392,1.221427190323905
967,1,0,10.00077646144093,.9656772598572424,1.420418377829569,30.24311263859607,6.879324290104356,1.309603964576736
968,1,0,10.63240059883198,1.487362231057253,1.303689708925277,29.12804469843325,5.94901408338947,1.070222665404692
969,1,1,10.18112688365801,1.043466496184066,1.327535934806297,28.10749477027457,6.713154849534428,.9141265996603873
970,1,0,10.28070465520493,1.285337429734472,1.461356076786176,30.09823212195388,6.368194167812731,1.06718223866059
971,1,0,10.01972507558384,1.020987791157325,1.445488533476588,28.45422435084712,6.831869804813316,1.252225622913924
972,1,0,10.06228326924284,1.191144802817447,1.372602150402997,30.74450990559961,6.631665706039334,1.210577812776007
973,1,0,10.02761119062049,.9434230850069154,1.679504993116096,31.54679553388204,7.131922242286814,1.595119116103513
974,1,0,10.16012204386575,1.032458300808546,1.60292056218987,26.74004739128573,6.539194142552745,1.466420726583845
975,1,0,10.02093657761162,.935941493941305,1.489154195387454,29.54344683905975,7.187278720181,1.237004387637556
976,1,0,10.01925692397292,.8958864575438588,1.523936943524043,31.79328448750586,7.377470142476732,1.354158963614381
977,1,0,10.0334376904447,.997719761998067,1.665581149531566,29.73221686989926,7.069004086097901,1.804119233855758
978,1,0,10.00283128859738,.8867295023009822,1.60371952244159,30.24966154488822,7.298181671416339,1.376964971329454
979,1,0,10.00378121562603,.9365556137809392,1.578088871880855,28.05598148182871,6.912332644728961,1.274738682328837
980,1,0,10.26186733662356,1.064847888654024,1.427820501222401,28.49888207744724,6.758906291832552,1.208814316820902
981,1,0,10.00000585444844,.6838583865120311,1.328966346440427,29.31069165769706,7.597763140803166,1.071679559381452
982,1,0,10.01035905080109,.7508051582182191,1.438257885053609,29.03248822685859,7.259219055677349,1.103040709048572
983,1,0,10.00653139161139,.7215651643221821,1.400327613598054,32.58029834797307,7.764739062170951,1.092025396993733
984,1,0,10.00305530286917,.7691406666872604,1.530841082046892,28.60693346684479,7.353298444207835,1.458856215822353
985,1,0,10.17143056594028,1.241248498193398,1.442658912680734,25.92767268636189,6.292533516997593,1.070127818124507
986,1,1,10.22063660434631,1.243887235268701,1.50311394350914,29.25563102343812,6.339991224929886,1.403542270930324
987,1,0,10.01914628288429,.7695515656625763,1.555075040476619,29.3103305738733,7.267034487206463,1.357002193415269
988,1,0,10.08802541820186,1.086885877325346,1.512046192021948,30.78787500622816,7.000538106288137,1.284174636530226
989,1,0,10.05658348239593,.8999829070498853,1.539132850333116,27.25127471035906,6.958149470324513,1.263253276509536
990,1,1,10.1290192431781,1.243501891193777,1.524191506022185,28.81383672329209,6.588805060753585,1.468635849279474
991,1,0,10.00170493684498,1.034729162185752,1.492634216713882,29.88431104417021,6.748914647187712,1.263606049206489
992,1,1,10.0026707216464,.6295908133291721,1.525709856055536,26.28927987716811,7.156115208690437,1.533328672711175
993,1,0,10.11681673287113,1.230614504157304,1.64799089703714,28.0209877344231,6.332933523629354,1.627607241780289
994,1,0,10.00039726747706,.7605482511154091,1.476705139523794,29.32923552533471,7.453484987114373,1.292928506963921
995,1,0,10.00040394681802,.9390847678540075,1.549018490965764,29.03988326119224,7.089821957738641,1.315203403188378
996,1,0,10.15323101227729,1.108658909676646,1.486584490847547,27.9901302248146,6.53472131527989,1.259416668234248
997,1,0,10.02896880645136,.8148819477563907,1.39088664976716,25.97842888456138,7.102583369888753,.9837443998294029
998,1,0,10.00180435289423,1.003585995132512,1.462474848253715,29.03682410426684,6.91033992404069,1.114477622468643
999,1,0,10.12819732472632,1.154423252120289,1.443806685540746,26.13642534789326,6.353958714910024,1.213512565741847
1000,1,0,10.00646249713935,.7979911146621744,1.617150954931465,33.75827403128716,7.598468072814157,1.460883571161501
1,2,1,10.96217822364972,1.548009986773541,.7535706800922668,26.47993231457399,5.719928707648866,1.162679294991606
2,2,1,10.38128383427501,1.171721485118032,.7658004809757288,28.5475760190033,6.508394697221976,1.262883687673183
3,2,1,11.23774667912151,1.423476381680182,.681399630503808,27.6410544859152,6.022676911930703,1.307609158752368
4,2,0,10.1095813927823,.8393023361815857,.7953612777584365,26.78766755247607,7.310627839804289,.9655836599708154
5,2,0,10.88798727487903,1.493486864601459,.8057354743442124,28.27573220501413,6.196969697454562,.909604758232526
6,2,1,11.1564813730149,1.515686133874585,.5834833342548771,27.86690061783737,6.068913342948439,1.327206556997358
7,2,0,10.15333809918717,.8091172380654688,.8666513067549808,27.63217116650385,7.273433401039474,1.040709150892063
8,2,1,10.42297913325209,1.166633513691304,.8445290894384094,28.34915807970279,6.642601501011813,.9451786449386516
9,2,1,10.27959885020577,.9079936714795604,.911843057144919,28.08105223600291,7.023304686246265,.7832589501531581
10,2,1,10.30137311450869,1.033073442245726,.835683888663878,26.90172377685814,6.692648262151355,.9671376574385838
11,2,1,10.32293250784038,1.081079859353955,.9949359628676544,29.99171567085576,6.685877528893772,.9010205874146568
12,2,0,10.6725783157534,1.227030383184822,.8017562179212163,25.79593350804952,6.336601085874657,1.050776937181037
13,2,0,10.38991828858197,1.089693148651366,.8468782703032107,28.38989038709367,6.55897716462096,.9574830310652301
14,2,1,10.61478738788121,1.173944446749503,.7158864288491931,26.51666382617247,6.452240076890321,1.26478871489568
15,2,0,10.35565516474368,1.099987982868849,.9604899273623903,31.01131503439706,7.069948774727069,1.004636007666966
16,2,0,10.57339027480724,1.264404104998003,.9074638619378248,25.49861931684931,5.974862277953932,.9032407862737183
17,2,1,10.37081177493658,1.071861015740857,1.017910646752251,28.91128455573854,6.754764857888181,.7895246795168701
18,2,1,10.62889403034377,1.040881248939442,.6154373902754353,29.56815230125848,7.031613067716789,1.138428801112543
19,2,0,10.51330344048852,1.250536687071945,.7770835212143656,25.92282217855598,6.174000405172079,1.260427292991026
20,2,1,10.336357673648,1.112226873238496,.8327803127576872,28.60520635629973,6.682050021578434,1.00802616622766
21,2,1,10.09477784096258,.8391577594557498,.7660628186024495,31.75932695363742,7.512446052758968,1.249579291649509
22,2,1,10.6858827785601,1.478743644971908,.9254379208137886,24.55496416596158,5.661745964797922,.7700603892388652
23,2,1,10.43372206969321,1.138524726093076,.6267806081171179,26.54211060959469,6.585646670180415,1.481559361445936
24,2,0,11.03827712007011,1.50114896645772,.8295194914742641,27.70366120488413,6.169773750688967,1.237394425214652
25,2,0,10.61266287802683,1.167281797970203,.6961599663157503,26.08122527442761,6.415775217636535,1.151953913227951
26,2,1,11.32081445503412,1.662264542580779,.731354034735441,27.13145333155317,5.764479052525721,1.096796494938707
27,2,0,10.08581583360322,.8265892586052364,.8858287922379852,30.11562289630342,7.114808731166293,.9996698980102118
28,2,0,10.63834073220742,1.162080128122453,.7557290060728545,29.6806454783585,7.047258091030298,1.283151114651156
29,2,0,10.287899077037,.8913288807378896,.8262165471531306,30.21911586752848,7.18506403562801,1.104559334774686
30,2,0,10.59886338251052,1.225519362937951,.9215229569169198,29.88233228030177,6.642872170097804,.9348331799373675
31,2,0,10.36635552861022,1.185457671028915,.8352679948395654,29.96140707174107,6.832410711019273,.994124945678066
32,2,1,10.45598429749398,1.186899048750159,.9073461461524921,25.60098137038716,6.314642846452679,.893056139240137
33,2,1,10.15454698719919,.9513774924359668,.7290030008044159,29.07219494619193,6.967322272805466,1.172347452361445
34,2,1,10.48998751204207,1.136099150824814,.6362874308382427,28.44522742338066,6.69620621928086,1.523840684752108
35,2,1,11.0389317142727,1.369321046343327,.6669772718442715,24.61176442941627,6.001311473292722,1.398891058863308
36,2,0,10.84224420354948,1.393797598438325,.9126360913174298,23.49717573897032,5.654960914623354,.8043225082132555
37,2,0,10.54889549124306,1.273543601898935,.6749047870921052,29.06182196344969,6.602433744746903,1.085901195916537
38,2,0,10.2808647980372,.9873008905546349,.8559511251259326,29.61329698979291,6.913609657311595,.9389544916662429
39,2,0,10.33267079899143,.8773276047229005,.5635292052711371,26.24230141576673,6.939829053094404,1.450671158547956
40,2,1,10.49094335620787,1.134727551809099,.7736413484093607,25.67019079576342,6.437626421437412,1.181667166562831
41,2,1,10.10550802441919,.8805770767125407,.797848395099931,30.03287839090122,7.231457332880644,1.143078162003555
42,2,1,10.21560821101735,.7750608717601926,.744177850362938,23.36185918158566,6.712962177160797,1.119044211742523
43,2,1,10.83293757925013,1.488249147926562,.9190309365708875,26.39666313248229,6.009762700815286,.860597185928232
44,2,1,10.26253297227533,1.185762969028355,.9104464795619509,29.16214800654229,6.846562318817217,.9476111184636176
45,2,1,10.5806790993552,1.379676941871124,.7838667326309225,29.57939220337916,6.459903552034636,1.158596591055905
46,2,0,11.05791611213662,1.419002476025268,.804614754359569,27.6653479722381,6.174836393470636,.951942079813084
47,2,1,11.42214412215483,1.552786384968199,.7005339549348413,25.77679383470428,5.687103601732607,1.244200682021428
48,2,1,10.56564557117069,1.212098441690781,.7162426799412605,24.42169411780783,6.299882400640208,1.262620885012044
49,2,1,10.68036728768049,1.289501330721112,.9311468356892181,30.17699498918256,6.454896980705544,.8518819854939967
50,2,0,10.37584998113704,1.136990910424309,.965444349949901,27.9886675579322,6.799497958089964,1.022321410651076
51,2,0,10.31485629317655,1.167790567044027,.9443087169979907,30.63382861911264,6.577490688156879,.9310811262551425
52,2,0,10.42523532541216,1.122295403058233,.8187828095617082,26.70845649048981,6.451883836067545,1.027028397808805
53,2,1,10.44435807472822,1.246740690848618,1.044895540365211,31.28502690072095,6.757553820369393,.7861522504962136
54,2,0,11.06395168465973,1.538325446518756,.759650326951957,27.70756299881678,6.063982488021855,1.139830729919212
55,2,0,10.05510670830229,.8093269243036497,.8417772108443227,28.77783397016008,7.2237468312493,1.046657699636683
56,2,0,10.56822624642938,1.117151160518338,.9719381306740535,27.37463630103251,6.80510892841341,.8402787190007571
57,2,0,10.68126630250218,1.193521186549769,.7010144777366952,28.46162764304322,6.657024139048855,1.277678280493076
58,2,1,10.3126965483848,1.053979735620814,.8223401373989453,29.47161260697488,6.943576642958225,1.049818030391307
59,2,1,11.39734490886078,1.74344148193042,.7346585147423766,28.99512070508168,5.602862463615868,1.237384995655858
60,2,1,11.10414969383323,1.389603096420491,.6328722957866031,25.21087885130364,6.024433067487259,1.406409877177841
61,2,1,10.03980836586062,.6901067369068999,.6794724223888441,32.45630580571471,7.677764479500568,1.212756525423175
62,2,0,10.5603109663462,1.273021541635204,.8553458323109837,27.12444991023979,6.616397026253113,.9264471848532211
63,2,1,10.75147893131547,1.391197575225372,.7188234206480331,27.23948058823014,6.260916155350275,1.191707108269128
64,2,0,10.38763831534241,.995741696469188,.6521549262468721,26.40692022886905,6.608649196202283,1.278755735923641
65,2,0,10.83823169460151,1.446266596777128,.8901035309810772,24.71763511819605,5.702533120952915,.9793826253032927
66,2,1,10.58687876946944,1.228059245537956,.6539800673040197,29.75298192349147,6.515590340317437,1.241423181192951
67,2,1,10.51303521014296,1.397362557893764,.7507493686275484,29.26524605854593,6.321379691264245,1.345482657864276
68,2,1,10.49411893669923,1.085002878976156,.6323691041303438,24.91022082305857,6.443187882726242,1.444957910870706
69,2,0,10.23918302636289,1.096059494352896,.9399556190888909,23.93474410554139,6.232897586739663,.9823663161564538
70,2,1,10.32796242363696,1.03726573865489,.8282735038707814,31.19507120485714,7.114131231399151,1.120634803325302
71,2,1,11.19398967131844,1.519775431692555,.8750883693407741,25.69709322499915,5.907972529921018,.8902249974690557
72,2,1,10.25715721575273,1.188778361254879,.920945278838611,28.47171859085118,6.676748402785513,.7335452470599422
73,2,1,10.80829862964542,1.412396005287304,.81972871327057,27.61906789787099,6.130307799517423,1.140081443540407
74,2,0,10.67022140987089,1.29338444294936,.8558472709316707,27.92931783854512,6.346295520269097,.8209107349821856
75,2,1,10.49343579223567,1.001834324940242,.6680820026773477,28.99481782517852,6.954128125602171,1.296280130963634
76,2,0,10.17727529648937,.9206419840577984,.9918877611007658,28.19587261367424,7.084593882934687,.6823728181186206
77,2,1,11.04815715272693,1.361275633644637,.7444460532901906,24.3101251366887,6.019702605465753,1.311488663550104
78,2,1,10.66509758629115,1.092829145900801,.6837719472486992,29.46192717709369,7.021611434111429,1.144775920692493
79,2,0,10.97466959467697,1.272892224522129,.6229457983874738,27.27482505578704,6.403441447422884,1.378780159093997
80,2,0,10.46479318015999,1.080432094450233,.8914045711657883,31.21300350143147,7.025788722534378,.8192418367189979
81,2,1,10.45153172613906,1.179940758868474,.6639738449180158,31.04472893320003,6.824384851324431,1.108091747708842
82,2,0,10.58437426758223,1.107820295520893,.5461233995854838,28.90709990700038,6.464890794425377,1.490195159374985
83,2,0,10.35669978710991,1.277356651415042,.8646902088818612,28.90706770805846,6.353776923798637,1.055990624609408
84,2,0,10.88086724340594,1.336261198709806,.8286535045360337,31.04908144501437,6.648619405856493,.9836662414665038
85,2,0,11.02039574956015,1.492201085042282,.7924752545234168,28.52596181813407,6.167160137459656,1.067375853010935
86,2,0,10.36629734844977,1.027421909644401,.6979300969352459,29.22663929656174,6.753926108267585,1.114710346620027
87,2,0,10.67730221976435,1.248717271868191,.8184337921495921,29.00091599779839,6.478124051491649,1.107036348461292
88,2,0,10.84034000631591,1.226638401119996,.6170988125932801,26.89529032577738,6.600501093412128,1.390640989446402
89,2,0,10.56544214679051,1.400730473911172,.8976154511444647,29.21771801291636,6.229045320075279,.9607274608250305
90,2,0,10.86453779856156,1.373612555878206,.8966742615745262,27.0276207546306,6.155318601331215,.7844795289819033
91,2,1,10.63357605104463,1.319457298916022,.7895227745398734,27.23434847406673,6.20971282707711,1.124095425761117
92,2,0,10.31843750980104,1.030227819043619,.9829795056639545,25.2805008272111,6.563387003564832,.868176080228842
93,2,1,10.85304760316811,1.301434519383705,.7922317571047834,26.63486198213891,6.211422710019129,1.114768439428774
94,2,0,10.40189092506542,1.221840574956135,.9134995301638644,29.40410195776656,6.752411665242707,.9671226642820553
95,2,0,11.6927974523885,2.027876934617798,.9182570375734221,25.52378371911781,5.203275714179052,.5928349796473122
96,2,0,10.3262786696879,.9670528362237105,.8161357617474949,28.78812931612206,6.913342878081881,1.006529107840346
97,2,1,10.83769334559936,1.282040777803522,.6862309008067509,26.15703409329684,6.194434329663483,1.158735578723345
98,2,0,10.66746921519157,1.371923510113732,.8182458665923225,28.56893090317715,6.235089932429539,.9305203596515281
99,2,1,10.36209631769493,1.147204026834465,.9487657763987387,27.47831344611525,6.715380800380655,.7756825262497822
100,2,1,10.32894839542924,1.024253217777383,.7309040460603308,27.10573623985371,6.873346658194381,1.14921567271451
101,2,0,10.58458753458517,1.241495358119741,.8260822502034024,28.05880574870267,6.181237864059021,.9108867925400168
102,2,1,10.2618338854234,1.0821720743399,.6642674704116209,27.33355656725787,6.562525282689486,1.414713763138046
103,2,1,10.21151259269369,.8086553698287271,.8284092331208742,31.41380043785668,7.407578382760672,1.097404862280188
104,2,0,10.54100578151481,1.200327505799589,.6749634240278983,29.34445462304583,6.58600668114019,1.340090987633463
105,2,0,10.57256570566718,1.134260801175228,.8776550359578833,25.49710790677301,6.384046629354641,.8680897455210363
106,2,0,10.46524244423641,1.297568999894425,.8856860260924246,28.53436636949308,6.347984125518543,.909306663174159
107,2,0,10.73098593744045,1.44757580594311,.9237701133106719,28.5365263508461,6.012855939166529,.8406321365022393
108,2,0,10.39729748759621,1.217016557793881,.921837768364802,28.93722820507021,6.41301560387206,.9003492199297158
109,2,1,10.37214449483471,1.177607994206769,.7273035926638037,25.4346732777455,6.268473624443574,1.203070039348765
110,2,0,10.48094501088621,1.10487400586176,.7691577700716491,28.02295269553262,6.565126889512523,1.279460691015898
111,2,1,10.42027089496873,1.315476069941026,.8877749558375633,29.68673380495786,6.586794376626228,.9716996319362824
112,2,0,10.23465813377695,1.040710715734621,.9353761688595741,27.37965880696894,6.557346696108383,.7072507771299272
113,2,0,10.24779124253101,1.035675908374087,.8690891751071668,28.98695884322591,6.805975857281121,.9348110096375805
114,2,0,10.23470513387072,.9364307744579075,.8497462555131579,28.91429889177299,7.072821016136275,.9557286401633355
115,2,0,10.76983215476596,1.29221607829879,.7290589058809993,29.0541489999903,6.22103136210051,1.02612290478747
116,2,1,10.11919223825594,.9506057663269674,.8784868726630227,27.39717601663453,7.018754859632816,.8951871146682016
117,2,0,10.85978947764699,1.314080836853589,.8207178570865008,30.23884776012389,6.44635046765218,.9464895308436451
118,2,1,10.55312019096373,1.16845534179019,.6335312535640542,29.08257691174664,6.636921305767671,1.38753376418825
119,2,1,10.90788597726842,1.33225215207928,1.073322915297827,28.77459653773757,6.406228164552863,.9016606286464389
120,2,1,10.41333492793692,1.100686195037795,.6974132813118721,28.43408841431882,6.856721061559779,1.247057851009802
121,2,0,10.98235675560454,1.255746790977192,.8110228718778345,25.59162492362569,6.057375792379394,1.108492075158012
122,2,1,10.8644221439377,1.466427267930118,.8223565929573047,28.87002679231662,6.142621963378184,.9054078350673367
123,2,1,10.62401565244464,1.284040048028313,.7022990421106663,28.0888803980913,6.430165397970194,1.236476786320877
124,2,0,10.94559242111821,1.383857333607582,.7988189239701828,33.49227841538773,6.83310063708706,1.172712335739807
125,2,1,10.61181419556497,1.31577773243127,.8425934292719338,30.47580580288129,6.461346095312356,1.113399940674757
126,2,0,10.9119741728991,1.369809834609415,.6891915574485437,25.49558802000765,6.282447607541842,1.35613804136463
127,2,0,10.64327185927008,1.338853785557303,.9755623300199083,24.00183773744113,5.974854836733401,.8127469891579372
128,2,1,10.57491756463473,1.136598337968849,.7545405755951724,32.89062861276626,6.937158312309061,1.164102654166309
129,2,1,10.27616674818225,.9451581252112343,.8105447330144118,31.29196379811355,7.284247934941682,1.128636570286885
130,2,0,10.69792168568035,1.29865993514922,.7669335068227401,25.66708811043483,6.230896539933048,1.217684190414928
131,2,0,10.80383764626722,1.285663225200884,.6971300034871426,25.90372629521003,6.071098976663464,1.239304968919909
132,2,0,11.13591073571789,1.504527040323256,.7931316414955025,28.76865793585476,5.975867059433571,1.132575069169629
133,2,1,10.50672159191866,1.428588633713181,.9865225095249679,26.59541175636239,5.909103319626518,.6843125777838046
134,2,0,10.38696673534118,1.150009233934503,.6356260360629487,30.76515516688424,6.721563274695682,1.252349549516485
135,2,0,10.83212197615818,1.488778194567124,.8201158741867125,26.54510789311733,5.852475795119638,1.117134366131315
136,2,0,10.41566782611279,1.072671762854641,.7235384843710613,27.69884551915673,6.589333950450044,1.150790123630852
137,2,1,10.77780774033986,1.214674287443875,.6786920666932172,28.38202789706719,6.536184841826768,1.172810226471567
138,2,1,10.78147713916817,1.241094815938288,.4477492304932373,27.60539509539438,6.728066349488672,1.728031025519153
139,2,0,11.05448244999631,1.409838143588177,.7292401985365162,29.67006200729981,6.292040008429336,1.055875383958591
140,2,1,10.03608942206342,.7162407898294406,.8330807477868778,26.928338391421,7.123200576035021,.9787776655835557
141,2,0,10.87502797421232,1.43683962543803,.630807974691912,29.35098833148406,6.363641457950607,1.404254124196393
142,2,1,10.39716794271726,1.233704613760893,.8541084545262979,26.47847546518262,6.2394149596893,1.108193947496425
143,2,0,10.48655478759008,1.116066091943588,.7704532866330316,25.82672256927763,6.515975375055182,1.14835872897279
144,2,0,11.04635082580086,1.285484559233464,.8167702367584648,27.48987484809723,6.50776643673741,1.187366252776088
145,2,1,10.05250938249356,.822061487401836,.7798600113507926,28.50052446209449,7.216276539856509,1.235085293257151
146,2,0,10.58802141939907,1.212419140785919,.7342719740113269,27.08898268846378,6.376701456172376,1.116365455380861
147,2,1,10.39054308886459,1.034113386731005,.7647263990214255,30.09199670399263,6.829041234852142,1.170577620311205
148,2,0,10.38405973357535,.9489035864948177,.705326403915326,25.39589712434853,6.817945125251748,1.209693515110153
149,2,0,10.6432474365891,1.223741556125499,.8282157503487595,25.47963915312515,6.379073283011925,.9751923241588201
150,2,0,10.54401073852907,1.180354001906158,.8070848051564845,26.67526532440091,6.471633384853781,1.06623040587325
151,2,1,10.70761804856286,1.204891361976696,.761218162518411,25.80581451901125,6.577021907025996,1.463320676438195
152,2,0,10.30591080154581,.957831639054552,.6564775453319704,29.11798033651654,7.02119788026852,1.218023559974492
153,2,1,10.30021689169152,1.163284350652163,.9107200322498106,29.00477550107223,6.80072768426785,.7988527503866855
154,2,1,10.63512090457141,1.261224428154742,.7918382572366036,28.02116042034274,6.509235534193786,1.16594147884654
155,2,0,10.33102326831562,1.087294579193316,1.010618676996253,27.43294403220056,6.726477190301327,.9204421556418949
156,2,1,11.04577907607493,1.700795633218922,.8692213847055583,25.57057828505783,5.558075558377279,1.167812485198758
157,2,1,10.60532476473893,1.271893925841518,.8661592804919667,30.33678151579873,6.4679074237557,1.00185349720195
158,2,1,10.77220176044586,1.398817223073846,.7025130284482994,27.86730278861044,6.096414309078943,1.207269704955619
159,2,0,10.43505826054576,1.156004697290927,.7838408249766914,27.12961429244262,6.467856678284589,1.03758320710036
160,2,0,10.22395083393868,1.025883942929304,.928242180735796,28.87144333246,6.666292972473742,.8723534789349697
161,2,1,10.48023139287022,.9752880480812606,.5578920823856867,29.59073203796374,7.160406067775768,1.424063397262588
162,2,1,10.02550399640648,.6091557294574778,.7892249212945655,27.99488969739223,7.491131283153155,1.053982028896229
163,2,0,10.38851109407892,1.192428985372817,.8608241796134201,28.0759745308699,6.475070773292949,1.104354831429749
164,2,0,10.87013723750104,1.363280646910562,.5077137692036682,29.47840139658189,6.056585872889967,1.520939279664614
165,2,0,10.04782363833143,.797371655564784,.7395211274307085,28.70854861400134,7.142960924020701,1.224154360878188
166,2,0,10.44890708218234,1.305469487073804,.9332692516884539,27.33290127064999,6.404835790310361,.9299981832448989
167,2,0,10.13850927751915,1.065361736943221,.7893173056749274,27.96321974740915,6.643081861397619,1.093211023408148
168,2,1,10.75422753513086,1.427893052399585,.7653204113785369,25.69468620918794,6.121664486534817,1.180967755326478
169,2,0,10.96686924655797,1.359128682202756,.827841688199614,27.00691667269626,6.196578140934164,1.139584696447355
170,2,0,10.41200638363928,1.199967580757514,.8042387503596149,27.07499535719788,6.411757346551429,1.057550403298742
171,2,0,10.27289133113879,1.091299823588176,.7492019316528949,27.63485720686178,6.490237354655338,1.255965665564492
172,2,1,10.72585808035203,1.40348047834838,.9162631859758272,28.19020384295111,6.180981864744455,.7711922279406092
173,2,0,11.31135119376122,1.577591960171722,.7970648960803643,25.02034471547269,5.820071285021853,1.218755212347228
174,2,0,10.97061291806977,1.408729909718524,.8521220269639899,28.08333725960932,6.125027828853714,1.175380416712507
175,2,0,11.10367090466909,1.451642542095787,.8551642452133943,28.24707009290779,6.088872231084958,.8938148012048025
176,2,1,10.31798715367952,1.062082985544448,.9088089977769118,28.2284355940439,6.791005017546017,.9000466550937147
177,2,0,10.40495575733808,1.013826758688245,.8802272570201882,28.89730874298079,6.795940445028532,.931359476494544
178,2,0,10.52605034981338,1.084250148577595,.6480927210522422,26.9610350169246,6.605280543948972,1.440229505005707
179,2,1,10.58123482220295,1.359190696879569,.873977505322725,26.60923587047682,6.054250193025574,.9285922927908854
180,2,1,10.71286883172926,1.394464598456175,.873784325538624,29.12443091853972,6.442648283443172,.9800951292913971
181,2,1,10.27420518930384,1.097493368115784,.8919245769775936,27.23339579462388,6.626606321346612,.9824363663510122
182,2,0,10.15687138373894,.8458104583786092,.7299941055919451,28.66912658325292,7.337108468762056,1.092216260508106
183,2,0,10.15410599581632,.8835675766300948,.9335410109880224,26.69039709353052,6.866858762070871,.6443768160319412
184,2,0,10.85259817461896,1.319292410911257,.7628359034933974,27.93589108254723,6.382259184726538,1.114061679455807
185,2,0,10.4320362104394,1.119857063453332,.7686740177406195,26.17537135654319,6.488452047864013,1.175314734856354
186,2,0,11.38671720523539,1.633247430769163,.7758400071606837,29.10759747354771,6.04691869047392,1.086903680298201
187,2,1,10.83298631814912,1.466002602492303,.8636995075312213,25.15481442572832,5.72330183839298,.8129827001664862
188,2,0,10.76045154664312,1.316125046121943,.7774907597617885,24.21645917371561,6.061947639471765,1.102414452373359
189,2,0,10.18553961479071,.9825373855138247,.922056031003295,28.09135445301755,6.774323227098269,.9101086247876008
190,2,0,10.71340091097816,1.364910335776522,.9075381173900593,28.06097947752277,6.431171890318211,.9998205810830284
191,2,1,10.53355123662999,1.104561781466857,.7556492032156328,30.71992918350491,6.719519968798802,1.211957017497473
192,2,0,10.87500104733208,1.467395768322857,.7311167311568048,29.44585379850881,6.205573274259908,.9850599724044334
193,2,1,10.66537768230263,1.335847690223384,.8619302757814435,29.11695520124537,6.405659581452324,.974415717961522
194,2,0,10.57553128031692,1.234243567859743,.7638689453700511,28.87840727963043,6.442361384454763,1.047817526023175
195,2,1,10.45791206148464,1.056786060101763,.7480572455365583,28.02700694703623,6.856087624413386,.9871338952043794
196,2,0,10.42481016882789,1.216580700760135,.8204366763839608,26.84051996715991,6.276257610556863,.9431332341119316
197,2,1,10.5372587036885,1.389848960494089,.9728431656884097,28.243082504249,6.382364530088746,.8412806840681241
198,2,1,10.14784972274109,.9161458735177744,.7707913473843342,26.05332783010249,6.877400823755083,.9319889474057214
199,2,0,10.56540303068002,1.195649527777209,.8282624588764158,28.0489105599469,6.429707657271602,.9903099208124977
200,2,0,10.31506794370479,.9791577212791056,.8531673156593835,26.63165856788273,6.686057723490928,1.184852988123924
201,2,0,10.80944689695779,1.249553226752586,.7401206878474729,28.68308356649622,6.61292789024108,1.056191383537119
202,2,1,10.33486865171456,.9633724010074411,.8579664917093184,30.61427727567536,7.16495991177227,1.039775075334295
203,2,1,10.87652468945848,1.421091185048546,.9220018165001488,30.63452071558783,6.49103399610182,.7748305640302136
204,2,0,10.53159039740101,1.246420492566515,.7655691398664644,25.33929004670465,6.153779415240773,1.316698577618487
205,2,1,10.94961000098621,1.371929576837215,.7398699714823896,28.98654866403691,6.329306593513303,1.028794006165775
206,2,1,10.72079969420181,1.432280727766823,.8402366966377233,28.35537973158714,6.080454281349079,1.003793077639392
207,2,0,10.38491429566565,1.070360735934045,.905372914358661,26.17021133532525,6.561544387947976,1.030777895693761
208,2,1,10.92990205374054,1.447689154905703,.8927312613576185,27.75768465709035,6.177872581075798,.9229905104355428
209,2,0,11.00138786597207,1.349138535199257,.6713307952279645,25.04273690378576,6.147960464659289,1.254748949308742
210,2,1,10.36402733335401,1.08889914015791,.7486418026512398,30.63624733964417,7.17942240664595,1.179222337974858
211,2,0,10.43325321319679,1.019366765272096,.7968701713984856,28.16884851179827,6.839277973282202,1.134099479231683
212,2,0,10.29229758876906,1.079236028598195,.6795604156693362,29.68318695048074,6.925339274051189,1.164134681655221
213,2,0,10.29664939904655,.9775344740946496,.7874420371244866,29.62859011976557,7.275980352272919,1.263358959631125
214,2,1,10.50818621477153,1.105817984802388,.7015490691810945,27.96438672407594,6.504166173367705,1.05501928241631
215,2,0,10.65841069375637,1.229830205985612,.6662203245532464,25.19981211737619,6.113682342976969,1.20455581490693
216,2,1,10.03851412813214,.609049033856489,.75355583043332,32.47012242833852,7.881412660900855,1.279597780907264
217,2,0,10.24778449685297,.8054085136776388,.7842691112695342,29.78363274465806,7.325374901948265,1.105987646992912
218,2,0,10.37804681672161,1.072951874995758,.8402380145960181,31.9017707078386,7.014250331748736,1.01325252253351
219,2,0,10.77770742184517,1.511313328195169,.9050821179344086,25.88098415945823,5.80872293299473,.8836639460918665
220,2,1,10.42126882194565,1.183608057740542,.785707425811521,28.276433849221,6.566720105944108,1.0172373766513
221,2,0,10.23068619300873,1.170449305461438,.7546596210497878,28.08403638835449,6.5414290140182,1.042915447138888
222,2,0,10.28329681649291,1.042632799838741,.9749452601021181,27.08143629543484,6.780984492435227,.7629656437940993
223,2,1,10.84592651655363,1.30338930490205,.7104680047250753,29.95862281244755,6.509697945172585,1.310303833608539
224,2,0,10.25521530586539,1.097511701223656,.8260292138882315,27.03549390946331,6.410537992986153,1.128200982935857
225,2,0,10.31177056899905,.864730006412909,.579901684077464,27.88089505953673,7.400991687694289,1.535818565824166
226,2,1,11.31565588145682,1.572966201610598,.6611850648358166,25.07914380997271,5.605979153746276,1.470592891657345
227,2,0,10.1911032450008,.893992449810608,.7233332750239961,30.34100788416998,7.386018304438619,1.083449406681413
228,2,0,10.35371535252818,1.060635053314917,.6726226856820706,30.62647208162112,7.071969488290123,1.489454482451614
229,2,1,10.4616393748111,1.087397173245638,.8792571302015778,30.84871702617269,6.859244115022761,.902314675446138
230,2,1,10.45824716694627,1.083895431199902,.6326506975486463,32.45037128135923,7.135537408987357,1.343729758259833
231,2,1,10.33285598410059,1.145517598203093,.8440337752328018,30.46997186818415,6.590700958040471,.9898166306523072
232,2,1,10.55416148951169,1.19437530632448,.495871970678883,24.69182101680375,6.143870924597343,1.647163011551246
233,2,0,10.08380903575026,.7277262482123188,.5661461143181192,26.94606628725348,7.240299137288362,1.458237279749682
234,2,1,10.2546235797807,.7941934492071612,.7222394292119978,25.35702059399859,6.890141000303228,1.331679653051552
235,2,0,10.5961818935918,1.211941843562812,.6465588317736016,27.91103224388396,6.478010475438069,1.251577845772862
236,2,1,10.53903190663988,1.254109649839126,.6551235573283379,28.96623301540411,6.528551621287394,1.175601692089723
237,2,0,10.60898753789418,1.324703930306895,.7444962085015906,27.90383658980267,6.35556480053238,1.166075309411225
238,2,1,10.45487744885567,1.095864966541744,.7419057190094213,30.59501778935988,6.72535653309144,1.191355904141485
239,2,0,10.68679942787251,1.187702349571651,.7543360190028935,30.96820191387217,6.947802249981092,.9964169307909605
240,2,1,10.67911762154571,1.297780518191165,.6674125162080701,24.92083754604804,6.093474939778051,1.368493622550722
241,2,0,10.1268646844204,.6364929456402363,.8655983956663369,31.50152099729507,7.815076680247311,.8633112992954232
242,2,0,10.69730219177666,1.175847021163915,.7494442787531436,29.13664542583399,6.86790334492999,1.197761635896726
243,2,1,10.60236012523343,1.190958218246397,.7500711567156952,25.71508639326371,6.25383100905024,1.293150604446375
244,2,0,10.17460996112269,.9156743167391465,.8043494701178615,29.71431593054037,6.971941478347132,1.179233170709731
245,2,1,11.64200341416654,1.57724199537935,.7208257652447823,22.633223599089,5.63486221748818,1.323059193392612
246,2,0,10.05694510697946,.7380027923046633,.7926178904340856,27.07010486943682,7.074208389404444,1.059942785578058
247,2,0,10.21773757927771,.7749695222737625,.6781761789294029,27.78874407212519,7.348774535227958,1.243723009169944
248,2,1,10.98065595672709,1.375805519310517,.7131590103938663,29.44414759252974,6.280834811668583,1.081749018347421
249,2,0,10.45450400794788,1.172409476845877,.9104063060083369,25.38227183070824,6.441528154457947,1.04139244223872
250,2,1,11.258695647803,1.517988583812945,.6451085214624406,24.23689646252776,5.582532306976383,1.315701108711319
251,2,1,10.95096181113011,1.486662962618216,.8607131117521263,25.44884242475608,5.843831324534235,.9898718597404507
252,2,1,10.97815471704088,1.509016483142404,.8378633598753834,27.249644358252,6.162689438609245,.9281131034429018
253,2,1,10.29792145770161,1.1462201912875,.9688690702571962,25.38713479026822,6.429722697952414,.8198586331400582
254,2,0,10.20434607831702,.9750049503418967,.9247306117454461,32.18528926739101,7.432688884140037,.6816461155063559
255,2,1,10.55897591122945,1.153081888810819,.75097008585388,28.30808039854633,6.744772232141178,1.230069183001727
256,2,0,10.21907255632432,1.147385258984483,.8623599401163633,27.8172256435599,6.830131212013262,1.103320345086572
257,2,1,10.68554399838763,1.280395504340306,.7625134450869919,30.11578269717597,6.382911767614211,1.160607096716941
258,2,0,10.87856397405105,1.271831069125965,.8200030292269391,26.4011491915541,6.265835926811318,1.073688645512082
259,2,0,10.24802152634781,.9728284601725583,.8022351219758996,26.91215029184462,6.781364039104897,.9966550130859176
260,2,0,10.72891486548066,1.289153568707909,.8349262772089718,24.99421637399288,6.215677466231347,1.159737456955261
261,2,0,10.81769471332156,1.499700925451183,.7301002551999904,27.36609874464036,5.961199865915457,1.209727324329833
262,2,0,10.86138348808304,1.29757698223599,.677987113676082,29.52310158005372,6.408260894939797,1.224461680178131
263,2,0,10.97097979847893,1.43654762821467,.7053838412998499,26.52610729509189,5.932428934489536,1.109644693628398
264,2,0,10.35294751962051,1.204738244929804,.9699611290921594,25.61915973637441,6.218390513683906,.8377756161310767
265,2,0,10.67291779972818,1.48262835351358,.9435272928742949,28.27761716090081,6.090984138875048,.7057322264917882
266,2,1,10.49568005194084,1.286782181784542,.7088322084154308,27.94877965668669,6.547695846770259,1.347750856174039
267,2,1,10.92869923596756,1.403732320260194,.7438441816554993,27.78898821573076,6.320454479086052,1.026594306109377
268,2,0,10.47538900759167,1.341842442656084,.9707822907389841,26.35841033584275,6.075229750749028,.7210940768204545
269,2,0,10.45170594894693,1.418974638475001,.827177668622351,26.88872521941401,5.998367614377088,.7625604747568798
270,2,1,10.57150527429632,1.280314101102852,.8529964745763368,27.34128529672956,6.324804580026887,.7510769359168779
271,2,1,10.72540039366854,1.203788364368903,.6457187935358681,26.2485452887744,6.386739935305615,1.566864463011269
272,2,1,10.57104192912534,1.268640521065829,.7245915224242822,24.38379666171296,6.112643287571697,1.440154943697223
273,2,1,10.43071641302004,1.119519738701621,.683009460448005,29.36407246858193,6.669269099545495,1.163244842612679
274,2,1,11.0220034564041,1.466883021906539,.7089061125638495,27.61624525098441,6.16959890656303,1.132379131447262
275,2,1,10.15236639942259,.6379062852747698,.6274257221841986,30.20597477791471,7.582043625656571,1.44968757879507
276,2,0,10.94647460481515,1.429785414248443,.7875451840780971,29.15311513829464,6.235927345167299,1.149253546891178
277,2,0,10.50924270278631,1.292539093055446,.8748040977008358,29.02058179321479,6.541418718040303,.9153842366934307
278,2,0,10.29950900109429,.927097697093012,.6984100051966999,32.64974858573564,7.373444182923037,1.102967350146253
279,2,1,10.91656533472529,1.27564652260212,.6897498173313631,25.77178716157842,6.330839273699468,1.044312566891826
280,2,1,10.42494391153178,.9251275447305185,.7288494547565582,29.55283732457468,7.030571782248664,1.05477954220349
281,2,0,10.70782363945428,1.271432864909706,.7219090240329535,29.98896345496514,6.640422466978595,1.032864675375486
282,2,0,10.39860392801378,1.143040306323707,.6421151143090236,27.97715793952508,6.782951979035754,1.234051759476877
283,2,0,10.5198598075417,1.316850740584671,.7844324317135085,27.19388660788745,6.240134625406637,1.109900190226129
284,2,1,10.35759090912966,1.097477414451808,.7934631118613005,25.80015753009456,6.426448166176785,.9498900956920266
285,2,0,10.14168722532666,.9598769290801843,.8288914025402976,27.52765009948367,6.937455046120299,1.022903782145146
286,2,1,10.43168056941558,1.323817892819972,.6932033648201903,28.51025950727058,6.401837702029908,1.309794935375608
287,2,1,10.65266720299224,1.205752714687438,.7659158528176879,26.37381197258372,6.384888118125441,1.047215067700322
288,2,1,10.609057826973,1.359549477893332,.7887532170316897,27.16733678486599,6.213489967271546,1.060588249967222
289,2,1,10.23849974766833,1.07210126826735,.7332816686425709,28.78608670558877,6.827441390225776,1.203939493273542
290,2,0,10.90734682456181,1.39447289123382,.8227339571249891,31.81170907965544,6.527329925176505,.9837098329342577
291,2,0,10.26390870811838,1.135302449686073,1.029965579717807,29.13887070927594,6.651721694317415,.6688612353904509
292,2,0,10.76189640678662,1.191197747337876,.8242011533369165,29.87166983569188,6.818948348540957,.9170717649879442
293,2,1,10.10756582861936,.8166357393841631,.9599004037066371,31.54751996773302,7.279606553564721,.9269944944468996
294,2,1,11.1509860999205,1.484928467655239,.7096427085460029,25.89381377234741,6.041307844241342,1.135077806129486
295,2,1,10.61902781470311,1.370774382699925,.8278149240684913,27.73841653182684,6.137098786846594,1.012996104103572
296,2,1,10.8328582307269,1.421365171737973,.8196104976327667,28.21434383729783,6.276739483596672,1.017001208850359
297,2,1,10.64877832468412,1.414031695856491,.8914116460983823,29.46024239571157,6.505598639145717,1.068629880200171
298,2,1,10.09588408795545,.7959521232822306,.7398940300183847,33.10596901473539,7.596458775646208,1.131210541310248
299,2,0,10.6272780595629,1.246857983216993,.9278800070403966,28.19926487069807,6.443825294899634,.9175706252373955
300,2,1,10.29595654010482,.8629583232438722,.7729209204013872,26.90940957555556,6.931024889509901,1.092446454010138
301,2,0,11.13734006738532,1.517624568808185,.7894491702929678,25.78660533781991,5.799206850359957,1.097203259777715
302,2,1,10.66676851433312,1.280277224208549,.8373906058426348,27.27372244737149,6.250077940245388,1.137434821037841
303,2,0,11.21049909644603,1.562758443702602,.7180271054884637,28.92834818169946,6.022232932866026,1.13648506268198
304,2,1,10.91081104190589,1.446027617015024,.7767970001920499,27.19403759247484,6.030659843137716,1.010240427207718
305,2,0,10.54648024357063,1.284232033822156,.7194662802012799,29.09798338864521,6.500179144175497,1.011212957953265
306,2,0,10.53011197809084,1.195308278281032,.7769835210656147,29.66976188989612,6.58521012567235,1.029921617237857
307,2,1,10.72800407133433,1.403175700675004,.6901963051956328,26.62987167556778,6.196843278716635,1.099449665528359
308,2,1,10.2333028072803,.9880826127493814,.9218473039469143,28.20191967165574,6.823210711670376,.8730388650585248
309,2,0,10.5708611840734,1.239511489857796,.8668176891311845,26.55297088439912,6.293022541877016,.9021741170325813
310,2,1,10.93403996296087,1.48766983654978,.7981483403320919,27.65633805249835,6.192124172618156,1.1389367577482
311,2,0,11.32197453800781,1.654594597811401,.8536960935747907,25.53606498343395,5.671503003029481,1.020202267640949
312,2,1,10.38218816457201,1.067941601124898,.7351070661778368,32.20978245586341,6.916209105910998,1.068456576633775
313,2,0,10.55234317884366,1.121538168725078,.6987745962886724,25.3954715534263,6.538833711012144,1.007956031909043
314,2,0,10.19380026812184,.9042028644571261,.8442753052916167,29.78553479757345,7.153778829253437,1.003331037402207
315,2,0,10.32457991120058,1.080484884861888,.7103387683884727,29.95287717457912,6.532049271768212,1.173854596344797
316,2,1,10.59419557171536,1.192292078052231,.8582639426095169,28.96615628562279,6.765894245660945,.9102995531811812
317,2,0,10.82395721777284,1.38874198964469,.7704840664195189,28.91951033177109,6.289975958851743,1.043971798920405
318,2,1,10.65813625761845,1.278658830666753,.7801095786764782,31.73791304275201,6.523163453669738,.8989086821731503
319,2,1,10.38882171862115,.9627657687571513,.7559466932971068,25.47923212860309,6.708135138645248,1.189280724035812
320,2,1,10.03776946310338,.5689662577173734,.7377085029310479,31.60600008791365,7.928435192005741,1.246544240751908
321,2,0,10.5884951368163,1.309833368407181,.7498891776724879,28.29100487630083,6.551393891633798,1.306572522614946
322,2,0,10.31162651054258,1.087014458405826,.978374410387468,29.70900206939701,6.837721849599238,.7731337575961019
323,2,0,10.58555499300998,1.297879596748657,.7671340904913104,26.42962426076025,6.319348982110521,1.095591260475501
324,2,1,11.35492092208093,1.545234795693669,.7679836605082336,27.74847373549161,6.157199759436123,1.264644476847042
325,2,0,10.25890641290819,1.015526470327737,.786133820076421,29.43796683345624,6.918992072512874,.9626863310395792
326,2,1,10.89281289603015,1.440520295496422,.8406654365697448,27.55839630528817,5.954575472655593,1.024130052491963
327,2,1,10.83420380890964,1.332483934983644,.7506108511427008,22.70523773847853,5.879501426465026,1.265983948277672
328,2,0,10.72484430902465,1.334402077512886,.9327495714094779,28.11875817603378,6.221302210634002,.7958290770771426
329,2,1,10.64061218795782,1.401228328522493,.663370260708941,33.27239417753156,6.333097628768701,1.145778020962541
330,2,0,10.521019772572,1.205249617244819,.8312965655399698,26.01629050905407,6.244791961919283,1.123846729753129
331,2,0,10.23645216555239,1.00601454717269,.7859701166244442,28.8216284097869,6.616823606889468,.8987414498454972
332,2,1,10.29367323171849,1.177223493165993,.9775285412864196,29.73967419762123,6.596507882464101,.6322807557903313
333,2,0,10.44867548987121,1.347628963342042,.7485907340773743,29.42701383170322,6.382193125579565,.956742638534664
334,2,0,10.26043926555613,1.063452115287754,.788390744499295,32.41801038894992,7.244235499243645,1.099045454942349
335,2,1,10.83825851132395,1.404611195154831,.9190670021438201,30.86687430841188,6.274186570207038,.7728212509695369
336,2,1,10.64823674897989,1.24019315347932,.7367378846796053,28.30337925906675,6.738749972926746,1.145550234687277
337,2,1,10.41904652968169,1.169038041085427,.9715486978732948,32.92599436528207,7.075010090179608,.8221676956476317
338,2,0,10.47549477467417,1.171002170646386,.8240131194578966,26.9599954020537,6.439051118131005,1.011244321788623
339,2,0,10.23188846378539,1.01446276820309,.9293970278370195,28.70367194984043,6.847379751915478,.8292056630754421
340,2,0,10.56041026361582,1.211175104102924,.7791854880290483,28.37861176982584,6.550346449790935,1.069293517495537
341,2,0,10.24338051800227,1.03677056106904,.8763332174010521,27.18708785960749,6.800727375746378,.8815842060319643
342,2,1,10.41701130093055,1.158467069022306,.8734667468564012,28.99394600886873,6.698058338779216,.7190590904618464
343,2,0,11.27909422057565,1.470200836978969,.9244903685939909,26.79469052231662,6.228160221802701,.8020697712015011
344,2,0,10.37306126894655,1.047252677113945,.6729740789507902,28.45775823377424,6.83266552910983,1.366702181368426
345,2,1,10.8997611216108,1.53155065177621,.8059640743883496,26.82297748487158,5.893435965575862,.938607900516947
346,2,0,10.26837211678609,.9555996327381659,.9597669882081614,28.89664569620571,7.075356944661886,.8002507480522756
347,2,1,10.33267605539944,1.100895488499425,.7849212345257239,25.43102388551464,6.557993287319507,.9693600241686776
348,2,1,11.12696890465157,1.49217562394711,.6704768945742805,22.33289863530473,5.474588448367865,1.259465315295814
349,2,1,10.62313794331576,1.096842732297174,.6121904177753383,28.68163392569099,6.716534506029303,1.216394674103507
350,2,1,10.74699369655338,1.383842826405868,.7766077333697347,27.79765217659794,6.102772271972126,.8955283549823874
351,2,0,10.78367630766675,1.315689285501688,.8251600767676943,26.50672380413771,6.148712540655214,.8802648094516429
352,2,1,10.21804165585701,.9121747825733173,.7503341943217446,28.34266183537794,7.00560945773704,1.175913936895885
353,2,0,11.12266690104405,1.517284227303168,.6956948241614611,25.80692360128731,5.817069720490776,1.145406757955132
354,2,1,10.26775920289343,1.052224454698285,.7937020741301677,27.09846836010608,6.73884281122464,1.058079215384693
355,2,1,10.4271456746552,1.177317124337639,.8734303372601562,32.31406551129626,6.89947212459173,.8419795613108548
356,2,0,10.8219387609368,1.208958924639806,.7139827530262952,26.61879691519631,6.323482776543802,1.052232181216618
357,2,0,10.65793777595797,1.224124407956903,.6555712987882955,28.30537255707775,6.372674472625269,1.190524075610962
358,2,1,10.64979881019089,1.099605370882094,.6084071227644503,30.53556070295252,7.119597396893789,1.252942252106934
359,2,1,10.33521130223034,1.082683060186192,.7472222391245578,28.76023012781229,6.709450214820346,1.07554416452058
360,2,0,10.58110552043384,1.107025125878742,.7861990305176924,30.43927367141388,6.90738475851021,1.008454974652788
361,2,0,10.15136811402295,.874176106035881,.7793857759590179,26.11182231562998,6.875748930832096,1.06240219129121
362,2,0,10.41702701077067,.9576563244801706,.6601031444913188,26.6847979898276,6.819272151505683,1.209693905179956
363,2,0,10.55787388645165,1.149715774677648,.8439770526192089,24.23634551178404,6.070044244426598,1.165063204852572
364,2,0,10.15671763732546,1.11927238303786,.8668790697693403,29.56586064999306,6.604788548937105,.7655859920699106
365,2,1,10.69794789584607,1.333450928207969,.7467062189325826,27.22928188565373,6.13694527318071,1.120485111003957
366,2,1,10.32257176607214,1.241287168283342,.8307407202184469,28.13619887952375,6.334190465002733,.9648940260241267
367,2,0,10.45230288820093,1.211863202918094,.7209730213174094,28.04045133383143,6.346939988699291,1.170443193827509
368,2,1,10.77306975146611,1.349250539199178,.7025700099495911,26.57511164896014,6.154516694091246,1.264857138750058
369,2,1,10.55406041329237,1.35593651164466,.8449254648648057,26.18387918903426,6.059446647035248,1.073710118714853
370,2,1,10.3451625772111,1.023771815933306,.9020887567819866,29.01786986795239,6.895298308079797,.9367586153234794
371,2,0,10.13232279416462,.9883932840214397,.8612603656259228,28.29253765385107,6.767028284341818,.8775283145363489
372,2,0,10.52043782689891,1.080386174246559,.7995973139084575,27.50064220140304,6.718963221745097,1.0798378772862
373,2,0,10.54666347627848,1.175577221517804,.7566248127534451,29.73733014159336,6.705603177169791,1.064875299367024
374,2,0,10.41603321558568,1.2379474157926,.8912742214450973,33.3089672225053,6.7401632206188,.7491591449401874
375,2,0,10.7910656488284,1.443629332643585,.9302201215057757,25.92835282065687,6.07847212884322,.6844311798073341
376,2,0,10.16290992722607,.8345306841908589,.8694283669727446,29.06316842813547,7.253478126275223,.9254067495346469
377,2,0,10.93682044177888,1.506764704510367,.8195839355203401,26.76627686922289,5.917014057213716,.9332735527819394
378,2,0,10.29258436851991,1.081049981764933,.8061278476041864,32.79257192019287,7.18603144362591,1.172804121502089
379,2,1,10.52419757998642,1.023028608993444,.6325568352612063,28.53517533689785,6.798071183841072,1.356615228577251
380,2,0,11.20735478690663,1.53431127304163,.8043893490441769,28.18880091151551,6.131917153214109,1.061172907134939
381,2,0,10.51194736187742,1.233955905327095,.8922876262043482,27.82702116049628,6.587456574253244,.9351048378546971
382,2,1,10.31600393469648,1.059139609672743,.8572933806421873,29.21001943685263,6.721838297460368,1.143192102347774
383,2,1,10.32815373497334,1.21823114773769,.7814326647259392,25.4278627151318,6.36704171828446,1.219762532455564
384,2,0,10.39678723015437,1.101270137971503,.760081132296432,30.4554629896502,6.946204356391446,1.068473686258008
385,2,1,10.05824162404063,.9291503079724523,.9307723562814399,27.52507723572801,6.823078334786196,.8150621988572215
386,2,0,10.76346895309191,1.378270104595514,.7494459156029413,27.59199548389778,6.121319006844958,1.136783414224631
387,2,0,10.13637610033373,.9311193422502682,.82821823297231,28.8654261473522,7.038903022769283,1.086933698917901
388,2,1,10.44627204181518,1.203162720873304,.7966576176607951,30.41473388995207,6.635029479070706,.9567012201428131
389,2,1,10.76163573190026,1.264087521403823,.7016324101421768,29.69400017630258,6.589289494055168,1.234499969168995
390,2,0,10.37265670001624,1.081911665242718,.7617878105019545,29.87657900045302,6.886496681454187,1.238166017936738
391,2,1,10.42277361450095,1.055483346773578,.7590553118862442,26.24613064310885,6.510349335431117,1.182272563514553
392,2,1,10.83944817622837,1.251645726221891,.7565928000383272,28.57404516578238,6.704514408490302,1.038548855560428
393,2,0,11.01182888011591,1.356449462596146,.644942222575154,28.01432128523112,6.248036525229878,1.4425379553333
394,2,1,10.81770175258467,1.297634113861222,.9086540401673602,28.75471666621377,6.421066845197924,1.028299701848184
395,2,0,10.42883579863646,1.187613485767761,.8262873732352023,28.25852928046621,6.556452127887374,1.098687313647438
396,2,0,10.29042408516498,1.208641467807562,.7360359259808016,25.90853143802041,6.190136529638014,1.023748481042977
397,2,0,10.16117374126368,.8958956165338576,.8272543464042394,28.02497287600622,7.058414990066293,1.035004564731608
398,2,1,10.32974376432561,1.06292677910006,.9072271683592044,27.64881329571682,6.697842789578697,.8616514957050811
399,2,0,10.38128557477816,1.062004125453162,.7091376793218052,31.32987483310953,6.931765028297268,1.138169554075328
400,2,1,10.66531454060095,1.167655875558456,.7254635241325891,27.25583581498519,6.625472678423126,1.175952235328478
401,2,0,10.84835684389469,1.403600768213127,.7722114935342654,26.42786422259736,6.166033251942473,1.334297229293122
402,2,0,10.72014210633483,1.547203539312013,.9046646019883566,33.86827467179718,6.558392149333798,.9122675571711802
403,2,1,10.29141387766213,.9782635874583187,.9150367267294538,26.71318439133736,6.867764133854565,.9144152443861026
404,2,1,10.78995021549764,1.353599261525175,.698160982797007,24.8814328447754,5.893884472803959,1.542506040682703
405,2,0,10.50932654364469,1.234138166434502,.7718778589081017,30.82928313697004,6.591989380961643,.9459322659023395
406,2,1,10.47852180975003,1.154340020094389,.8509462928952233,31.42726407398539,6.595903898001678,1.059256224962342
407,2,1,10.35888378880076,1.091618174670752,.6820862840682015,31.09426363056179,6.872091824804176,1.331291867501575
408,2,0,10.70627883396971,1.215585295361146,.7198510569353982,26.59813144556902,6.406639227844078,.9744653126492023
409,2,1,10.1313228506995,1.022942022209586,.9697843363338789,28.10725444393623,6.822792697140878,.730969482625121
410,2,1,10.3976586675897,1.302748474117113,.6157888563616962,26.91254138112392,6.134255947969123,1.454931865182862
411,2,0,10.81861169061898,1.415728682472206,.7028956120708096,26.04121717465798,5.973488772782621,1.034897545457119
412,2,1,10.39802468255844,1.190111283392715,.7822249972361024,26.40924043511219,6.26128447531521,1.080324695671445
413,2,0,10.72552504680543,1.287535015550155,.8994953496206262,31.92406531069796,6.50834396691965,.9517607932449064
414,2,0,11.05599690252244,1.51415434872784,.7359711312972503,23.9975945667061,5.984372777164936,1.186853488199698
415,2,1,10.61782947340769,1.12395996864132,.7540602773601378,27.85634100357746,6.665172722012508,1.156620983692821
416,2,1,10.23041222193571,.9299731326246441,.7445041407046273,28.06070419923829,6.965235974880808,1.128552152783418
417,2,0,11.26236801087233,1.510967892101659,.8096603265402114,28.34910754113615,6.180576093493815,1.137712927861278
418,2,1,10.87849166523682,1.347722949204962,.8563567996599595,30.10148673384721,6.134686085712567,.7841330043517222
419,2,1,10.24720904653022,1.072815131385532,.7286796879652047,27.59836749941135,6.585730798973332,1.098518292122777
420,2,1,11.17336694690979,1.572820992955801,.9048128793332993,26.89062441260835,5.658928076920357,.8590925755280766
421,2,0,10.37578549515317,1.045722989494992,.7215938830498435,30.23530982212306,6.986313076684499,1.222071719346954
422,2,0,10.74949830430467,1.316602694907979,.753258146110418,25.69147379468711,6.133945089599026,1.357416516828625
423,2,0,10.43136509032856,1.37728827317513,1.048014804123732,28.10872310750434,6.215545165105913,.6367425769923566
424,2,0,10.86059505634638,1.286339951146437,.6164144370736617,28.15496141179438,6.325134967048093,1.333202331513407
425,2,0,10.74606139482606,1.37008577468598,.8889399554835016,31.75053110430439,6.493823207179881,.9294216128386734
426,2,1,10.28870771163011,1.103038707210209,.9051481221431288,30.03956115596131,6.912281080614378,.7844080544216143
427,2,0,10.45897633566903,1.20452962283004,.9085379526613772,25.29146241838866,6.090796043378164,.8630912565517155
428,2,0,10.65415669689964,1.159643485499788,.7622975561982519,26.67792303229375,6.697054276672803,1.207345262698233
429,2,0,10.15612067510167,.8337244310476397,.8255259966477821,27.94358272865198,7.011532606825091,1.075162052781718
430,2,0,10.20863823558455,1.035841358577683,.924714766200566,27.79192674975323,6.898880331983091,.8145194679040346
431,2,1,10.30874306410299,1.141029637245125,.8335728002176956,27.45803224007193,6.646714150874897,1.021744526708135
432,2,1,10.52439669228904,1.228416014435663,.6990690562922139,25.71686901100852,6.088717451008749,1.068641998834291
433,2,0,10.35379512331736,1.011172601626711,.837828418445669,27.01999671675016,6.793480067805962,.9996958854269214
434,2,0,10.73972611770446,1.130803906296884,.8588210295902856,23.69204236046818,6.234931564731967,1.057734554181245
435,2,1,10.46791276550975,1.103279947008656,.7124956917371236,28.04693311964531,6.532410456627923,1.091206330369326
436,2,0,10.36485293658581,1.015227062028002,.7992424137574523,27.43875063625521,6.782342601551941,1.119245894732819
437,2,0,10.39065037715329,1.108497684516178,.8285021894562972,24.94096131983648,6.273565433884725,.8965802362947524
438,2,1,10.61510546495628,1.141830933244337,.6886992102535451,24.34247044919837,6.162696552391518,1.188993265507749
439,2,0,10.60550550233485,1.349089947582317,.8147719660830981,25.58957522697731,5.983403997247452,.9194063177222586
440,2,0,10.39179264000456,1.198243376676864,.7958718671576243,28.37436875138978,6.642792733046545,1.161881687232931
441,2,0,10.54960744991075,1.420190147743035,1.047091179417129,27.45767317324764,5.946585074881708,.7354957897277757
442,2,1,10.72110896808506,1.204951584641931,.7151350596106328,29.74723040408906,6.69771821842351,1.168462732979502
443,2,0,10.17106525721931,.9187610181350625,.8519326846104887,31.87528053546777,7.362602614994793,1.066294757956916
444,2,0,10.28177480660497,.9548649183981468,.7886996767096599,26.36248886895876,6.970633702615959,.9936321729094532
445,2,0,10.67011974369152,1.231016391156633,.6754569046735818,27.33914087850306,6.447993640362219,1.247075980373592
446,2,0,10.27266043879155,1.00382873677019,.7370665503001307,29.08432800125611,6.810816278433579,.9103620023853292
447,2,0,10.73683506476605,1.350065185507841,.705351213151756,28.71638226996232,6.651848057463434,1.215193351090907
448,2,1,10.41217725279874,1.141956839651943,.6806336453911138,29.35510592072035,6.570136130465987,1.25467949462425
449,2,0,11.7814854848242,1.719589948183653,.7766523412068131,27.50160250269146,5.949955742541284,.9304121074149672
450,2,0,10.2984331992506,1.112279299583083,.9393400385321841,25.27148950806148,6.265704076794084,.7999388942783779
451,2,0,10.90640613569696,1.45020678693328,.7807767523507392,30.00151225863114,6.208315425564385,.9740780258078451
452,2,1,10.19265433080599,1.226816762504509,1.006127189711952,32.77576766896915,6.97397228102276,.7492045835888115
453,2,0,10.15878107603523,1.02929867126779,.9488638927785522,27.81399983233677,6.666964513049414,1.036083435267853
454,2,0,10.79313969402403,1.238157975286588,.7848951248577878,27.02232133314507,6.239355419828722,1.20006406931879
455,2,1,10.74492729297397,1.384441455146439,.8066099251985966,26.99356057822139,6.396369965839085,1.081260699468239
456,2,0,10.38737605546455,1.182273026909862,.8109640012796402,29.56636417329914,6.55667833981843,1.045830257100648
457,2,0,10.89569338655147,1.264979660583538,.5090379836047833,28.05221752628146,6.317080136714101,1.44267663449269
458,2,0,10.65907792679656,1.228186807741031,.8364153600969356,30.39253483807308,6.819142187464585,1.010519844259192
459,2,0,10.69173302270011,1.190312652601098,.7351233281493025,30.71173647653507,6.828931535606801,1.022637587824583
460,2,0,10.75504374940406,1.38126552945232,.8343510894397874,25.74832695531051,6.124317197113853,1.101531774584136
461,2,1,10.25153463250533,1.067930024998903,.815048215785674,30.24839364576302,6.906691958456234,1.095133337940721
462,2,0,10.43975841454808,1.039853658606783,.7291559856712522,23.90270500225962,6.406035466477523,1.116079096234708
463,2,1,10.44529397121811,1.200239992571657,.8406731929557982,29.86530511992932,6.473099335023689,.9947600934362634
464,2,1,10.36276464155586,1.170186339085074,.8758235806367021,31.2645180457808,6.77518651846321,.9909086815549328
465,2,1,10.41199752840046,1.173964289446417,.8740289869469375,29.07075937607186,6.792134303127108,1.079589975154877
466,2,0,11.32227525718069,1.605463509957661,.8525082498976082,28.16531302090301,5.941198196440635,.9567880793368549
467,2,1,10.50496012173987,1.110026123586393,.713467767979306,29.20283084779856,6.715236231012359,1.091442351095179
468,2,1,11.40218245672619,1.605220598580057,.656860083282034,25.24430419943523,5.888608257928876,1.161649705585222
469,2,1,10.29394378687758,.8619387564822962,.809778954850217,30.65653502282664,7.350858780032336,.9704273703267977
470,2,0,10.9504614853094,1.566194692501958,.7277422464094286,27.72932030850528,6.151484323395302,1.240635497219352
471,2,0,10.44232038284531,1.223767526858163,.8830715103789895,28.46125528373349,6.521265519267661,1.045722889141568
472,2,1,10.94275655361723,1.376483029968423,.8496787808706658,29.81287257200076,6.198348455153778,.8860921683445326
473,2,0,10.30767294430724,1.051872487741057,1.113424988198377,28.81567390982447,6.731861347488913,.9671248692477111
474,2,1,11.07636062641464,1.506904720199432,.6829119844217888,27.1595045101751,5.986970502212078,1.146995887455049
475,2,1,11.21590574225043,1.474773593767812,.7281794319664479,28.21554823409306,6.128654013120872,1.009715880847326
476,2,1,10.21802865437313,.8382260437414677,.7454309589522969,31.50271825359134,7.443468492787323,1.057454717796652
477,2,0,10.18550277290868,.955612524584132,1.043148446215549,29.87422710772684,6.969992397809144,.9010331826555569
478,2,1,10.52850710291739,1.068190040147159,.8728256940441261,30.23988079793966,7.050731816915039,.9720386601493062
479,2,0,10.75688950968121,1.351963960172293,.7046697857590338,26.94183756467373,6.25066299612443,1.378761300535866
480,2,1,10.23675218191051,.9797731144731561,.8215048776417169,28.4752708817449,7.290705695850168,1.115865007857265
481,2,1,10.41559335302793,1.233058248257662,.8531571883714457,27.178593256651,6.363679599920724,1.110017676739655
482,2,0,10.54417203000972,1.29741126888667,.7582908513498678,26.32063560845339,6.140752098626789,1.128323624243927
483,2,0,10.22759614761192,.9507282097124012,.791641905572773,28.73809919848744,6.915547715802463,1.072068789546147
484,2,0,10.65234041910598,1.289510583804664,.9726165883964205,26.33402848117068,6.210379548278855,.8354063564513939
485,2,0,10.19377955069813,1.012019616749328,.7881001245063572,29.43705519241057,6.933241431527848,1.181970299648098
486,2,1,10.27605798294298,.999803729192397,.8226138986405913,26.85940043774617,6.72332202292563,.994168358202235
487,2,0,10.27451565458045,1.060161874382785,.8626075896544019,32.32465822198541,7.0675524650708,.9558238066388309
488,2,1,10.23376641585287,.8461126220676156,.6442647264839025,26.14642438532379,6.946468892116105,1.481588562471791
489,2,0,10.3309373109895,1.177015576872344,.9120360562850929,32.12831734708544,6.623560848631456,.7327153591000471
490,2,1,10.67077939530484,1.244759400608258,.7896480085021766,27.63148409453122,6.401402127003766,1.149817797252279
491,2,0,10.17730513101558,.9106678199901104,.7905130668081389,25.87994349873779,6.997888764107783,1.140276678054563
492,2,1,10.26096564230093,.981443076900484,.7800781939921462,27.75784576597067,7.018596202740045,1.174033762598535
493,2,1,10.19245503417615,1.106320962700243,.914338695007747,27.77824826141173,6.559268528554941,.991899785158197
494,2,1,10.75392413597439,1.242899160491793,.8053657380388287,30.58349378310787,6.649981761825218,1.067189569659076
495,2,1,10.41856061089532,1.13707768317229,.7790650880503369,28.03542169504644,6.660437899519782,1.341009831018006
496,2,0,10.14994422372059,.9900701542520696,.83424076830855,27.52931246171191,6.952266066178334,1.00199749286063
497,2,1,10.45090416932988,1.305783922233405,.7724491249504073,28.24564412556198,6.295288581843526,1.069357166719243
498,2,0,10.52916270933771,1.27621397645484,.8427800072047558,26.9623710015309,6.250017242788962,.8743102612012286
499,2,1,10.10676113996459,.8430740995062195,.6992877512872533,29.51188155861115,7.060950208833504,1.171146349959338
500,2,1,10.5106076567141,1.333897202510844,.8386905487169054,25.52852777318224,6.192517678582568,.9717558590677351
501,2,0,10.52195807009961,1.391655197109519,1.018144704266688,27.83082326873904,6.048782250225542,.5819660959790057
502,2,0,10.59194378277756,1.184522813974568,.8242151116263112,27.79571329340514,6.611413839783063,.8675773140454772
503,2,0,10.21985314191802,.8876726543400553,.7302676963383915,30.95431821879446,7.36468827204602,1.235273319364934
504,2,1,10.19252829610631,1.05978999435929,.7717865628489172,26.79443572895098,6.540427842698533,1.283613959183777
505,2,1,10.53518346872613,1.184437775577468,.7761199456075245,27.29053970132031,6.310944704206889,1.072218667545888
506,2,1,10.48234084996543,1.297585473576403,.7735929217622991,27.51465177861057,6.462327366993097,1.012537399475399
507,2,0,10.41350362983701,1.050374098738009,.7033469767967742,27.69097401140869,6.843624729927914,1.17752049544728
508,2,0,10.29743361735174,1.00666809560702,.726903423624216,26.74950532524458,6.748613557497964,1.121130099081252
509,2,1,10.1415191797413,.8064162881864356,.7091084490758061,26.7637702294211,7.146059146776022,1.17268376772155
510,2,0,10.74837967894193,1.297822526717244,.8766534807547024,26.20802228703322,6.26714356862345,.872531271062191
511,2,0,11.7743944267827,1.779294995423726,.7510083373368496,24.22788918913426,5.323848809884255,1.235331568379741
512,2,1,10.71695292174375,1.200231432853655,.6707527531962392,29.16666005574725,6.561519256002436,1.356938465787732
513,2,0,10.02859124176327,.8384514758743105,.968777299793288,31.12679553688192,7.375852408968973,.6494576747754396
514,2,0,10.75465311564683,1.319310593069378,.6533875149716101,26.14458990129475,6.298786471276461,1.59118581509326
515,2,1,10.16296105911565,.8204580430426009,.7716786870575877,29.21155177357566,7.300776539640021,1.166830886491069
516,2,1,10.35636666842278,1.158381265814747,.7059849913410543,27.68091537610176,6.360932425524412,1.093148943542258
517,2,1,10.19811742200824,.9516240775299006,.8681481554963292,29.46715006588793,7.142133681184428,.9823526288023223
518,2,1,10.18852854332964,1.054238753258493,.8273919319121041,27.91791440404972,6.76162206832849,.9257150065594935
519,2,0,10.46820963208096,1.137432088807998,.8851648902543978,27.50096292825288,6.353011421622552,.8688344139231752
520,2,0,10.50728134656409,1.146893843574519,.7401986623762529,30.21867587223876,6.713647017754608,1.268793675383135
521,2,0,10.28264920701109,1.046052588788092,.7217788745139124,29.50517555204163,6.923159230126467,1.246929379022676
522,2,0,10.75601219982388,1.333997649289181,.7043666288337675,26.42628727655781,6.34162644462444,1.33117839644236
523,2,0,10.09176749658659,.8269619911507888,1.002899041565227,28.98816007003108,7.179658756030764,.7706631022495576
524,2,0,10.77766994555084,1.357794638138167,.85821752214181,25.78458929969982,6.278564673716225,.979441561679369
525,2,1,10.47701442062627,1.29084210119946,.8378189443641044,31.12924702152306,6.524196717679295,.8730099924800384
526,2,0,10.9974203941213,1.521638996370561,.7110428093854675,28.28518523675261,5.834396002724513,1.307774257810416
527,2,0,10.62164370222654,1.347460605991146,.8312255068540599,26.20149542651501,6.220067911789635,.9727907822788263
528,2,1,10.74208858092727,1.310224789959627,.8226125354186457,28.65679800410216,6.206570691425397,.9422722173096204
529,2,0,10.12078997159602,.8824540708524162,.7010302794852349,26.84913812179053,6.870148401807579,1.160381450575469
530,2,0,10.13323183494355,.7564254760533959,.8409593160057571,30.32893220674319,7.406005481732223,.8887613982106475
531,2,1,10.48156677356166,1.086131423659849,.7135691771146544,27.86800312308836,6.634954030449826,1.299480759479607
532,2,1,10.73863886823783,1.401777943862062,.9557848469496055,24.19633269765141,5.935947554366841,.8980700758033064
533,2,1,10.77091671686052,1.267107825326175,.901420526158442,27.50636491492573,6.251222308112506,.9140693366172674
534,2,1,10.45352043222524,1.111864071686662,.9368302690217141,27.64489773630199,6.605894304640249,.6233624721553181
535,2,0,10.2810923808669,.9342951275173694,.8659783887126442,28.37592572798491,7.03228674922787,.9493102869063014
536,2,0,10.47516656476179,1.338038218589529,.8208121830408237,27.47803791791026,6.265187374652103,.8380493224798365
537,2,1,10.48412219248975,1.323888906481543,.7037983728410372,26.75454742657491,6.353868853048786,1.115920787562669
538,2,0,10.58909612116934,1.46493203926949,.8236641895332968,26.33051702845634,5.870294879222179,.991137428029675
539,2,0,11.14687863444802,1.468441083707505,.7334269832295529,28.35306309926596,6.231081585916783,1.181802769410651
540,2,1,10.63790052138304,1.309878388398905,.9061815793503469,25.85407172510153,6.068634963709838,.9604076841654265
541,2,0,10.72453233896493,1.402556608506514,.8352025624418218,29.1351408387981,6.174207144922699,.9184255846225655
542,2,1,10.77504823939011,1.350753555833961,.7475144939086276,25.87166592627596,6.195540984184764,1.304043681054545
543,2,1,10.74153213973458,1.351336857869446,.789130056784908,30.60597102467623,6.57800671494204,1.094023967896952
544,2,1,10.99105695328638,1.36221496191215,.9183033076798903,28.54003810356419,6.407672965326298,.8068446149469072
545,2,0,10.85642087604208,1.291493661215393,.6056354389537677,27.67281545386536,6.169899570055023,1.242234856797662
546,2,0,10.57137208016351,1.345960886088581,.7820392400832763,26.3788007576003,6.031990946066643,1.112818652979757
547,2,0,10.36626373830274,1.030614427910554,.843398007809036,28.45283669841743,6.859351810142464,.6359894074199274
548,2,1,10.59696072513521,1.34493281141126,.748909736291038,29.72291105482984,6.437098420511147,1.211513812583767
549,2,0,10.76805068324169,1.297629734775606,.6329054923119289,26.96814128437151,6.006538655835968,1.356133608007083
550,2,0,10.56533551456131,1.148708211802469,.8579708604606997,27.62318572653073,6.614577362519735,.8843877793738606
551,2,1,10.35385217727725,1.146557153859393,.9500790651073177,27.12973771347995,6.522191648807757,.7230584776782426
552,2,1,10.31515044467913,.9980971000660119,.6899222560821898,29.2230254140801,7.089484675161819,1.181156375281028
553,2,1,10.61627286712309,1.259790626951207,.6993703825264384,29.72064789600789,6.706925694920253,1.35945351376271
554,2,0,11.32632478124166,1.49799175864067,.7113312625571599,26.47497128039621,5.907055330158656,1.174588271690136
555,2,0,10.34435605188335,1.161281313555578,.8489069739173094,26.54539827497342,6.444267865657476,1.024223062655023
556,2,0,10.537276227679,1.178448388652024,.9583073714710943,28.87244680542113,6.623810543517028,.81612509231508
557,2,0,10.47698493807902,1.255235947609058,.7504017737556956,26.75200141233228,6.116952596181732,1.321176676159103
558,2,1,10.08918037964303,.8098285276254906,.8698738557844018,26.85355473840895,7.003016262918263,.9124620292802653
559,2,0,11.01392607136161,1.343813130333101,.6908209931922178,28.66814683199992,6.390639933103075,1.195801084756098
560,2,1,10.75249138012696,1.334096665275242,.7388142643526778,27.19816293919502,6.348659629915204,1.235396258407443
561,2,0,10.62274452501729,1.416870312628279,.9162973363443682,27.0564639700891,6.11680107021897,1.009996703085617
562,2,0,10.86491867554873,1.426500193035425,.925332933583605,26.42879402793642,5.958279369288662,.9075074369377472
563,2,1,10.70126755455112,1.282390596369347,.7828712899217942,28.01850374372123,6.315820383280973,1.066699805737566
564,2,0,10.42283881595304,1.167045683611881,.7271563904858013,29.78502286074697,6.606993710722102,1.163731420530185
565,2,0,10.27692252712513,.9377119707948123,.7238657580782245,28.59033243491142,6.817529554016981,1.085766687915529
566,2,0,11.0238668898068,1.475779208061025,.7287823453557181,26.58327754801418,5.936596082435579,1.257213727764117
567,2,0,10.29792146529246,1.096976937123694,.8975217423299823,30.7479259182344,6.920191741268288,.8572863652519807
568,2,0,10.52786168720971,1.331775925774735,.7908652016682982,27.39318538614499,6.222291600742356,1.022936191665433
569,2,1,10.71117870081979,1.121768409061404,.6435472884185166,30.56063822012403,7.178571353002642,1.388960007592483
570,2,1,10.41864424052724,1.153906777476412,.7386620152735339,28.04617575893547,6.507614410999167,1.043496674260781
571,2,1,10.47130300619861,1.144678553009924,.7120748126664376,28.68170049343916,6.589733393049459,1.261797579851224
572,2,0,10.54557386657639,1.307277938948175,.9008645923860776,27.41280798419704,6.21171613210409,.9972485959045142
573,2,1,11.01159454730671,1.390824340890142,.6667919924324699,26.23339575856058,6.054391235201193,1.160019294649577
574,2,1,10.42687866739634,1.178155152614399,.9268595076489057,26.86927625061683,6.418209387463113,.8317206685972971
575,2,0,10.77279351815364,1.419042501161707,.8628907623138339,26.30143603153123,6.106665409979231,.9108437342205963
576,2,1,10.18816778694939,1.030513449978958,.7758615447430323,29.86083909458536,6.865024533740038,.9709112944662317
577,2,0,10.41306561894473,1.271278348086469,.8577627084453795,27.80647272138866,6.377504840163188,1.00341674479415
578,2,0,10.67578758623975,1.337412851162513,.590847635095654,30.19098223264533,6.437416242933022,1.354744483465034
579,2,0,10.10707951695764,.6502926579886283,.5893067316048585,29.79859011219899,7.761037455504676,1.501165847074909
580,2,1,10.6041520070333,1.125041505584248,.5880283529828458,25.46518765786207,6.260353670940979,1.411125562720086
581,2,1,10.89190207842598,1.407442601792712,.8403307999950738,29.32825611866785,6.314034143712996,.9334800146710691
582,2,1,10.56617241906086,1.300553475724608,.9127980768175548,28.24015966511704,6.260277706457949,1.017947441428444
583,2,0,10.58617309481105,1.34225609580177,.8154408175822903,26.32659225098393,6.041144548517347,1.029821644808289
584,2,0,10.18501910665385,.8911434622429265,.8111945128362796,29.3939303432508,7.016161807798433,.9876897497495544
585,2,0,10.37726330153882,1.111377037961922,.7797074859741834,28.82596182821829,6.961457213373287,1.093360427394438
586,2,0,10.64951826374294,1.40886791588737,.9021443878642477,26.41084131343182,6.018017449660039,.8289422224423632
587,2,0,10.43782542415432,1.222963978152627,.9659920685724688,30.46708100135478,6.668747178752488,.6694365994050433
588,2,0,10.51824134842859,1.279349532239376,.9510429627211878,28.78480842185533,6.598032320871468,.8796935827697052
589,2,1,10.19849779879176,.9123686187024305,.7969044106500942,27.78858867488122,6.992420452484681,1.141226386742816
590,2,0,10.52488550223326,1.040466029582341,.7092841980636819,30.35461850544398,7.199221988726769,1.140567124875504
591,2,0,10.31200924682153,1.093441493917102,.7296336789016874,28.29807389287997,6.891564430578753,1.257928719429541
592,2,1,10.36011160381574,1.22973019599234,.8886760617188492,28.58426972437818,6.458037388245916,.8736097924666512
593,2,1,10.53963779637465,1.286751122735072,.7661973852112038,30.45579882873837,6.602191943757546,.8811399266077625
594,2,0,10.28770819626365,.9558265012545688,.6405773234650572,26.21383647068528,6.695236238440575,1.353393550815164
595,2,0,10.15762405368254,.9891420502477045,.944150076197115,28.96451502127947,6.818535602090813,.5561127471018752
596,2,1,10.69296473218655,1.291049023239229,.8858457969835352,27.67575814469383,6.122253547761153,.9605356866660021
597,2,1,10.12194382046913,.8457434090746628,.7767766407886409,25.7346074527936,6.994866980951296,1.087509848675597
598,2,0,10.75558554043928,1.336930693839046,.8845439459671395,25.50131543386572,6.19068944156033,1.033359240868969
599,2,1,10.76161084872073,1.373446340871608,.7865478745794482,24.53957823969242,5.857492625834062,.9310351784939912
600,2,0,10.723663422744,1.222520208587393,.6970261183920492,25.34709822521111,6.413828522488902,1.115939691609199
601,2,1,10.78914101011874,1.366506329675486,.6760153342723284,27.11720982237963,6.026149358674758,1.410626880870796
602,2,1,10.91623044920815,1.486147729404514,.9761334823692611,26.95796195979456,5.933358067354009,.7599715382723387
603,2,0,10.23874071394141,1.056485186030946,.9108538524892562,26.12487935714899,6.676213244860056,.8913193697819486
604,2,0,11.54047085799204,1.763220910196202,.8117274153043099,24.0944385588631,5.573614519522502,1.06687850737867
605,2,0,10.2906180488917,1.052723326968312,.818026590515348,28.26455137017393,6.601206957659406,.98385371587288
606,2,0,11.18437560020265,1.474905757746972,.7224310602398295,26.90124277760365,5.934048800946847,1.355246716006975
607,2,1,10.27510445291268,1.057757677139139,.9095775486185378,25.41592408163466,6.52747869647679,.8563457489214783
608,2,1,10.0402435708242,.7076367020364792,.869095102753161,30.16221071803912,7.582712854920725,.8916515948841808
609,2,0,10.80222799178987,1.432596792351397,.9063445580529561,28.46083752171363,6.299270778279866,.8783978527390239
610,2,1,10.64149416757186,1.207430108127406,.7785920557760853,29.15992765830885,6.649864803727634,1.003920184027849
611,2,0,10.49105587035847,1.154956992397136,.7455978056010962,28.05021219003415,6.567347156943929,1.158609027911907
612,2,1,10.35054619148853,1.259615960194894,1.112954217029854,27.8011750720875,6.271199972104101,.8486135024983282
613,2,1,10.60224256334028,1.262349344859559,.7446719391732556,28.40979917494085,6.386627841930854,1.007182845109911
614,2,0,10.84810552735597,1.416013870156716,.8134390404048963,27.17267755372192,5.922225127134475,1.114459377152869
615,2,1,10.6653461101778,1.302096834611706,.6918370788526359,26.63648881914164,6.107847553001246,1.246087262178171
616,2,1,10.82076590339494,1.369877415749121,.7786000756842159,27.86994310688737,6.198197664469173,1.081343493929381
617,2,1,10.1959408090203,1.090740360085772,.9248476170864953,28.98341219997512,6.487849753509647,.8202228176225008
618,2,0,10.41114917885436,1.103209975688353,.7966001620208132,27.89837523734762,6.608017044865608,1.035126759398799
619,2,0,11.17444231116385,1.545873650206969,.7074280459664277,27.4934290377619,6.088169715757475,1.340629050039701
620,2,1,10.47622166070221,1.259956007474599,.6826213264452156,28.52262465813698,6.537479911078075,1.422335156273548
621,2,1,10.72542834687303,1.277198126855531,.6898053704177617,26.98387827157848,6.215749373606076,1.25228591539831
622,2,0,10.57029989314814,1.257628734107658,.7349773624195499,29.7396474249645,6.590375347476147,1.190848238422918
623,2,1,10.8453463112503,1.475419387160889,.8121065282892315,27.97916755699299,6.239043630121692,.9762054645191859
624,2,1,10.21549713500728,1.115575358753928,.8275948817115738,26.96962605586585,6.699194518812537,.8448965050712509
625,2,1,10.66189348878738,1.099302931282323,.7200153623132742,27.47142151530389,6.745345561180398,1.15567774505802
626,2,0,10.629866515897,1.246999437089495,.7802341133308732,25.69297370875956,6.39231319097223,.9969064880677702
627,2,1,10.60551424181846,1.170504360109798,.8471220764177476,29.741224324262,6.648522277818645,1.009744824727362
628,2,0,10.43153765069825,1.377437457157752,.9378531381026598,28.86763853580993,6.140769674872679,.870601730559202
629,2,1,10.22784876999741,1.019660814389991,.6067733238869903,30.71585415260873,7.189644674717986,1.475296865963512
630,2,1,10.08099284151493,.9456929146179601,.879233923169903,30.6553516103687,7.169815965252014,.7818324428200736
631,2,1,10.14484219551567,1.047754935989859,.9157523632409099,27.01934143200413,6.662956347215971,.9421476073705538
632,2,0,10.55503168498584,1.338667533230349,.9067694116754321,28.11729489751138,6.267190889551743,.8172776847050477
633,2,1,11.0452721354198,1.50498489328449,.9325993554412542,29.17264464467845,6.074882531072292,.7417771996501377
634,2,1,10.51253686535384,1.270908079645409,1.021174709503438,24.31903588517394,5.951265397367009,.7804555785946012
635,2,1,10.35226245933547,1.168580583921309,.8744451905327686,28.270965791808,6.377811559265518,1.069191188567302
636,2,0,11.24703534948389,1.535004471531668,.796136119718141,26.21362483425,5.833611474502421,.9251223865668382
637,2,1,10.14381938597209,1.050736016484103,.888078551374368,27.55302898982148,6.706999822961264,.8603407154511481
638,2,1,10.54045744086521,1.13039325955491,.7955026131232918,25.08153961430741,6.387433720675399,1.25401156573978
639,2,1,10.28006244444446,1.07113562576532,.9025954714821049,27.58209803039452,6.676040605718748,.9945389107813923
640,2,1,10.64540122002682,1.222523380813822,.6584684718600436,26.77508913151702,6.451940350631978,1.319919600270513
641,2,0,10.33852189636754,1.056061670212554,.8790682375577528,30.88894979272598,6.878330209297446,.9585786950572625
642,2,0,10.79245851749894,1.278821720045395,.7701527153529859,29.76991840836243,6.780252391965583,1.137614117071592
643,2,0,10.53814794938941,1.156385992491311,.8271604680417819,29.56608378758072,6.701039201202341,.9626615542431478
644,2,1,10.32221127678129,.9938714045218588,.7137488914490983,27.40792430299569,6.978616523928838,1.378205987364913
645,2,1,11.06143234806787,1.395229122927592,.6898402155980047,29.03633283017312,6.582199273921161,1.377632081056207
646,2,1,11.03452018311078,1.431784975309173,.6518170191966668,25.64166849376984,5.890065251858467,1.41672990364105
647,2,0,10.34008920258336,1.106926646941468,.838237343176458,31.24627905119449,6.980040681060095,.9904992695119742
648,2,0,11.38344382970057,1.575417504547264,.8504031182239635,26.11865238889895,5.742605377858448,.9873994153654697
649,2,0,10.33124742784987,1.280790677248453,.9797000950501898,26.92948868694831,6.165780585482588,.9127439090083451
650,2,1,10.47259224109583,1.22255993969629,.6503463958852095,26.39574930453786,6.415142833457024,1.209438543712243
651,2,1,10.62203477549308,1.206779460395213,.8036617037003622,28.12194872174903,6.781908426936582,1.050284501889725
652,2,1,10.68928634282106,1.202844695212587,.6846296664163725,29.30687571392718,6.6475914934547,1.239495076888617
653,2,0,10.61068716677824,1.227591911954441,.8504160270924828,27.99692223888698,6.621447820734012,1.079508810244686
654,2,0,10.38379747287752,1.156591072151587,.934301629536443,28.76613184400149,6.66825584693058,.9352815814626388
655,2,0,11.17754211169144,1.472121446607583,.6500446253818593,27.79900532129981,6.157012371362242,1.186964412799002
656,2,0,10.97948962109527,1.589300593950095,.9515147335483647,27.28314709890627,5.931225298490351,.9651858952174559
657,2,0,10.64627530834024,1.303728726399842,.7391941595318581,32.57405594802839,6.57439205808777,1.123605247528268
658,2,0,10.51546724460347,1.187056268422969,.7706554764664196,27.67223089481643,6.393187058246393,1.250662774431105
659,2,0,10.40129201225208,1.093999788909298,.6582550973446607,30.00738893296523,6.737831941728449,1.285470999698157
660,2,0,10.73857697667535,1.381921672769643,.930037388287287,27.52344920846902,6.107794890865208,.8754634392558144
661,2,0,10.44424406166466,1.270522618637934,.8779520970156136,29.66928200336013,6.608859817962223,.7014898652225692
662,2,1,11.04345811744472,1.297191516328714,.6977736289473699,28.20692434559398,6.881441478935457,1.215549779848955
663,2,0,10.3759754112611,1.14065755342595,.6838068785673792,27.80991790837951,6.546547220194774,1.204243908054755
664,2,1,10.76283349217428,1.199252140528064,.7465922606080293,27.29925818941025,6.339613316347423,1.061334196076428
665,2,0,10.50312726338496,1.096995145953934,.5935236971369846,26.71999557105663,6.584983649659064,1.421326642362015
666,2,1,10.33143840614326,1.08058187261605,.9170305765699435,27.81047857707025,6.71668354158411,.9023977778418684
667,2,0,10.34208370696497,1.339751807561567,1.096418777766567,26.75496387119341,6.089870666803551,.6644495036629574
668,2,1,10.30903881342771,1.062479428744702,.8349556328051425,31.53065626653648,7.092328585663478,.9688327220859058
669,2,1,10.22887099794665,1.131272657334961,.7537182740327415,29.43926775819234,6.657783475244421,.9829020245488932
670,2,1,10.51426278296358,1.140208475374827,.733273515285244,28.20292893710229,6.473304871306085,1.254644172333289
671,2,1,10.48788128342728,.9557511357367292,.5981567154041976,27.01806156258512,6.791508868841848,1.40123318504878
672,2,1,10.518815000751,1.211309121183689,.77906327899496,27.3927746059493,6.268078128930552,1.191146500599505
673,2,0,10.5303674848529,1.165144013560259,.8313513493056308,28.54934354521746,6.600401340245917,1.090828836056267
674,2,0,10.70669833759686,1.506998856370698,.9350762203592216,30.81368768160681,6.422170057370325,.8137745081958303
675,2,0,10.26877603865598,1.025749553823561,.8760187121823506,28.81368242344035,6.776430114952817,.9562839523987506
676,2,1,10.19097871816343,.8652348940901675,.8006436694898447,26.21757096180281,6.84109469909373,1.086659818988967
677,2,0,10.59214455744214,1.267281367649188,.7391101231739823,30.56741687449646,6.606682089636617,1.05091145971701
678,2,1,10.30567192930586,1.103488206593481,.8686306759018581,29.93105123360178,6.841594578276819,1.003544868021352
679,2,0,11.43260454990227,1.584614156859473,.8099701209599801,27.91129135206819,5.942087975229096,1.018816725212586
680,2,0,10.31370923163837,.9801427724818708,.7665778400552807,28.88254181150948,7.059317968779526,1.039411035349644
681,2,1,10.42546745311437,.9724760391778924,.6691838057199003,28.86914528059607,6.967205488575992,1.379836565413538
682,2,0,10.64423212349357,1.341593416324079,.8613880765841451,29.26927379920681,6.445746877507025,.9502843179871852
683,2,1,10.59304612766837,1.22887717695064,.7420512449991528,26.66402400902947,6.255977201864271,1.250569676533205
684,2,0,10.59815539507526,1.17582113940797,.7110356300405282,29.34599903546917,6.660895730210997,1.143419153607955
685,2,0,10.6049455890726,1.170979316643564,.6518400790840655,31.02855030492783,6.951769130039869,1.270998593524689
686,2,1,10.36854066284993,1.165008810276496,.8477246327826502,28.71665623251905,6.561152970297524,.8790971179990261
687,2,0,10.44867724542053,1.162247174678895,.6601958533232687,30.70865385300941,6.768147745512123,1.249933287820323
688,2,1,10.33016221304127,1.10896270003579,.8711182439360562,28.84475151246108,6.340453812528203,.9678476537723049
689,2,0,11.63779597041326,1.500013464652184,.6985964947157386,24.75567295643928,5.910796909349876,1.328279402490607
690,2,1,10.25219594936599,.9999983545014792,.7637376792928088,28.21198092578697,6.752207911644428,1.00333227451628
691,2,1,10.24293069439442,1.031549866953438,.6806820477278948,31.69826508876708,7.065369075420075,1.260205909372355
692,2,0,10.49848861720231,1.420124604974948,.9426971266164078,27.25578342626219,6.18998667905935,.8131280868839272
693,2,0,10.58028748206942,1.143041767095366,.7827874666194041,25.80532861622325,6.476880148876311,.8976191127044724
694,2,0,10.38673420668571,.9815261529154548,.6007270125294224,29.54303707251082,7.082444450688147,1.303683785879342
695,2,1,10.19350203084701,.9880617548552637,.692968387983296,28.72359551890876,7.036961939667793,1.287900743425914
696,2,0,10.6100555780657,1.294812027011693,.8783523199979705,28.74104134193101,6.477478220023946,.930961387363041
697,2,0,10.62875921071518,1.295420234235497,.615723923433338,27.71799207799666,6.462635769179959,1.480342455982776
698,2,1,10.12710741519236,.8415707891886306,.7871928404794354,27.8877201554655,7.226711373513457,1.267744314351913
699,2,0,10.04638063813057,.7197384115321992,.6278285727066502,30.01362441660174,7.354047323377607,1.211557436859908
700,2,1,10.40794924799425,.9968582109228108,.8398967943808604,29.9255830912794,7.107312439482804,1.023213264431499
701,2,1,10.40026593963731,1.034841250861755,.8999866834854149,29.59168779296749,6.820907138072029,.7860619154349294
702,2,0,10.84587342043859,1.428120117657805,.7952212342887475,29.24894738457124,6.294116319873335,1.152473902477746
703,2,0,10.70725375579569,1.155332872626343,.777427758636805,32.86865359527619,7.021983355085732,1.157229556723356
704,2,0,10.77972587293686,1.276921317199087,.7509702070884923,29.97081195343741,6.63123179419302,1.028179082148044
705,2,1,10.47224125153639,1.178827014776181,.7529321743292527,26.96751771102229,6.261450791531942,1.091906343549339
706,2,0,10.59386328747973,1.349464532610722,.9973906462772595,30.44628015101059,6.455736155743071,.7664353828778397
707,2,1,10.71661270240961,1.33679578242193,.7248069299865419,27.36763327816788,6.18518582338329,1.347106153953776
708,2,1,10.63152490770355,1.329630841603069,.7428495941446025,27.62218679210389,6.40335315632979,1.096246099120651
709,2,1,10.25727047929938,.9890387902186554,.682257708585049,31.31339014254749,7.073613116358049,1.283314069615472
710,2,1,10.28772115504886,1.087212136610239,.784273653937128,29.01335921049106,6.705267505292965,1.170619838358778
711,2,0,11.26652846568373,1.5255495060269,.7274560977321086,31.76014341369536,6.337548040561512,1.204690982293221
712,2,0,10.40032020037902,1.229497230177723,.8058901053216028,27.33190026879143,6.417902544849954,1.193074385349101
713,2,0,10.3114130933447,1.019476751562097,.6370972393014285,29.05201320047919,6.900659894994685,1.328949984238402
714,2,1,10.41974231594905,1.186939541795952,.7074241161644121,27.66446342734868,6.490514333929256,1.292517811466838
715,2,1,10.96994522537613,1.475265489498035,.7973478383420962,26.51313357710925,5.879315005893035,1.037442954736519
716,2,0,10.04796664981557,.9603758552867835,.9269945028364939,30.0336668828544,7.123426213928872,.9786218643626239
717,2,0,10.8537127828294,1.276963897377824,.686819773746944,26.3672924084938,6.205534327929277,1.318749843627035
718,2,0,10.33320120854741,.937584786818662,.6798530117416651,26.47151210264925,6.978602371810433,1.305856001599846
719,2,0,10.2581845387931,.8136171923943096,.694434814344802,29.12273726763356,7.223056784074216,1.274641168203163
720,2,1,10.46379181827383,1.084691491200722,.7736370647409658,27.82055257886875,6.724649920074307,1.148223178689759
721,2,0,10.65533422945605,1.234190588142774,.7007094363652053,28.70481490686597,6.573879278285166,1.24877783368014
722,2,1,10.10977644881836,.9799498082732124,.7690240115200669,28.8382328743457,6.945370550777159,1.029096582660119
723,2,1,10.43133506415987,1.357489341596974,.8038078856936072,28.3696904359555,6.24713338146389,1.258443200652336
724,2,0,10.89938113672041,1.334291055711639,.7494637886211843,29.75614100960398,6.563120412775033,1.281759653352561
725,2,1,10.73715251740531,1.30018917527169,.7455674159510072,28.83910656074467,6.466436604748872,1.14732278334684
726,2,1,10.88587653088991,1.438572022598043,.7742479585016088,28.498617582894,6.261926398290865,1.059752950475505
727,2,1,11.43855245774968,1.494351754815295,.8191051030812707,24.28111653525195,5.764043359591216,1.234960688863174
728,2,1,10.49751604232076,1.04462525945365,.7509423661311778,27.91000013933983,6.910801840092295,1.239250779016926
729,2,0,10.68576014660164,1.215572210345814,.8530991053130652,24.04722197639727,6.304990423921887,.9930048740767418
730,2,0,10.39507117650452,1.231645805582195,.9396708297522393,28.82351422186829,6.730011115511707,.8939126774270534
731,2,0,10.35655094304871,1.061356836682517,.7873966304286828,31.29175557345613,7.023992295885735,1.072294100226814
732,2,0,10.46868146264315,.9637441138739475,.8639665025482473,32.28764836732523,7.300781603729852,.9412891393438378
733,2,0,10.40295490807498,1.164693237988779,.8733625860537714,29.8746454490166,6.817428344533441,.8776536368567551
734,2,0,10.22621774043388,.8760071316299889,.8320012891779118,29.69871541188833,7.170516606550852,.9861118355248195
735,2,0,10.35647438878871,1.127701885889884,.8568979838796323,28.0893997662738,6.622044457471492,1.109457990791145
736,2,1,10.69223564466786,1.182623680006844,.8007921492428692,27.02158001520552,6.331723018109672,.8744147554101398
737,2,1,10.58616637600139,1.353200883054011,.9182398052303663,25.80125061585232,6.103733391024952,.9386740829408543
738,2,0,10.99719003529843,1.261357416883119,.6818544579509765,24.18103596376795,5.94641644108535,1.165835083402105
739,2,1,10.297626501171,.8779889530578446,.7145969288425364,25.46594896563904,6.778638136108223,1.323987211483662
740,2,0,10.31068190374372,.9928382635228676,.729857164301272,30.75202870751805,7.049642512598627,1.175949491917411
741,2,1,10.13933649813366,1.010419595005349,.7873058167076323,30.67323120578378,6.914276671096009,1.057014467981484
742,2,0,10.04913731562758,.7595435886678553,.7886706475113692,30.42667025583959,7.397802137108881,.8778379276322029
743,2,0,10.17713973874168,.8628498608813919,.9020434967354626,28.60087312809449,7.081977631819377,.8988735021875555
744,2,1,10.63823662850585,1.365820942013831,.8452655497414133,27.84492048326114,6.331530349233782,.927158266981555
745,2,1,10.42241270602981,1.18031542665864,.8573142674792512,26.87158059312579,6.409083351479568,.9423923979654838
746,2,1,10.82312956422765,1.369535155011504,.6157264811205859,29.04593255739207,6.237502547196404,1.299427378675191
747,2,1,10.47076925010038,1.309195491609095,.817365135765131,29.18649692048384,6.3968765345786,.902041659994002
748,2,0,10.74806950517803,1.399075569936983,.6383236635254526,27.80732133152399,6.239788461339328,1.343362633459521
749,2,0,10.51475894716523,.9498535633285192,.4929883838824351,24.51834663095723,6.699482197137843,1.559431616974572
750,2,0,10.23680684197287,1.037306388434607,.9150839441907994,26.80641578146231,6.391804517087733,.8431341605093599
751,2,0,11.15285091886587,1.503448420476895,.7253849674117205,28.36081160782869,5.997954827127337,1.252422181285216
752,2,0,10.32558418350011,.9935854705432257,.8054640762366029,29.05966561621849,6.88363742727196,1.224495740430109
753,2,0,10.2782113407431,.9523734540774904,.8975567650356014,28.44149074236936,6.93546514809478,.7373644632702199
754,2,0,10.44403028641132,1.218787812830163,.8717133102313211,27.7420281787396,6.547843270460247,.9015666087808076
755,2,1,10.65068637217768,1.274079495302351,.7837593744227438,28.69495522204677,6.465404763675064,1.056068209900587
756,2,1,10.69078775039242,1.509134289667304,.9877049375487408,27.47894525347665,6.009893446507586,.880349358038678
757,2,0,11.32922775501079,1.443281660385509,.7011064091311413,26.39397376338253,6.065169791454387,1.29938483309449
758,2,0,10.74287551897307,1.419503825704445,.7104583070056881,27.34032356091747,6.084165891894183,1.094789490939584
759,2,0,10.58955982443968,1.314190697148955,.7011337505571038,28.28670474912293,6.316753299278776,1.313767509474607
760,2,0,10.53658195494432,1.322430848939704,.823793348124914,27.47498122162193,6.098382221752511,1.066299139544991
761,2,0,10.60311808908272,1.128553945747589,.7606964547295441,27.89511551152949,6.603765887329944,1.026582486582477
762,2,0,10.71850137146125,1.154205201865531,.6321707050966714,29.26744943220494,6.814198876824685,1.364718818679723
763,2,1,10.97554561721558,1.312222219631645,.79080268156453,23.19006408479254,5.883022011381456,1.196434492830274
764,2,0,10.70942393875647,1.294706907238419,.7568911983738416,27.84213514215094,6.24861360259319,1.003488459821334
765,2,0,10.87610578883634,1.360019697994492,.8454467670228547,25.29574408632189,6.089292479018654,.9837778564528287
766,2,0,10.56496385298565,1.242456021484235,.8408596760652772,30.66602100361738,6.957224534051707,1.059796592971403
767,2,0,11.03760822198514,1.394701081441942,.7699008759829913,30.55833552899644,6.385152140389312,1.103814278878151
768,2,0,11.0576982007658,1.536402266786066,.7946018752035792,28.31990736474729,5.905736427463263,1.251608875732964
769,2,1,10.23378534731767,1.070789987944599,.9625680503128424,30.26845426421072,7.08234181985129,.9583595064991475
770,2,0,10.31902662492829,1.065752390450974,.6185786328541374,30.85843942337035,6.991858828301027,1.43131711741074
771,2,0,10.34560785842088,1.240587484645614,.7196807405709666,30.26427305157259,6.474772486201574,1.113924443706851
772,2,1,10.87667120365218,1.26273187632686,.8208249398993683,28.09913039817629,6.163196139773388,.9430540049236394
773,2,1,10.33033989071353,1.099995352907051,.8269761250478054,28.54537410308228,6.805088658180037,.9732582983411554
774,2,0,10.74624048962269,1.292582503384813,.8806091655797803,26.48704838375931,6.232102195292009,1.014061350797523
775,2,0,10.5172748606828,1.184760869374335,.9056199879871163,30.03899310355811,6.758891761323382,.9073691017348685
776,2,1,10.11178145962386,.7878573795065711,.8285862268663216,30.37752967080325,7.668810095973435,1.075731478927699
777,2,1,10.34278873723263,1.178321575346754,.8720080607616734,27.95014828052346,6.683038325475704,1.051336795268456
778,2,0,10.1845426335836,1.012706846171053,.8060109358302003,27.49095375829768,6.902383686518651,1.074864376856322
779,2,1,10.76460620636248,1.327205964838814,.7737091665664626,25.55520831808838,6.134046157557067,1.095327157184209
780,2,0,11.16463426199102,1.525344723459733,.8558047528201624,24.46864427606182,5.820507684230156,.9467597480524642
781,2,1,10.78219608830065,1.266349920660633,.6500136873477668,27.90208116724674,6.479790417509907,1.102114568069975
782,2,1,10.75251986320039,1.356553411480642,.8524042848594854,25.41471002495963,5.88356098635467,.9851897955411809
783,2,1,10.62223991655159,1.210552842321295,.6897389741907198,29.19316062718415,6.518297592567686,1.292378895081748
784,2,0,11.28956855790891,1.612687568897532,.7253643057440996,27.98390926684966,6.00368182701101,1.118480331965962
785,2,0,11.3130822924713,1.564421081463682,.746576969107363,26.68982816839976,5.952160292247109,1.198901508542045
786,2,1,10.09065742458254,.9195660012744926,.8388050928918941,28.3922170528994,7.110559771895972,.7981964240026248
787,2,0,10.17374745331242,1.037837744796882,.9799947311257993,31.42930027461593,7.002821684301443,.8677668394109218
788,2,0,10.66422373615519,1.334987493023174,.803353494510894,25.63040400533411,5.960687843481695,1.0138484448182
789,2,1,10.09942454675415,.818588775455252,.9239362423700657,28.4665779487671,7.1684329408109,.8703022819573258
790,2,1,10.55749359797046,1.204664051323294,.8032387780469619,25.77299611763282,6.249402807516097,1.12985680879597
791,2,0,10.29746456236657,.9969717746468759,.7784132655357221,30.61291953999994,6.972649505369449,1.085754776987186
792,2,0,10.61913642419911,1.071719275763264,.6515893165483446,27.0364303409635,6.66017110833266,1.272113932330873
793,2,0,10.51662157612229,1.216485560006453,.8967228885462083,27.04080420352748,6.640157067592214,.994189645113112
794,2,1,10.36849238513165,1.443266104400912,.8032495537215683,26.83672861055642,5.874649133571142,1.002878557425982
795,2,1,10.62557062270569,1.312940468797735,.9183516038901927,25.3633469493931,6.15440299955672,.7943105411600071
796,2,0,10.30728594353573,1.075178967813868,.8633782239326129,26.70430565798158,6.680568277344308,1.059907758031073
797,2,1,10.3325055518078,1.310265955371797,.9623766223479153,27.95627013911715,6.193315726705004,.9097562401281095
798,2,0,10.34122932332768,1.149943084411311,.771796787947005,28.35556014302631,6.503907167232535,.9654453759376947
799,2,1,10.12806926059597,.8186315736292678,.8307608488883123,28.61033866553823,7.073240066481655,.8768942109346288
800,2,0,10.25916138546249,.9968136788768109,.8201974101988547,24.90313371366485,6.579340642647859,.9986390238484839
801,2,1,10.76820508059959,1.199820802891809,.5466943563881309,28.5019322469875,6.540304182923771,1.614883187887828
802,2,0,10.09532615594989,.8834384449149838,.7163474678936907,33.07982170057414,7.453033716932507,1.206188432935234
803,2,0,10.50014819451532,1.296938850377252,.8993228841726075,26.83882209964461,6.208175325388086,.7591338234860802
804,2,1,10.28775668670913,.741694549495119,.684758797592036,26.97040261639614,7.2516995261972,1.34377500136307
805,2,1,11.40087064710322,1.845994316869257,.9728915774385345,25.01858762189114,5.295766776508812,.7873062299684951
806,2,0,10.33957670970151,1.117497586473323,.8377613179359916,25.69789211502389,6.494801576749459,1.111839408678099
807,2,0,10.60131380894425,1.553773412073756,.8707623441325606,26.62574531316193,5.607513715181566,1.023907747917343
808,2,0,11.39260352486087,1.569925224736626,.6774029195188234,27.14774778907618,5.759561227058651,1.361498390836304
809,2,1,10.42625642026247,1.062924465720591,.8991615549215015,30.3243122124633,6.911997489720942,.9678784764472267
810,2,0,10.81208901202918,1.448084829203683,.8739200677856863,28.92829330715864,6.283227594468968,.9600853161397868
811,2,1,11.39532164581375,1.611350761360111,.7861444853347276,25.99790247453813,5.772796257000124,1.032719922889932
812,2,0,10.71299392903286,1.229349041883073,.7139598357297013,29.01086951012088,6.520841061125445,1.202416599824184
813,2,1,10.62867615898353,1.252342384400094,.5840269474166664,25.79858691540912,6.429952724564367,1.459810411104587
814,2,0,10.36850998788582,1.116932439267463,.8757394904163366,26.65988660648673,6.358946838182693,1.126918796724932
815,2,0,10.77131742325298,1.372479680082352,.9213559552918018,26.54011635469439,5.918345260587624,.8846629444273965
816,2,1,10.46104702194356,1.114249110349934,.8748199778753651,27.99918794683901,6.599104705122525,.8929835224259376
817,2,0,11.02326358487224,1.494355671540521,.8392211838392059,24.76128843540291,5.585235609643591,.9525314252580105
818,2,1,10.09353613720063,.9189253837149838,.927872693503345,28.47862125267468,7.057218128466309,.6586592038139464
819,2,1,10.41739152942218,1.171511734141845,.8822703699898001,27.10626733402345,6.548078712468958,1.023238689900212
820,2,1,10.71218280022287,1.336387546883186,.739021257785887,28.57887315698505,6.357964795159869,1.324819508576609
821,2,1,10.38447427226591,1.184750548588634,.8410254553019473,28.59041991164552,6.762202140709841,1.304013252958068
822,2,1,10.8199683490052,1.257178574130312,.8123313702616648,28.92378697554911,6.734533099391342,1.006965475286974
823,2,1,10.41410758364648,1.136077521794355,.7484687771508423,27.91538515591994,6.55097428525989,1.18084812351556
824,2,0,10.31622864263021,1.000722546848103,.7970553243448395,28.79198297673858,6.945517847196519,1.265362770540001
825,2,0,10.70280301820276,1.037042763479408,.7308796689821028,30.85836643768744,6.966848703886599,1.369500610002133
826,2,0,10.76428611683283,1.422056734117155,.9404811600666887,26.16265992971248,5.967301871992637,.7153021524264399
827,2,1,10.37519686947949,1.110607490055762,.8457395007102663,26.0942918173604,6.484492555188823,.971976698877421
828,2,1,10.13988397572387,.9202211423484744,.6497866461895175,28.82442210381585,7.17246429878019,1.595096438583503
829,2,0,10.26773825259989,1.105592122127648,.8551522534936935,27.93712941544093,6.70566396497141,1.042152382198634
830,2,1,10.42329386876436,1.121682986304094,.6164568628015423,28.63129934677677,6.635951925851606,1.411659245762827
831,2,1,10.43712192378769,1.224573067652837,.7763047164171615,27.70225844167028,6.548234724926274,1.265508134933694
832,2,1,10.25364226126224,.8787939608808848,.8868601274176086,30.98888832343837,7.394070550722338,.8536068296410849
833,2,1,11.08774495917268,1.38607583436549,.7339415373524847,24.07268550674776,5.907751148066327,1.28264512511039
834,2,0,10.23229219311906,.9008229013937008,.7504702729062149,30.62346706508699,6.996706532493691,.9357869821003422
835,2,1,10.25918574713959,.9560800317613093,.8902071981033952,28.95963025134532,6.977265670675399,.9226487489066456
836,2,1,10.3499211044017,1.104632094087958,.7645310528035285,25.44641730228286,6.436970172972437,1.153035273064746
837,2,1,10.45523451482691,1.1038658050657,.6888168839299206,24.70530488496812,6.396336780881382,1.286563133245744
838,2,1,10.49070163665225,1.273085263902722,.751921964234199,25.64089895543857,6.138201033874063,1.081449173622482
839,2,0,10.3804309683731,1.257378866055612,.9501886169949982,26.92358715538618,6.395454223058196,.9576669869146489
840,2,0,10.354824078857,1.361533778222074,1.014093564928725,25.71415815804043,5.919144057809608,.8029190900824731
841,2,0,10.71176015567642,1.244077219273977,.6074356430497563,25.58161661916164,6.208440345265596,1.382711001452471
842,2,1,10.3558772871787,1.166257576407484,.888676467741084,28.51383172076882,6.590969819497642,1.010489869755545
843,2,0,10.24460137186127,.9766114911503221,.85078910323571,32.42828122514494,7.051524744885847,.9154743446410923
844,2,0,10.15477172852698,1.036370199426597,.7028371221131464,28.80410679732005,6.817062310049155,1.152207970367204
845,2,0,10.55697123140499,1.157687333126435,.7698480626785542,27.53511047343699,6.45718657292157,1.040198731403102
846,2,1,10.18688380059168,.9170227480954147,.8201856763177896,26.89313216295991,6.924440579812529,.9877854911405984
847,2,0,10.68107368973311,1.271957402168979,.7942306655237155,28.34952996058145,6.477407180431213,1.054133900060355
848,2,0,10.22649623066149,.930187987708603,.7827369234750325,29.18080211035519,6.949511577863875,1.104781785658075
849,2,1,10.42751194695532,1.006078729082414,.7144093861436005,29.9183412136122,7.076298778061651,1.097204400565036
850,2,0,10.55757788387467,1.266014566747182,.9164166121911304,29.4391574670407,6.54472115836425,.6553325296077461
851,2,0,11.33825969664733,1.693244295216446,.7320293982836759,24.41227296992258,5.343545976987934,1.013501680526119
852,2,1,10.61610396094555,1.297145235990135,.7406141083581331,27.86237222667461,6.322823832277439,1.070305791817075
853,2,1,10.92353247025555,1.502708732308261,.9003293132079558,27.66774528406147,5.967893486228542,.7614049301996056
854,2,1,10.6182431693471,1.097821516161038,.9224458503749225,27.11063546022394,6.664641915019025,.8839904105529689
855,2,1,10.73530642018758,1.410145246575049,.8003582655629345,27.01084030992439,6.088294222528942,.9964603364304472
856,2,0,10.00097483775587,.551489089988154,.9592248516692357,32.4961615021027,8.047138200259289,.9194732692203799
857,2,1,10.38093298168195,.9959845184786174,.7208721743208981,30.23355547290297,7.02572887815818,.9844085846732146
858,2,1,10.48611752223383,1.24475051537061,.8808383319634714,28.07685262950747,6.526230168797016,.9807097130191935
859,2,0,10.21642449958316,1.080835115138556,.5987930482113042,26.55714598841618,6.549420705825533,1.274233409723947
860,2,0,11.41707266473036,1.751649426019651,.7240350729891368,24.38606209143914,5.466314709120884,1.212364436463329
861,2,0,10.23710399638793,.8661765137137436,.910503956508472,29.24264880913206,7.445393141169706,1.062692376920739
862,2,1,11.37674532791392,1.718402497537943,.760514363842933,27.23395575733545,5.602174897016061,1.096350371969431
863,2,0,10.4855015968044,.9695523627580588,.7156322269966111,27.89304065634741,6.951366948809229,1.293857636848547
864,2,0,10.30013219422073,1.082807114716086,.8684876745199113,27.7529049684261,6.672818823670079,.8727876101731562
865,2,1,10.11746125746219,.8787468453109488,1.002478675946356,31.04146868245668,7.369948566814012,.6976881546631971
866,2,0,10.61188729881686,1.238788395903866,.6445348687365049,28.04856462822474,6.458898888073469,1.317853282708678
867,2,0,10.80132986274798,1.352166975000558,.8282193419343125,25.80317950814562,6.220995699700648,.9352294677548428
868,2,1,10.59015060360811,1.289006049756552,.7649030420347043,26.3040133798807,6.117213643868133,1.053309185744297
869,2,0,10.13161592550539,.9238935356837321,.9005450675201829,29.58526056460579,6.974403266323311,.9380049588346941
870,2,0,10.19243535047587,.7397869234067858,.7413416072932828,28.32057241760504,7.430565931976904,1.260822049343952
871,2,0,10.3247095470199,1.008501480128483,.7706512409219657,30.08821820319751,6.879071808552918,.993892521459634
872,2,1,10.34123673661037,1.014461572695112,.5963331767961034,29.12523995303768,6.98479413726562,1.500078782966947
873,2,1,10.45774287407806,1.168960929266662,.8302764983193198,28.33886353825313,6.993752518032177,1.120663949673934
874,2,0,10.60449500890263,1.393191545055747,1.016041563706374,30.87331234381508,6.548500110759841,.8593227089191239
875,2,0,10.44795951220523,1.209683488948416,.8586527224645468,28.30265523781263,6.40767196644336,.9871422054178689
876,2,0,10.591031369039,1.174380453089,.8462265701089764,28.82599783126694,6.642122160245787,.9043402565262824
877,2,0,10.10025379217905,.8821534831908433,.7342069894317926,30.12221952751692,7.270836493998611,1.200714951944719
878,2,1,10.17635391178835,1.038882238974013,.8452516506731127,30.40328906538996,6.788662950745087,1.034918402120015
879,2,0,10.62695399766312,1.378887160337377,1.026998548894321,25.68348718673544,6.142639350336068,.7533407548138681
880,2,1,10.87345877456687,1.33693679017094,.7769636129557345,30.76628609858814,6.512930020597221,1.162850429512838
881,2,1,10.94204198029696,1.430051747652852,.8773016071233148,28.97685953377395,5.947213122716489,.9451421998039152
882,2,1,11.09519026051107,1.628105579271663,.6795284072828291,29.06158068361625,6.144594315404046,1.269887526454367
883,2,1,10.16846131809171,.9277585645663717,.9275394838725717,30.87479400277549,7.175385441934264,.9047635563001201
884,2,0,10.55648974673408,1.220330680647132,.8490959522431027,25.07398468679479,6.06026641461305,1.011276016137657
885,2,1,10.42754451484128,1.262372291515336,.8042369839431615,27.77920813607233,6.494965589649538,.9927170528908082
886,2,0,10.50224956413166,1.278590415976325,.8492262192556269,28.45864762947432,6.589648409452235,.949031530232327
887,2,0,10.46424792102548,1.164611534560852,.6206373083260344,28.70082323880314,6.478225310801027,1.245332697942842
888,2,0,10.64527328096941,1.286846178764471,.6879042041805754,29.26284127997754,6.702284316822682,1.099018864655975
889,2,1,10.52358584633884,1.220476727392606,.6782268349655176,31.19465007038642,6.994714710536602,1.296625467883465
890,2,0,10.34397990581163,1.049945270386447,.9899375249919651,31.23233810347006,7.040285679368559,.7634247067497374
891,2,1,10.80628779533983,1.26088494857179,.8018615918396412,29.16258957382977,6.522642504176065,1.063805640911727
892,2,1,10.46800203006235,1.158360445537034,.8165538830324043,25.05730260311167,6.323138623059517,.980288825585889
893,2,0,10.22537265632804,1.026648836980371,.6605142575592428,27.61268409036679,6.802856599497508,1.396995151234654
894,2,0,10.55833201513052,1.159923014978534,.7517748391590313,29.79161160420711,6.683120167287218,1.222551542849001
895,2,1,10.82695612170583,1.225779400661226,.5584627794662589,24.74786413601803,6.350919910047397,1.53953743482377
896,2,0,11.49527750110033,1.625979947152068,.836693416033331,28.7863955823038,6.229842324503064,1.049026009098965
897,2,1,10.41131910647788,1.16085144658913,.8145572505281395,26.97739135995608,6.509584703422205,1.046093156745186
898,2,0,10.24424239971436,1.08345986248759,1.025202454211992,32.41198973027618,6.836829547810747,.7116922421045666
899,2,0,10.16174531962334,.9846646240233572,1.142099724500114,30.37381708928199,6.992234051065049,.5678370337555692
900,2,1,10.17974006311809,.9140258734417901,.7570312079679157,29.3864984124968,6.961977799259725,1.060407263339669
901,2,0,10.79359705830858,1.440935621007528,.594670719086726,24.34288305202147,5.702119208441891,1.517727229487944
902,2,0,10.62264212600273,1.278188627630655,.8813468574881881,28.57899447445457,6.264655975896246,.8146106383051744
903,2,1,10.48900914413563,1.20175168214459,.8405513200755612,26.73164816789607,6.375583379475119,.9825793778505398
904,2,0,10.4236489302583,1.132127453122156,.6506117865702703,26.86555115892005,6.645614509822081,1.111517934438845
905,2,0,10.07555150918536,.9930049177824566,.832068436567919,28.99289529311647,6.931379593979538,.9595343498900724
906,2,1,10.45883610115895,1.153652415877793,.87808809276998,29.43192553882415,6.791917922968334,.9572508469364057
907,2,0,11.23795991885543,1.536881093643309,.7657899576242386,24.87529596561017,5.706140736976085,1.058773420025349
908,2,0,10.54854604592335,1.229170264903637,.7726364928062158,30.43484461931171,6.717307429039071,1.159252320511645
909,2,0,11.09321783626383,1.622726768982707,.8488169584916252,28.76521424628066,6.053837782229089,1.089689161069809
910,2,0,10.28932066303874,1.078509613815085,1.010727922720227,28.38176867584891,6.965619335934152,.8663974395804362
911,2,0,10.6613306024256,1.432840746372406,1.013712253279704,27.6004920819732,6.128255350951695,.7636247118045282
912,2,0,10.01012857060454,.5924578003961168,1.021559494167321,30.55340893463087,7.781714016922896,.6602738837674447
913,2,0,10.24345796102945,.9233232486293066,.8902087273659262,27.39186482578271,7.057753287422663,.9510323028630409
914,2,0,10.15590156023105,1.096442495579495,.9107445639112854,29.60397562795695,6.651272027404328,.9782407439318376
915,2,1,10.70869328886269,1.380709124787104,.8779494778148624,27.04609248355952,6.164241998752937,1.079633767163685
916,2,1,10.46482241640176,1.277090599244744,.746968074939498,25.71281664810786,6.15606640550241,.9963819577917399
917,2,1,10.43491323332737,1.19734190089853,.9310308629983584,25.54013001041317,6.362249446860079,.968652270906293
918,2,1,10.65717571627255,1.253497931383406,.8697006700198733,29.163709829366,6.501794475222961,1.080766457750553
919,2,0,10.78991358381658,1.268686077912069,.7663495969980676,32.49272104920598,6.992105409099316,1.020397233018449
920,2,1,10.65868333365423,1.368374461434558,.8284766479700133,28.10931844151642,6.122105012059224,.9040212609160866
921,2,0,10.7719529063445,1.25293829911581,.7739181585971174,25.64331350358696,6.25620301004041,1.024588543799232
922,2,1,10.67790070295434,1.337007722288897,.8228180148064789,26.58701993902384,6.342786634072022,1.017103556310109
923,2,0,10.09409266783596,.8683369606358864,.8668377140502994,28.05990916991905,6.961322489033093,1.041063464154343
924,2,1,10.63587315671426,1.271542121156842,.7619837156528571,28.50618230020121,6.419725973999209,1.175543964481701
925,2,0,10.52503306137797,1.139678517387752,.6543763124502064,26.4508244710537,6.509712209363497,1.372275815503968
926,2,1,10.13810536539601,.8488312239161384,.8548750000402583,25.0671038570889,6.856548609017842,1.020567921673716
927,2,0,10.88000105761446,1.30142330916129,.7487774826905796,26.83817752103571,6.16061164935528,1.223636353756057
928,2,1,10.15607182113207,.9402539262199774,.8610333613666716,30.31562392727453,7.157568084895948,.9609939687493853
929,2,0,10.1340148344745,1.108244226494708,1.018052477186275,27.32593496376539,6.60596012368135,.730781614913808
930,2,0,10.30493414351975,1.027341489064135,.8336209379453896,30.21324812731078,6.949900596097909,1.13518746925124
931,2,1,10.29831919707407,.9940691542227682,.8862059851819546,27.69122142051086,6.877509906986307,.9846194956110539
932,2,1,10.53736857259069,1.278951444333837,.8739369218910807,29.5322632173685,6.466478555864994,.8553264514585966
933,2,0,10.39909688029266,1.172426245098074,.931479672485688,29.69138439510822,6.656491720157119,.89467169432259
934,2,0,10.38602865672318,1.180137635280074,.9535432390862151,24.05188484806013,6.276507783502513,.7160704965149665
935,2,1,11.14689346631133,1.539778660431374,.7912629020598454,23.43048732535237,5.507167580118277,1.128115594179777
936,2,1,10.32523178076767,.974221799819656,.7479478698998449,28.26177147390812,6.937924853507599,1.134704664896076
937,2,1,10.95081774320418,1.5718236174474,.7764503381103639,29.3437537299537,6.16824434275519,1.185798632146955
938,2,1,10.27091483980502,.9438941900063842,.8038381275124986,28.268896938782,7.100237478412747,1.057365731583095
939,2,1,10.23299432948535,1.043917643596275,.9380661652195446,29.30151389564913,6.645952840833836,.9737691041743549
940,2,0,10.21303293071212,1.054356385921999,.8277138038083953,31.43976442577425,7.065351000678034,.9246686811897741
941,2,0,10.60330205348853,1.288361967980188,.7353549422580672,27.46011046870724,6.391874408654636,1.343412283091511
942,2,1,10.83544133127979,1.284690780675661,.7737412346217831,27.20217623690699,6.320080007699064,.9672947656826494
943,2,0,10.28256356362206,1.231092992874419,.893283737130744,27.4771511835973,6.267529717068402,.8669978399584629
944,2,0,10.55583089849113,1.258924760722143,.9308295973157286,25.80481597214261,6.303709740001894,.9621758630402133
945,2,1,10.24662434049669,1.03530790832276,.8106340903416385,21.55917383550162,6.240609044240559,.9853367300713279
946,2,0,10.94796763971579,1.278369216089229,.7673528846522042,27.31188127271063,6.609847798370718,1.045452164146227
947,2,0,10.53291302205712,1.344299965337568,.8488867182400387,28.04930317248936,6.209480768519262,.8644218665261394
948,2,1,10.31513840280505,1.113228145213204,.7880388353891049,29.29861022020998,6.689384710743757,1.150064489432474
949,2,0,10.31834819646658,1.194785907160542,.8116057884511021,32.16691251294692,6.893860759186489,1.051408914935744
950,2,0,10.94051541018532,1.454548556974122,.8659486930155875,29.85586212104688,6.159659542841292,.8663549173487305
951,2,1,10.77420986705399,1.311055462093999,.7618990948853792,27.57561435667157,6.266567171541735,1.243598253725077
952,2,0,10.37975011134326,1.129099806068879,.7766918617121223,25.8136721408044,6.380082084912223,1.251103635844468
953,2,1,10.65206768095171,1.249389393097417,.766302744458269,28.26729053070127,6.460550405628545,1.027429118732978
954,2,0,10.36646582867947,1.106627121208707,.7241852022792883,26.60040039532064,6.775042988999854,1.164878218954451
955,2,1,10.33403118740194,1.105756486367952,.8269975722267827,28.96858651070063,6.897944205862364,1.06209815382677
956,2,1,10.69923391925228,1.362053400454452,.8033374578525789,28.55420881843945,6.243175324402826,1.211741870223707
957,2,0,10.52612722965711,1.114770017359033,.6488579829497354,25.8896967187713,6.578822509614856,1.357089255577647
958,2,0,10.61139231277607,1.304708280170484,.852339183288579,26.62467725312522,6.431534960300155,1.103946962602332
959,2,0,10.69238272491664,1.244496885089711,.7761816640278836,25.54760498338568,6.14931228068559,.843744138345679
960,2,1,10.79251227762435,1.218834971250697,.7672958952182267,25.91787867585496,6.291258829073284,1.057891294295338
961,2,1,10.71011816840056,1.242216840408348,.744786469768677,28.26850758812778,6.423509335089526,1.139176528170243
962,2,1,10.57251954376849,1.248152963714103,.7910644997860143,25.05255484753555,6.159600834356731,.9806037304273016
963,2,0,10.7005415611709,1.389139050666278,.8789819594948985,28.27701453943155,6.228189525038839,.9446223678611803
964,2,0,10.45931715188173,1.175688820437401,.7378653730746643,30.80426415953165,7.002476662487537,1.081483307529878
965,2,1,10.2026569259009,.8003396460754273,.7259698089575493,27.02404730239584,7.107953362511847,1.166235669983646
966,2,0,10.15205846237599,.981768658624725,.8721763869506897,28.66015291006652,6.837785111536688,.9428326725011218
967,2,1,11.50367400385546,1.472756114700196,.5976129951465736,27.82918765819655,5.976941037056525,1.352209628329438
968,2,1,10.60178141805608,1.200167430527738,.6966393954643495,29.17452550827087,6.442743023699479,1.096361522364573
969,2,0,10.92894684833151,1.311733127251939,.7327635871064209,26.87011180562414,6.227476004284003,1.009304964293477
970,2,1,10.51097733369995,1.304003675557607,.8996603930702489,29.73013186478458,6.334414629902653,.8276881761055406
971,2,0,10.70973669884293,1.22014217268409,.7600591342779197,27.31879246039763,6.477208403867559,.9831850903520383
972,2,1,10.46051982574522,1.088103381932046,.7208578392943198,30.10981250362048,6.814160121629438,1.096372663268639
973,2,0,10.33617604313047,1.210704719402268,.9721289259611663,31.06807253275886,6.666088742064819,.9633351577120559
974,2,1,10.7776278331694,1.28574356256547,.7237165086482357,25.73661328239399,6.089111645322026,1.25777338720469
975,2,0,10.85321249123986,1.397805906475063,.8333221143965732,28.22669014177188,6.359164052970414,.9532491298505493
976,2,0,10.49108287531819,.9459240746071262,.6606346990433455,31.01219152261477,7.286667842801793,1.252399809511825
977,2,1,11.00887325058417,1.463102072363562,.6093906118478736,28.1385899220173,6.236988393781226,1.35571910355452
978,2,1,10.57083535891224,1.263669572435701,.7829203975513608,29.31632613188741,6.615013520169321,1.175843114077322
979,2,0,10.37305104302599,1.133225488678256,.9276724840291641,27.47066298150298,6.568520899798662,.8634593557790344
980,2,0,10.0767039928103,.817452737362669,.9626336222166643,28.81136182943204,7.210799273654842,.8580163438123969
981,2,0,10.56645037076018,1.2056958846238,.784240281096137,28.37299623756162,6.65505633023767,.9705593028608912
982,2,1,10.5775827705419,1.478775220455723,.9228996278546782,28.10952861922723,5.970816251719955,.9128504093584637
983,2,0,10.86615619907971,1.343047438217914,.8390455438038341,31.17712537049528,6.637199724284677,.9117604900960968
984,2,1,10.80906209353971,1.264698729686139,.7796732404917823,27.25571857021531,6.450270102459683,1.202850746430032
985,2,1,10.68416077893267,1.363463044208743,.926758962450756,25.07938172933188,6.072261611560773,.7767514205441751
986,2,0,10.66317499819788,1.355607337325943,.8240762000159789,28.51108971129051,6.136130767084065,1.036240880519505
987,2,0,10.4375827331091,1.438026710999298,.8709010459750272,28.63210545291384,6.086621566574569,.9097626607397941
988,2,0,10.69110036425547,1.23842482463511,.8118259961318838,29.77808526244014,6.722339936083342,1.190638548810057
989,2,1,10.7220465008693,1.409669093331436,.8150307766347764,26.13653969559077,6.043169361172793,.9400224905384436
990,2,0,11.05355868523236,1.475233397306264,.7854906359559057,27.2408090820842,6.174338031123313,1.167329350313496
991,2,0,10.80121449663559,1.284612273005997,.8363748893809616,28.58429875736458,6.301405338061373,1.025751402642227
992,2,0,10.40363479625215,.9052374859833648,.5891646390448932,25.62647061143303,6.643019302602097,1.428103220347094
993,2,1,10.55306133906879,1.177016548198343,.8751141316169306,27.29112066380439,6.431033763175302,1.011791839893156
994,2,1,10.24745388000846,.9617251953911998,.708382014216115,28.89659969883024,7.076558501375497,1.147955409692668
995,2,0,10.18001377620548,.9263377492418157,.8117093097881534,28.74562438037498,7.1130833818198,1.005547583864799
996,2,1,10.76718323985284,1.344272389618709,.8187725280201373,26.98075051004637,6.115600321559469,.9010551246422162
997,2,0,11.48268386411514,1.728647575664664,.8372026879902765,23.61240582971973,5.480736092163911,.9340297187388638
998,2,1,10.1359924377299,.8793739480475729,.8121818587910831,28.81907062496725,7.137224293616003,1.208202163492362
999,2,1,10.91466937359827,1.419588780993602,.6329752752740697,24.84317172469301,5.88735280729781,1.399313345899053
1000,2,0,10.57607583065177,1.095454626190862,.8058018641021651,32.87684969665223,7.063538115366497,1.147356783643741
1,3,0,11.71957583820128,1.959147777689594,.8743248499721105,25.34491996445827,5.101107627870337,.9892044525521558
2,3,0,11.67075039146057,1.963323238586413,1.022168271306801,26.48835252484275,5.262641944387708,.9695927975113955
3,3,0,11.79522226569857,2.062997211562552,.9197063608657297,26.8209943003992,5.054082638848693,1.041868601151031
4,3,1,12.64870484415561,2.400311893011795,1.011180549089489,22.91209077386196,5.089424767027826,.6705719402210468
5,3,1,12.44076851217248,1.995954090445315,.8794659806615427,25.88585480020369,5.437486930354899,.8074746683796354
6,3,0,12.13134643911563,1.92133235339408,.8654551792335976,26.35341990976466,5.423280637293952,.8730442074161811
7,3,0,11.88228301934376,1.979593547720703,.9959423632338823,24.8992902459354,5.387221594014941,.9062804830999563
8,3,0,12.37099953625014,2.095669571247536,1.088138793128949,25.40878106828175,5.193713356394845,.6982684061936556
9,3,0,11.84322202847971,2.074475092809482,.8796472797791106,25.67676655798851,5.178357240601304,.8305953121298121
10,3,0,11.10503950846585,1.977981807656197,1.004870077409978,25.65969442481029,5.220523434108477,.8257767071969802
11,3,0,12.37275302252847,2.226983648048243,.9667404962870624,27.02099008107609,5.031888162387074,.9113035604344718
12,3,0,11.81904476148983,2.047057001962457,1.010070908282678,24.03816676989126,5.076279824765657,.794615408586128
13,3,0,11.5028116628383,1.898872588837586,1.180115210103827,26.67287865040469,5.315633483089743,.7613919256778018
14,3,0,11.98464901955708,2.040392333924361,1.020772614470926,24.37609674195462,5.15363268862391,.9225649717886196
15,3,1,11.49317324336833,1.997315695624642,.9469631490459158,29.1889585688937,5.61078091673316,1.020853535014224
16,3,1,11.75636467575582,2.018825570237717,.8781329436211479,23.70536265140772,4.828955083947354,.945464628809257
17,3,0,11.01488783729087,1.911768274577026,1.200508422177721,27.90599812768723,5.443964618631564,.6626643239669255
18,3,0,11.90097832473352,1.95387517390347,.9797953500433645,27.63163843497772,5.587228420400143,.7632902123981705
19,3,0,10.98194201516228,1.580374587024936,.9899161329350796,25.17615370517996,5.631551035699554,.9935941843664461
20,3,0,11.94321733154261,2.169767984180305,1.121354556754672,26.11340053958748,5.10129818504423,.7807818742888973
21,3,0,12.0495288301518,1.978791955696341,.9618160294089209,28.68660249011886,5.746986575457398,.9694464779244437
22,3,0,12.12131059280713,1.991547683969043,1.011454295446942,22.45413177355092,4.91703878508814,.642722673270582
23,3,0,12.42172293530431,2.278481785313124,1.040664147537845,23.38728638940939,4.880663703548669,.9364551633954611
24,3,0,12.28724212279752,2.14190499518421,.9231478329762278,25.80641497171705,5.247035620776393,1.107471848745523
25,3,0,11.85085331992985,1.994644250929798,.9780530223019772,24.20267574465934,5.141127187138141,.8513801683068201
26,3,0,12.36485780517709,2.288572932629276,.9625504643444058,25.54059881425129,4.933783661737349,.8057717650594032
27,3,0,11.10225842685908,1.686585051951784,.919656340835679,28.58613133181741,5.763554383927259,.9611006225758986
28,3,0,11.37932049694432,1.813188283580126,1.032175925383557,28.49996448812115,6.011886609882557,.8833570602848863
29,3,1,11.4141419029525,1.923182875350391,1.019702812299872,28.46184204928522,5.524497589160067,.865632624853704
30,3,1,11.78761528594133,1.934279102097401,.7723796026985246,28.04790358143592,5.508033011710729,1.154422672660924
31,3,1,11.69285830115649,1.967868850135294,.9555197594801025,27.89853721309081,5.617359242679314,.8497520753019417
32,3,0,11.43789111864228,1.894307901610915,1.102036983890903,24.08572761211315,5.220683771100084,.7255448117781583
33,3,0,11.32044497346697,1.75714499680572,.9437714825229135,27.2571696618332,5.640821539840328,.8709564963286521
34,3,0,11.85434578913844,1.89767970821361,1.02647119398705,26.27868756177972,5.452231282843841,.9845054749856867
35,3,0,11.46906863345872,1.918822034544633,1.011888585344982,23.92366046759457,5.119406223163781,.9623837099448299
36,3,1,12.23967543645275,2.099193961064673,1.03388811394752,21.34805164284609,4.657295901977942,.6785708912931324
37,3,1,12.20437430457708,2.176124677163982,1.013445916446911,26.51649426961081,5.230226884790649,.6954083788409435
38,3,1,11.50315432687867,1.818348341774595,.9732313146181044,27.74731269724068,5.632962146807335,.8291214181278359
39,3,0,11.08660781719516,1.819127201450425,1.058597084018789,25.05723477434744,5.410365848271677,.7968822635290471
40,3,0,10.66557623248532,1.685081009145222,1.149977552121166,25.38602883831619,5.569623378459235,.7581806186342632
41,3,0,12.57653414654569,2.244591631712256,1.07157270581554,26.26312624635225,5.103520934443278,.7606081065465132
42,3,0,11.96677101875175,2.081431324828501,.9579402740346973,20.59249722150121,4.697081540555716,.8276357390052239
43,3,0,12.21851044133974,2.095873376525429,.7969177650863492,24.20782819672802,5.088600453365124,1.014015810331016
44,3,0,11.75598661933548,2.061999688158379,1.190124399563263,26.94420848541338,5.551861654157983,.7442527914197105
45,3,0,12.70240681057096,2.324801787979141,1.125675052298039,26.25046962822099,5.086296971223294,.905192430528598
46,3,1,11.33984952526476,1.882579715109597,1.009949828107763,27.23915632645077,5.43288662989929,.6922410540345355
47,3,0,11.22126823950004,1.911798635505656,1.053372085354524,26.07984588135435,5.166685850725846,.8525368783023631
48,3,0,11.48555710301595,1.865314000934184,1.021428767751081,23.02674171875135,5.303364148865477,.8126046882425986
49,3,0,11.75311245235603,1.90100946541005,.7971039258943829,28.64114559056209,5.537131803504864,1.026113122827972
50,3,1,12.16463815563874,2.089590303248246,1.058481306250576,25.24529725133217,5.331880807655343,.9214350679700717
51,3,0,11.64790217151765,1.866767827312292,.8378699278880376,28.67846943924199,5.48925639501225,1.080062962221036
52,3,1,11.25271494601281,1.860725079262742,.9738331144475822,25.4436153349409,5.332875917929777,.8349558958174839
53,3,0,12.35018731572294,1.887921099977197,.8650965918971418,28.44069519565926,5.735830626524979,.9959986077044808
54,3,0,11.30977764256255,1.962964925886238,.9730945791407243,27.32684732957223,5.39751440417153,.8245950066167084
55,3,1,11.62490443848873,1.903117256360391,1.024016705120032,26.35679081894793,5.474284230959328,.8448255095943439
56,3,0,12.35098297769058,2.304217210438197,1.019574309112679,24.62849828591675,5.022421401227275,.7889222116763897
57,3,1,11.5161942722737,1.869013167276361,1.13455979172068,27.13213497448046,5.594179387450383,.8867454453033701
58,3,0,11.36429456793694,1.908648808667798,.9042223603379306,27.80736520197576,5.568379853459952,.9507604720413436
59,3,0,11.6825508751802,2.148280858756604,.8801521581004763,28.60818291383676,5.066601030085431,1.023278583590993
60,3,0,11.82460323820087,1.973188568013277,.9137456132487169,24.12414593688265,5.175615726590383,.9888381944183571
61,3,0,11.03388287167878,1.688962380570681,1.084991774990605,30.91774678898675,6.053359453877878,.8860377468673177
62,3,0,12.3742412638145,2.30749821810724,1.059929955440184,24.29264265306788,5.0982250774483,.7152329858720337
63,3,0,12.51350506887409,2.218793266243619,1.042781515939129,24.5607493633825,5.009700882026658,.8281765711668349
64,3,0,11.22518615188576,1.857100101530693,.9462272559286372,25.13480006253598,5.284221550538273,.92514300094276
65,3,1,11.78326290686051,2.102137805403983,1.071577410423273,23.24742568346819,4.678588341108941,.8077969516166054
66,3,0,11.54948460655502,1.706619701208625,.8567206478051665,28.30103529522508,5.757594267649585,.9140485763888558
67,3,0,11.80011890417811,2.232383703004131,1.004163439004404,27.24241428002602,5.106919385375658,1.030558096154476
68,3,0,11.70507584960006,1.908243745749608,1.043364795550623,23.07112282444277,5.145590468078046,.9091672376033439
69,3,1,10.87384618177296,1.639750512653966,.8639840034915472,22.91939666820781,5.354002283745748,1.083979714586143
70,3,0,12.29565164785227,2.160200696761039,.9599221538569305,28.28202558986765,5.517173706551764,.9713393128409187
71,3,0,11.71065643216585,1.99305914944863,.9629234846414325,24.87758957891125,5.227618485646622,.8430039469077084
72,3,0,12.69436178767701,2.420209964464382,.9962423815682431,24.73869788902302,4.855268378789011,.6501294033628503
73,3,0,11.93163746108226,1.968080131480448,.9415075796810389,25.92305970975364,5.301928773380725,.9859136038569162
74,3,0,11.9691772091934,1.964023743784073,1.007513645327705,25.95746683664643,5.293729256398036,.6604665467443432
75,3,0,11.91996123849908,1.985622540682516,1.041986030093432,26.75851608995671,5.409537296051117,.8707453259053654
76,3,0,12.04959621542703,2.075657157419347,1.088180835777947,25.28081441609258,5.325130714706462,.628244647923305
77,3,0,12.44914474815854,2.188373896937761,1.031359269394206,22.15928943446934,4.763962230997902,.9194585216047261
78,3,0,11.41798719874886,1.697421530466941,1.05765873523167,28.24434221128617,6.049307676995818,.698234464937277
79,3,0,11.04612411702165,1.669376995745202,1.001457997135502,27.16603454977472,5.799704827810293,.9482703981008451
80,3,1,11.72961421343201,2.008155192950724,1.020911252560275,29.30186272525506,5.58689985729129,.6913436790326608
81,3,0,12.21345634599069,2.133528865373398,.9685870079679382,28.40114353049518,5.319994820981403,.7335215683559688
82,3,1,11.65320541010282,2.077574492465474,1.03116339547295,27.3475710182364,5.020838701088806,.8760712772311108
83,3,0,11.64004498155746,1.995836009965872,1.030000135211031,26.93210618345457,5.26838543443152,.802256289469943
84,3,0,11.53209836703096,1.962176689214807,1.097665942447318,30.06632125924374,5.665189628145554,.745476598743446
85,3,0,11.35258258634761,1.629475550153557,.9554515393904992,28.0160080115258,5.944631292054758,.8786389323476591
86,3,1,11.70869265019858,2.18300371300644,.9952110269581251,27.18386378264024,5.03298946154193,.7550689584987598
87,3,1,11.4270944313384,1.984601145087104,1.070168652443481,27.87223539426811,5.369268034437702,.832577936658262
88,3,1,11.84208676026574,2.017424176477454,1.048440756222184,25.2645980340705,5.354290500414452,.844287304115561
89,3,1,11.75055622007923,1.852355535532881,.9045964874807573,27.47200928871808,5.540504602286267,.9517576829452342
90,3,0,11.27961113246174,1.8993419638245,.9860175986447952,26.3949202843001,5.334697826386915,.6774608410035863
91,3,0,11.46547166030063,1.938185514035231,1.130779812507941,25.994580806708,5.267952046505508,.7350977352363655
92,3,0,11.84926033814292,2.120515954210975,1.241009844614697,22.97335025837402,4.934823414029413,.798725250668136
93,3,0,10.951536501775,1.747327878792956,1.160528102349958,26.48471679860526,5.53581567855834,.8883882914641834
94,3,1,11.57794381149976,1.800716110586383,1.077648812453696,27.54381834813065,5.84877263708255,.8054015512905023
95,3,0,11.89341109929899,2.203656723550043,1.075284661485057,25.21211648773385,4.94501964584296,.5441686368005233
96,3,1,11.73179814581297,2.134091541021915,1.109165266066834,26.62873169051206,5.151834281113794,.8310899733744087
97,3,0,12.843980015562,2.426740758954999,1.038769668610947,23.30628591238332,4.607131026074,.776289132330627
98,3,0,12.52516616679797,1.961098663387782,.893884069589388,25.91784547505669,5.359635608702874,.8501016491237993
99,3,0,11.20422422078376,1.84901865769154,1.052266037663887,26.10950743742447,5.609194458473945,.7141234867175251
100,3,0,11.71531580552903,1.884588678845437,.8602561773080114,24.91585120714722,5.499252033158784,.9550610912314552
101,3,1,11.23856237414085,1.850793254307529,1.048299100720151,27.08679677857056,5.272555442267278,.6601738021439185
102,3,0,13.49211534840748,2.495248231883081,1.008332769000327,22.61486907542485,4.517876405648067,.9564428476642088
103,3,0,12.70422553572517,2.347634770159065,1.030329370212547,27.67183258257717,5.094387841218695,.9340730986836926
104,3,0,11.71283590529583,2.035766427242087,.9200672829847777,27.52219783254618,5.275788356977257,1.003060676131663
105,3,0,11.69581878152674,1.979494254223729,.9250218316030638,23.80281533755101,5.092795529004292,.8148486482420328
106,3,0,10.93806712055806,1.733617414647936,1.102522544416051,27.77611516285589,5.652025999179703,.6997152841410995
107,3,1,11.06587001959088,1.823362744091054,1.021520509335782,28.01937167438125,5.440571674071702,.7527837631749958
108,3,1,11.67482241868757,2.023325297773618,.9179874083058734,26.96123075313603,5.194233228646263,.9046681700465147
109,3,0,11.83285598873131,1.932294160249048,1.057502112090457,23.19945153657808,5.09672366400827,.817669192221202
110,3,0,11.93552400375434,2.189098781843778,1.10720547992858,25.88174345704595,5.011600800423757,.9169696184757359
111,3,0,12.69541994045163,2.185665075217094,.9679881135560702,26.22557600860853,5.339852984875888,.9046851859796736
112,3,1,13.01170145657687,2.315929426967766,.9534756146347038,23.44921529278306,4.847485615180111,.6843142885835501
113,3,0,11.51393445473078,1.949797826514861,.9383704148060834,27.0419411580202,5.407220219284914,.8272460186973957
114,3,0,11.69926333328571,2.043046659524109,1.058747008678996,26.58300819572243,5.34267835028067,.7538034867748672
115,3,0,11.99230625122279,2.136527065628763,.921126926981277,27.220959719505,4.956905109814342,.8082130136223169
116,3,0,10.97065089789706,1.655741638893401,.8935169186563303,25.9940900806678,5.860046724571334,.8725099170193544
117,3,1,11.1115637896753,1.727260404919672,1.007606118154778,29.84607869417948,5.766394440418726,.7606433236749749
118,3,0,12.28719734673304,2.219214687881471,1.084649549186347,26.44484938348299,5.110035985172395,.8723456788473192
119,3,0,11.12539891284923,1.590394365630285,.9531742103403575,28.43986940750498,5.992773479593424,1.012292665007079
120,3,0,12.73556563902969,2.226983160462984,1.003063137787721,24.95760048354499,5.156562590069655,.9198394710754748
121,3,0,11.20153336163495,1.696533069673136,1.122579461246964,25.25003023812217,5.375030495044534,.9262831841997888
122,3,0,11.33104191128866,1.740671602774693,1.183690954296583,28.14320097958265,5.70231597823772,.7779624407218352
123,3,0,13.85564613938375,2.510649240684654,.9460475375078614,23.55547861591869,4.753482364874535,.9705669447010857
124,3,0,11.65039196131314,1.925400470688223,.9330971281640459,32.41104800640806,6.013614107810618,1.001292946320991
125,3,0,11.25791751326206,1.874119888954609,1.034134398137771,29.50081948327343,5.572911499735522,.8564949401287001
126,3,0,12.27737569071067,2.226559383737631,1.000642543553784,23.42134449262906,5.017815009241529,.9211275878386772
127,3,1,13.05912942851906,2.346607097643396,.9441688337613934,20.36842090637918,4.612128326758044,.8371370939774577
128,3,0,11.65324180749272,1.895254332561069,1.032154492092492,31.24651550307699,5.70905960518937,.8865709851564706
129,3,0,12.11598670560013,2.06976525600671,1.040435987074321,28.46715667899929,5.518692376035069,.8281961558138711
130,3,0,11.60766413987499,1.883105252360829,1.167585521480398,24.26040605083863,5.315910531310741,.8415671652242188
131,3,1,11.308687613683,1.963650138663801,.9521328316927566,25.12539991187692,5.030381468208853,1.002949148701171
132,3,1,12.3719941399479,2.036704118106969,.9214018053614439,27.00228307972191,5.179462306827926,.9692759694579682
133,3,0,11.68090054273636,2.018834637423838,1.055926890609094,24.81706413134187,5.033017140015089,.6040878835605897
134,3,0,10.829262594248,1.420216291190474,.9786731718676525,30.08085952916094,6.280963121707523,.91664116120955
135,3,0,11.25897325805133,1.679301637725788,1.039054725859008,25.87402089770885,5.541873842355315,.8874472803651833
136,3,0,11.11510470823714,1.787885765473208,1.122171861494526,26.57842230405662,5.446260399241733,.7824090385728354
137,3,0,12.10350040418548,2.003726796074488,.9193174432656852,26.39196865720089,5.273802093527566,.8552567188093788
138,3,0,12.24234143378453,2.085322384550945,.8309895975439409,25.32180533130909,5.416134001726029,1.113068830656094
139,3,0,11.72322698201688,2.002950195415139,1.064341946367861,28.63933929727587,5.367605317387484,.7467854174211133
140,3,0,11.59799537113922,1.95895988301835,1.028859946208717,24.59001701812174,5.212472195817946,.7739551396367994
141,3,1,11.53148251285096,1.788866864389435,.9961276626482493,28.33472586123964,5.818013007812184,.8938286072578742
142,3,0,12.14636211510621,2.150298189629827,1.118005951602306,23.77791647180877,4.855646241271823,.8371124549062047
143,3,0,12.04571554909132,2.090612374010028,.9664100264821449,23.31929708650422,5.064608029245981,.9272606739052075
144,3,0,12.59200645226792,2.266147011645377,1.006035621072002,25.20879956597681,5.162492531120899,.9357659756355711
145,3,0,11.36352496111395,1.845574130262596,1.057076102340031,26.40001720893844,5.565907914260888,.924215141584843
146,3,0,11.14911083399622,1.831444093221033,.92105791772055,26.19676483977143,5.445284867404879,.8803690141325154
147,3,0,11.92076003276341,2.144872565181478,.9960644340629259,27.82052359600489,5.192496848191489,.8672784447903674
148,3,1,12.51397046961899,2.26521588170987,.949941811359615,22.05112294504504,4.891403795149724,.9589631549824906
149,3,0,12.24112983975508,2.159772790829666,.8764887391249678,22.98952142951121,4.992287511539268,.9086545551475244
150,3,1,11.03373588569606,1.594778695414952,1.111396758168159,25.90314253346296,5.79211546555943,.7244125069155494
151,3,0,12.21733180851083,2.245385815987674,1.222276592904582,23.47640029326258,5.029193782985144,.9769285277822373
152,3,0,12.0410961922166,2.141741529875705,1.000052911537446,26.45823062280694,5.148694042859462,.7537510055376641
153,3,0,12.08752247372917,2.129449496510172,1.145154987479421,26.16819070160857,5.312889841945972,.6482686413664571
154,3,0,11.9133789620642,1.872250347328845,.9011622680193524,26.06885523792404,5.590821084048708,1.015244169200633
155,3,0,11.75921460657263,2.08068396669609,1.053586827648789,25.24687232678301,5.161401546701366,.8943477386146041
156,3,0,12.28235281078489,2.174951214234525,1.047468697126735,23.75740090361627,4.868633025548193,.9586052575138704
157,3,0,12.26560465226259,2.191584495295504,1.196383986608484,27.91165811981802,5.120436970201886,.8144486986002591
158,3,0,11.30400996715747,1.901868435380403,1.102611092204849,27.05649077261077,5.323674453320548,.8010502236224125
159,3,1,13.67317983926007,2.525473759381949,.8522347187461621,22.64087450094723,4.505815765688056,.9282227121417507
160,3,1,11.27677915305427,1.719561764218965,.8572667670965831,27.285308756367,5.573117908639342,.9650133403033634
161,3,0,13.10883864272451,2.575246603043656,.9001664349245044,25.72444014186882,4.983879474089785,.9070773793904302
162,3,0,11.5075908178617,2.088210381686768,1.163354950226988,25.67694579605146,5.22316344884466,.764519401531259
163,3,0,11.13917729719567,1.931309535336974,1.3252899624947,26.89586105606864,5.366848611217874,.968109652238322
164,3,0,11.76712326667916,2.098988821210613,1.052459639420551,28.18654942299219,4.954935043574837,.8524272465380707
165,3,1,11.05392611827485,1.726753727403979,.9462776036688256,27.16977586745541,5.672853572793271,.9365906569711173
166,3,0,11.90293770664929,1.980611644784024,.8666751569304391,25.01771847609268,5.309798356193135,1.008686751922104
167,3,0,12.08562579025974,1.957165616992644,1.072567657912702,25.06588220712507,5.236840614682274,.8099690663077853
168,3,0,11.25110525879416,1.663756252738116,1.022719332074884,24.90111546503836,5.757436929502197,.8892204960211894
169,3,1,12.36545013323182,2.268038496163397,1.10164530896139,24.91263462352449,4.892907767167256,.8875447157181878
170,3,0,11.43520290222222,1.78816754058191,1.063979851070992,25.52539028929562,5.464482129891579,.8077459206687478
171,3,1,11.47515381474836,1.814854591850852,.7909379464037524,25.80682327719932,5.419503996192049,1.20078260739158
172,3,0,12.60384433730167,2.120273671654705,.8382342486618118,25.29305964087218,5.114765738972712,.868029338848038
173,3,1,11.50732612907188,1.886670327491334,.9421513300542663,24.71543309526002,5.333751425505073,.9938780442714966
174,3,1,11.22978120205929,1.852664915826075,.9966761247942394,27.69344053270551,5.43825543140531,.9798439448537553
175,3,1,12.11089083559274,1.976266910928419,1.00999553731147,26.77213556116427,5.294818917697227,.695610797557164
176,3,0,12.06918929230752,2.22217198574344,.9146702178152676,25.53740318010731,5.12913591940112,.8924888283510211
177,3,1,11.22810724622367,1.539484748017531,1.014956337918921,27.6255478835977,5.924418938107726,.77187031370058
178,3,1,12.01751311950423,2.097634273832908,.8983448466801919,24.76337717707342,5.084138950279557,1.058822791942869
179,3,0,12.11270063240368,1.96336406577555,.9308110277237002,24.27303531614444,5.156206219678967,.864309579292456
180,3,0,11.09491681116105,1.735090185483853,1.020447124595609,28.53308105425258,5.908843239477575,.7663062897890213
181,3,0,11.66428686020302,2.047496459997096,1.157828279489288,25.12500847796652,5.119152355446034,.7449833096346254
182,3,0,12.21019594346372,1.978760403961055,.845337396531226,25.44599132659743,5.534424493475738,.9111063668734013
183,3,0,12.57976307298755,2.171369125965732,.878250839133021,22.97238299621056,4.923157432503362,.7315492015181906
184,3,1,11.87529744912174,2.121833585568998,1.102634887993952,26.34563310421522,5.117211039366603,.812301650958571
185,3,1,11.68839010569014,1.798694696493309,.901912416915673,24.16277761075574,5.348181405618736,.9776688159262886
186,3,1,11.86570367418996,1.971628953781516,1.03519304126286,28.37914059159973,5.544268437138602,.7334023450034223
187,3,0,12.25307629687089,2.022359398629212,.8953578759525112,23.0254584478719,4.872430973028585,.7719126991132066
188,3,0,12.6224575472818,2.272032186724175,1.059355922864101,21.46249807470061,4.669414690294884,.8049820165205733
189,3,0,11.60086397648126,1.894981522538027,.980143119087303,25.93723622007116,5.318791267381132,.8534256577546414
190,3,0,12.7736393677282,2.183435299291196,1.026664265416201,24.95116896189316,5.184939934267812,.8721605802723249
191,3,0,11.60927294879795,1.829764373378567,.9300957828805057,29.12804544525364,5.581748986905145,.9588635666669686
192,3,1,11.71584600597339,1.8526840421474,.9047109103724351,28.12577757871613,5.585345784559305,.7216122917362464
193,3,0,11.22009190267049,1.661900478688258,.7751523009439326,28.26531325641118,5.903061563268003,1.079758457122132
194,3,0,11.92846527424902,2.149969113504688,1.112922337736435,26.75224443706392,5.042604680432163,.8030546066499621
195,3,0,11.09209155556147,1.681390475650251,1.037085871076935,27.01010974470054,5.850687759821112,.6796685526016322
196,3,0,10.83088357402135,1.388916116913499,.9394832877640846,26.21702626246383,6.004695277825708,.7798055611143389
197,3,0,10.44088005121833,1.441588945571896,1.123562389338369,28.39732321580388,6.300614521725585,.7319526287377902
198,3,0,13.10424850464831,2.440765952571048,.9634199414921847,21.62724473097408,4.677680608886315,.6701537755534689
199,3,0,10.96542932472963,1.819543210299531,1.037149668180644,27.42564966446719,5.430934670877554,.8074033463600189
200,3,0,11.08781798923003,1.697338819551025,.9217373785271397,25.39950948978602,5.491587365238355,1.10017022775592
201,3,0,12.89272413753386,2.35718344799752,1.059379863926995,25.63479121126102,5.032062638872307,.7151780640998889
202,3,0,11.69127571059511,1.964563206677117,.8996218246083827,28.49629090547105,5.619482105104884,1.001618666586848
203,3,0,11.46514939385476,1.731958500605762,1.209061533912045,29.68892629191912,5.994589897840589,.6133929378457941
204,3,0,11.8909912645522,2.127688639313393,1.086743202234248,23.27111718340611,4.880982733310598,.9606526346352015
205,3,0,12.8676465014128,2.143524690615665,.8835635467021372,26.16003490164121,5.161526394815863,.8100773649902585
206,3,0,10.97943134038335,1.83044407953739,1.234227990177489,27.9554171089488,5.483894317698474,.7537401925117674
207,3,0,11.98271871949412,2.109200325281247,.8485039548564766,23.76270041616322,4.953494923536918,1.112592962335723
208,3,0,10.75689774076286,1.645612892983363,1.080068354320191,28.02940377583466,5.877390413901107,.7342005898057165
209,3,1,12.35557614636435,2.009833743016573,.8884070889081218,22.98076224937765,5.107944268444005,.9289951289549784
210,3,0,11.30228576429668,1.845071353318518,1.079955929445472,29.19223007066352,5.962905718486069,.7330483492817309
211,3,0,11.52164074578052,1.866825556552211,1.027851928218613,26.57973770497757,5.540959160411679,.8109505843652258
212,3,0,11.71053059959262,1.931115970335213,.9579222022571935,27.49702205831069,5.57215987619077,.7919961006054249
213,3,0,11.76144195799536,2.13226924006657,.9935920370137972,27.34179066565796,5.443997261613382,1.014164517666921
214,3,0,12.15618841935544,1.914499250693555,1.026344420574932,25.47545170983827,5.241634107071345,.7420729615441105
215,3,1,11.53320911336947,1.907595716062693,.8443450430033246,23.82843444984016,5.06929037110446,.9152189963561551
216,3,0,11.94836659689983,2.24130234871926,1.132169861743638,29.68594144000934,5.378670338330896,.9312252967197843
217,3,0,11.51019439762877,1.975197324840721,1.109611441014894,27.86898413566009,5.527556759649729,.7727147298841722
218,3,1,11.57789680937212,1.96981784583157,.8558333682046979,30.05964352225831,5.581613473073115,.9871063717593134
219,3,1,12.72506753457041,2.089785874592723,.9105111247819268,22.89290136300484,4.983555720923011,.8780409063908824
220,3,0,11.87208351140801,2.161415006810636,1.096146959883306,25.94363315968169,5.103678220767554,.8166124104403248
221,3,0,11.93105764674023,1.958532754360434,.8863067048631287,25.45676089620013,5.285992987171354,.8628792189537041
222,3,1,11.0966480599797,1.61441199202866,.8969601344377764,25.76221030519977,5.84603353858897,.8665162544614941
223,3,0,11.40390129957078,1.781730573554689,1.105617157967754,29.13273528644088,5.758864549547924,.916974890622132
224,3,0,10.70717471636651,1.6158812153492,1.058007650007861,26.29473658901194,5.54228777444815,.908733816250588
225,3,0,13.98191296515082,2.662923311042136,1.045883552153768,22.2837399685811,4.818225909542893,.9051548241403684
226,3,0,11.70848837824968,1.970768272873126,1.018452951269782,24.50507071196194,5.0015295375573,.9513095073247442
227,3,1,12.32498576122792,2.20046062835815,.9653620295917675,27.00488506101315,5.447867099424561,.7636957966808514
228,3,1,11.44440625922438,1.872418952835642,1.166270698049193,28.91796369556098,5.767755363315907,.9940869414181329
229,3,0,12.44423365335891,2.049902395529071,.9674495691574918,27.95582371700307,5.435307529772428,.8269427664553193
230,3,0,11.43081675099968,1.881772318397283,1.201967957842256,30.96598470736239,5.881946860498771,.8408968932739346
231,3,0,11.03903100415891,1.642647538694954,1.002864518776959,29.39233271827733,5.79912449963154,.8089731775447496
232,3,0,12.43580687346183,2.273962835159315,1.169837544172383,21.85456863553308,4.562740115476994,.9884838161884915
233,3,0,11.97458327036341,2.065366011731458,1.077549309118395,23.94081022718081,5.230834043321036,.9047334998298657
234,3,0,11.6476235962933,1.90100734057434,1.110417731132038,23.28963774190123,5.148259739474443,.913970738217738
235,3,0,11.90857762076148,2.136722992070261,.9143394228836625,25.90765287321812,5.130536944275855,.8830909569951223
236,3,0,11.51383471702982,1.72699747505777,.9179529589585074,27.43864156600038,5.77975233814781,.830732588565626
237,3,0,12.59001237540645,2.340534913097492,.9958375821277852,24.86437956958391,4.877868486469034,.8852207063675187
238,3,0,11.54944469560229,1.811573759417278,.9857095145786485,28.88591610889203,5.637323041686281,.9731010120646619
239,3,1,11.16642788860018,1.78159303190048,.9421078111166536,30.20348682008366,6.006246187399864,.7651172269942903
240,3,0,11.46631017859984,1.744830937624398,1.03052936137276,23.69009403664064,5.379919972096077,.8475569645201052
241,3,0,11.41412773114207,1.672983568998079,.9907484699100304,29.47125495413841,6.113977186450112,.7494286054417268
242,3,1,12.64027372494388,2.196563972012313,1.029238509680654,26.13372036727887,5.327505797779831,.847505230403819
243,3,0,10.85575025527066,1.799038347713454,1.186081984848446,25.31433330254183,5.300937911815685,.913089295149843
244,3,0,11.61287198026209,1.930347541676725,.8832255391279769,27.47462399456333,5.355517136361009,1.076356508492247
245,3,0,12.17450821996094,2.146125499157053,1.122181991855142,21.80296061330596,4.852555261065297,.8715171203838247
246,3,0,11.88698463752071,2.039323626605114,.9263673398751853,24.24405391414867,4.972199804561073,.8782086350971245
247,3,0,11.38033176104856,1.735052975292314,.9527365917568418,25.93454013783774,5.81287791862389,.835968062027459
248,3,0,11.73189559559945,1.929173603463521,.9508724887781547,28.31460220038928,5.410908637788349,.7797722421110189
249,3,1,12.4497487426604,2.317646056844452,1.039391805224419,22.29669516564152,4.74920513373231,.8863229503394721
250,3,0,11.3519911525724,1.875517368423965,1.083863697735201,24.09497561147242,5.040759511520151,.8218484132489157
251,3,0,12.35636866122012,2.162957986442901,.9330816106778168,23.36541614539436,4.853118275068035,.9043351747541479
252,3,0,11.9676639303636,1.806656115886111,.8672149006769306,25.73803355764507,5.713492411171424,.8918841536762108
253,3,0,11.59655061898285,1.856799178921558,1.058550564914229,23.30728691474342,5.245449320801649,.7476489887990364
254,3,0,11.48716174625477,1.824427414772216,.8701091477291623,30.0793625075005,6.024420557096184,.7615275066068201
255,3,0,11.26107613873633,1.793290109711447,1.011594595403683,27.17194413857573,5.699724284052505,.8744651278611291
256,3,0,11.37529516813813,1.892995769905255,1.075309982724965,25.95433910396319,5.606291355323096,.8538632373115641
257,3,0,11.4465693500516,1.813590899003479,.8790609516773169,28.95951820120943,5.534648880312532,1.014466787699889
258,3,1,12.30568201352916,2.086226757455799,1.181067024779099,24.22679683727434,4.984940312035086,.8463187515293248
259,3,1,11.39548661818368,1.837791379771371,1.026486326405355,25.09207952948281,5.402304605534131,.7353219852288597
260,3,0,11.72493901519042,2.017824546072398,.9483102492943312,23.43025035563381,5.099425480810274,1.047869086215635
261,3,0,11.97416602865657,2.160481212758676,.9938488988165566,25.64888580619099,4.971044453380733,.8558954347521154
262,3,0,11.25525707540794,1.752172218725501,1.085389332712201,28.93298859942695,5.720111962228961,.8409297215147892
263,3,1,11.49211768256406,1.844915047203524,1.024158257106802,25.72597220199999,5.290824132106161,.8252417477887136
264,3,0,11.8725886822232,2.191315527041689,1.069182155856995,23.2484183133228,4.759115346115729,.7657699230152243
265,3,0,11.70143022970714,2.067171968965755,1.217555490343877,26.65934126588097,5.213609348708243,.6582703067543944
266,3,0,12.66325588899588,2.13151067299365,.8175163334862457,24.60966372763161,5.275821963202622,1.17630175034448
267,3,0,11.55692536844422,2.041744538699057,1.092282511943169,26.78894214436995,5.334917461265985,.8241973707695975
268,3,1,12.53233485150961,2.233275711652829,.8197510734358912,23.47199696635038,4.772641511864845,.919798880565346
269,3,0,11.63891777521942,2.069098687369907,.9064409878610933,25.08125575034147,5.05993984731731,.6649558337992905
270,3,0,12.31176127360413,2.102641042941599,.9730687100973172,24.751667513135,5.118449831916297,.5924996547242884
271,3,0,12.00283706283296,1.927780828799609,.8212445538319771,24.26706493819806,5.20848444122737,1.29838274666303
272,3,0,11.86106806351382,2.134802453159721,1.069541165527595,22.36119652244626,4.805978407729487,.9567699768925828
273,3,0,11.47184588115623,2.000172719441252,.9129326878224606,27.73993066885138,5.337833432516162,.867785772845056
274,3,0,13.05962026965931,2.289864369171687,.872429331942133,24.58339697454223,4.991065321771487,.9361993866376788
275,3,0,12.91038390490817,2.258849248899569,1.015367148176353,26.22130628290286,5.175519193422127,1.035024369213509
276,3,0,11.61281176231785,1.94960515281933,1.062294770622823,28.15647750164042,5.458114023622683,.8594659875475101
277,3,1,11.39352791422385,1.69212496990508,.9544240593172865,27.64769352442975,5.898401688953629,.8157059574641755
278,3,0,12.25673837388317,2.24799070061083,1.014975330174151,29.59910123446464,5.414798761870303,.7372423820813651
279,3,0,11.74460874166504,2.009736834091829,.8644574137210894,24.45864289185283,5.207963777016107,.7744217777249159
280,3,0,11.82941433486504,2.11019317469101,1.09902965425957,27.43366637005218,5.208358149113687,.6491645336192502
281,3,0,12.65001786644226,2.215395449946609,1.018896132120077,26.95661859225466,5.178853336976048,.7165797782818879
282,3,1,12.21755164633326,1.97770073346832,.8389832146477996,25.12633527920976,5.482056263115812,.9510241484371835
283,3,1,11.91039375454324,2.110257950053848,1.174769582577013,25.10745617483436,5.11869402604253,.6845928113191184
284,3,0,11.88909614046347,1.889995029633343,1.037397619335568,23.35517304684218,5.178765252184177,.7853260112296261
285,3,0,11.49027741831259,1.871884750526069,1.125676604650424,25.37806248017575,5.479809484004847,.7052881225538091
286,3,0,11.39517218388116,1.90571268773114,1.180234249076231,27.0044320797646,5.501039803465972,.9771289124285744
287,3,0,12.20179555839148,2.037643250541691,.8226115229570938,23.97231014953831,5.044948253183899,.9636781671478798
288,3,0,11.6961264964751,1.987739887556781,.8663670768568783,25.44384653882735,5.248235090856537,.9500062462807726
289,3,0,12.31459575759912,2.074128704844959,.8100602729360066,25.59966469980845,5.270640158111871,1.086303545346366
290,3,1,10.85198303260027,1.684605243844338,1.09017386504728,31.89602748219176,6.072079667585824,.6883149619910273
291,3,1,12.01967520782978,2.038686759008038,1.149723854187963,26.43189574781103,5.205330085874801,.652474168173678
292,3,0,11.80639789981976,2.113343034609963,1.118833117513978,28.26569325510462,5.433024495574273,.6979272484235501
293,3,0,11.16692179375539,1.761365935992278,1.191869200424768,29.93359907670024,5.795027536207013,.8004728502190288
294,3,0,12.6139899529228,2.286326048570884,1.021543840972003,23.65558993881524,4.843041947968409,.7536167853998975
295,3,0,12.14347672203015,2.043574096042478,1.084639383857817,25.43834525616129,5.131682910662641,.6697510634573195
296,3,0,11.76858602082314,2.024730398043181,1.066939959398576,26.69891886411095,5.315880403770314,.7953873963781621
297,3,0,11.84039362344934,1.836292151921845,.7907856193680762,27.6558821789415,5.847122586995134,1.201487622469167
298,3,0,11.37865382332872,2.110071074972246,1.134746840125749,31.15457108012223,5.598582620408316,.8212040099309631
299,3,1,12.05443303771603,2.016803458761815,1.049674587294668,26.01920711777209,5.248910513851044,.814897400180278
300,3,0,12.68571188796709,2.355515166891526,1.092454805184166,23.34735960337125,4.702910036031837,.7271215494266513
301,3,0,12.07459969741944,2.223325404587124,1.0555672341726,24.40221630696085,4.730378479816251,.8936712482030202
302,3,0,11.73222552327458,1.958506218694432,1.094032975248577,25.63495763398571,5.177320725940379,.8395273293095988
303,3,1,13.91217906286077,2.524934003086055,.8630513324273795,25.08520890760519,4.641258482526371,.943761049916262
304,3,0,12.81263936109277,2.06143070243444,.879242812194298,24.17064578743746,5.072875661957126,.8482656774851904
305,3,1,11.75685347147929,1.884026758992142,.9390985785849324,27.20838719870627,5.564620917364335,.7217429449629413
306,3,0,11.18470516623467,1.802726246360372,1.10309994440258,28.64835397355184,5.629413616669273,.7479375632325734
307,3,0,11.79994138721373,2.058569840626865,.9994770327628886,24.93105278703759,5.223336972974152,.6998969919976131
308,3,0,10.96904437063797,1.770818913436413,1.048446433814651,27.00735890595176,5.555407774396151,.7227092299054001
309,3,0,11.25164001174103,1.583193099866208,1.102044073892041,25.47677671395246,5.73558290957553,.7855153471553131
310,3,0,12.1476504636416,2.086215760665845,1.062016343049129,25.80885941001136,5.288702157068398,.8233979297137036
311,3,1,11.88869175155118,2.09184978798005,1.027502763699531,24.69761352809307,5.015554807297509,.8225900917979811
312,3,0,11.13995490791346,1.742412014148209,.8376693742715899,31.06466932597931,5.83030305170164,.9274317463760866
313,3,0,11.48641907819659,2.000177389053134,1.044326252320859,23.87763179244745,5.129236691930892,.603535622689617
314,3,0,11.99796063839328,2.132027132982617,.9918222229232749,26.96594252494216,5.242589142917979,.7956718411856006
315,3,0,11.43029377967128,1.798810058949164,.9650956372855205,28.3049306571896,5.413435007983115,.83143704174235
316,3,0,13.09389155155847,2.341259099964861,1.117765710093005,25.21720942731561,5.090455245792758,.6720820333861596
317,3,1,12.06860648295045,2.13709303550809,.9908651624266301,27.07728017357956,5.125482501333409,.7155127819515168
318,3,0,12.03015215885877,1.985661539465816,1.002525750712417,29.72919888921224,5.438962043839902,.6459452002864126
319,3,0,11.39398299289355,1.808802458839993,.8643460011921823,23.89885762852762,5.349440828083218,1.042874044150231
320,3,0,11.92835916995373,2.065780567167565,1.063779050762466,28.70883597172531,5.600738856485724,.850638552962608
321,3,0,13.26111760463069,2.286030960565522,.9753112933392151,24.13489254718263,5.071457813238005,.9920697846299658
322,3,1,11.72892585180894,2.06999827741913,1.059911247525875,27.54472236352398,5.304199547219537,.7114427461651714
323,3,0,11.53194997750857,1.747025545792367,.8992713756818274,24.95679618652078,5.616754592636495,.9036161161748891
324,3,0,12.11302014879565,1.935836863576418,1.052209109249549,26.56995962476791,5.52127291221471,.952016935510849
325,3,0,11.87472618424086,1.911117653562942,.8808000554843498,26.91714911624394,5.548733658493417,.8309258071693791
326,3,0,11.35502890499868,1.892768807059275,.8600929340040022,26.85205309846758,5.258526897183411,.9961703825703289
327,3,0,11.08282865688992,1.671281711574234,1.061529389155541,22.31754776190681,5.34526011189189,.8635490728548777
328,3,1,11.96247378331672,1.953189057914258,1.044034246232339,26.29636317186471,5.307263772161134,.6617502949074628
329,3,0,12.28017404353923,2.268826535861451,1.046797126042464,30.97516943825667,5.091654922305159,.7560592871142096
330,3,0,12.15670035043263,2.313417202457078,1.219387043171742,23.59761792361704,4.711514111288145,.7745980075750915
331,3,1,12.05742581189676,2.325715029410231,1.132947643282606,26.23344488200737,4.785642218363877,.6292224949096902
332,3,0,10.69839259298127,1.426886759712745,.8044329223614431,29.10021474655767,6.188707626597021,.8486041043994661
333,3,0,12.39874086142589,2.169149270800899,1.028717418411074,26.47713599693435,5.104571340317029,.6622466545788739
334,3,1,12.50998932413783,1.984426299994698,.9043308947636399,28.99156212287588,5.818564160491555,.9448304668704052
335,3,0,12.02924295323576,2.170860699405462,.9687838881455784,29.06212373688756,5.162715160103601,.7187693239582945
336,3,0,12.56865337060279,2.048647257166786,.934946585813679,25.33544896723914,5.45297047533662,.8412250405781103
337,3,0,10.88839846204652,1.764793679667592,.9962662879245403,32.207749325471,6.138652876952773,.8094891873474576
338,3,0,12.2500720538051,2.174646407486679,1.240377626646056,24.2385839632916,4.930455125275324,.79332739691828
339,3,0,11.66537947305402,1.922198218143772,.9402538684769679,26.51493352263871,5.386417140114036,.8167811419320887
340,3,0,12.63898201882401,2.046761488066581,.8720931990360881,25.26302271777797,5.317556698837641,.9447922374733452
341,3,0,12.32497898406454,2.161668432002099,.9899703052998494,23.95483168094621,5.098644098442258,.7695891975303403
342,3,0,11.71274713381141,1.770794718634695,.8853911491162663,26.97627937977094,5.740712562033387,.7074028119040723
343,3,1,11.54649856999089,1.886211845441028,1.027117804434669,26.37932729803462,5.596546207558013,.700630042786675
344,3,0,12.59570398105898,2.411192764665386,1.090701667300821,25.06037204003872,4.841297188254473,.943602643995237
345,3,0,11.2674178706833,1.702090329048277,1.04631410082965,26.23128246543165,5.607103874208393,.7571245339614964
346,3,1,11.30577164666742,1.722337781379895,.7678475761081401,27.24897533652227,5.832751321647162,1.061795818080348
347,3,0,12.11393921480451,2.075860784555822,1.009786060760705,22.59832884075132,5.104632591413915,.6416022671891182
348,3,0,11.68926143423763,2.075191542608554,1.126252176090814,21.44056221996017,4.579297083350865,.945235647975243
349,3,0,10.89825642977458,1.584792072560669,.9579757283422843,28.25797303471793,5.94379360448026,.6991899928580506
350,3,0,11.45025407016561,1.750573269816293,1.081642112585647,26.72355441574347,5.527537717097041,.6973098737012847
351,3,1,11.66611058127697,1.95778090521731,.9546934792639397,25.20003947721734,5.144819806657573,.6752969583104934
352,3,0,11.80527938537213,1.984090903960252,1.109264367945286,25.97156727491125,5.360879325057974,.8227767750076485
353,3,1,11.13536405134782,1.733753807737403,.9460672749559303,25.78747624176744,5.481913160322787,.7444412250095799
354,3,0,12.26680401485519,2.142175850063123,.9833325050417592,24.12049369981662,5.117953908006448,.8145246868461691
355,3,0,11.90015741982235,2.062182648618311,.9241485490165472,30.12524124553153,5.556225927792901,.7896907380678676
356,3,0,10.94831706208985,1.59861152681096,.8386330474809058,26.42515868162668,5.699375325970899,.8621645137507069
357,3,0,12.4368398243214,2.147252430244071,.7254648555451422,25.64560497778574,4.951038163153031,1.068705474305193
358,3,0,12.63766354660262,2.216780081877183,.9737057950298096,27.39493434291337,5.333566503387913,.7720485156538016
359,3,0,12.76089505739079,2.294808267155799,.8355785087262627,25.20191116654659,4.967519460888666,.9561535832959408
360,3,0,12.56347103071474,2.326753228516228,.8705739124982006,27.39452544560464,5.01764547077219,.8738195302774333
361,3,0,11.67526439848466,2.008687852432486,1.130133095160206,23.67010453899156,5.083950512689745,.8243905099114378
362,3,0,11.63145195205107,2.032180713474932,.9945029485183832,24.79107623031343,5.154066005008776,.7753207481607183
363,3,1,11.87567357073874,1.924629235406625,.9955581790041965,22.26553878980483,4.861227466176445,1.035859651915198
364,3,1,11.1536251915466,1.687542200448847,.9727047334189115,28.00046323071703,5.671592181523462,.7056902165094765
365,3,0,11.5818114382179,1.914062818310416,1.012892397924214,25.90452793334222,5.27607878874614,.8304529762493273
366,3,0,12.63432698928923,2.153335838752338,.8952611169345993,24.6893709207229,5.025363383282753,.8840028860137071
367,3,1,11.19269307888923,1.753686679652234,.9361422301642122,26.89394304198941,5.472042630797933,.8952169095663431
368,3,0,11.97785747264614,2.180962708918735,.9872502981621627,24.72976684672197,4.944383276739693,.8453079432891248
369,3,0,12.37139518724063,2.24647720557724,.9359639645427353,23.51519691929646,4.763294857084736,.945069084476208
370,3,0,11.87972972063114,2.202114984178067,1.158165913309837,26.65165358540951,5.072834795458978,.7848693557835952
371,3,1,11.64966521675148,2.027582423604483,.9664246912364347,25.92673651043621,5.170531397487711,.7567023487310565
372,3,1,12.25249609055042,2.4393621007644,1.125634510705054,24.98498728032565,4.721562651437309,.7435056567252819
373,3,0,11.8720536106528,1.992255564188209,.86712031502425,27.73576332539042,5.404607996259032,.9130622789631545
374,3,0,12.13236438091092,2.102284762249218,.9909677368523653,30.72618191874196,5.390567662718103,.690249441370011
375,3,1,11.79232700147371,2.068122414839524,.9899249284438131,24.3126108697857,5.132539663894043,.6100798045585071
376,3,0,11.48878648105292,1.939595956096845,1.060775184899851,26.96543878627973,5.544021667555586,.7793416256144664
377,3,1,12.38985048141101,1.984125319418885,.7710715997372275,24.49963991843989,5.174475425875875,1.001015842956032
378,3,0,11.18070636269582,1.913056019352079,1.158950600355896,31.35187992170723,5.820598194244494,.8864615160050628
379,3,0,11.61246578720619,1.935094617200747,1.042701224257074,26.83338487422746,5.3661202863008,.9103439139839677
380,3,1,12.65052960417704,2.168229303529243,.882690271341225,26.05798071445865,5.207602753913245,.960971956956662
381,3,1,12.08441067384288,2.115706744171128,1.127418055230089,25.37453008393504,5.251227529874354,.7275186064152629
382,3,0,11.49888465873764,2.047696634720924,1.11712636211733,27.4508526990242,5.198624040437107,.8574142283919071
383,3,0,11.97709942627071,2.100441764535205,1.160172875769481,22.86497011861998,5.027948884948203,.8776647715919327
384,3,1,13.91284443873118,2.757201348487664,1.059723644581564,25.12689184577312,4.524602777018051,.7039171888228605
385,3,0,12.57372303254099,2.254948759973487,.9658125596388587,23.90267386314607,4.817485490449979,.7666098861479453
386,3,0,11.61956220202535,1.957413944634246,.9276695762271492,26.27147344202038,5.262012509042129,.9546108983580889
387,3,1,12.86484812985198,2.431586051786964,1.089472696711765,24.87513775507641,4.81349495822026,.7622900853684571
388,3,0,11.71164084622293,1.988758544733341,.9357786309108856,28.55263618545008,5.438292592643498,.772890695002262
389,3,0,12.29016439017218,2.226549469671856,1.056046774554232,27.29905169060285,5.17937895432678,.807858050127402
390,3,0,12.00249221798663,1.990883563602233,.9605670862120156,27.3564913512936,5.472007916815527,.9863992137716523
391,3,0,11.26665866962937,1.862403759731025,1.018586495040286,24.93130967101713,5.22854001660565,.8933660995784423
392,3,0,11.50928289419896,1.810374113057165,.9521173421511324,27.51962161398365,5.815021586631029,.8136808670945584
393,3,0,11.50953131933062,1.980482180378947,.9395244781701548,27.24691248495017,5.26964523650251,1.020830820675378
394,3,0,12.42368278100213,2.274326612271194,1.143795037066989,26.36188274921854,4.968500413919901,.8427884006706111
395,3,0,11.79340887697968,2.048521203274925,1.010190615887931,26.17752385656986,5.238815783853226,.9722768758456586
396,3,0,12.02200478031597,2.018730195662961,.9864075261985441,23.16631396977031,4.917487848753423,.7566875585890775
397,3,1,11.91542572957921,2.069700054595851,1.008586437835743,25.3818622993561,5.294954133158461,.8181996564978431
398,3,0,11.88922870910659,1.89509245421703,1.031662648581763,25.24623067234121,5.411731409134907,.7096931609500717
399,3,0,11.53029014894458,1.950633061417859,.9876386387243201,29.53179952470837,5.50581891908879,.7319754600493806
400,3,0,11.78088692394325,2.061632300373666,1.083452985405655,25.53108496606722,5.209105984092876,.7558611039688117
401,3,0,12.21680658384063,2.392917211970569,1.089062917975507,24.2910127979974,4.751684115406524,.9875466442458501
402,3,1,11.35861103528476,1.854446739975719,.8983603482993872,32.87295651198339,6.077793599413767,.9184795036074157
403,3,0,11.62496631794331,1.913329396428073,1.060793481087962,24.58388563060113,5.408260269359447,.7674280967767377
404,3,0,12.73263339863237,2.260697032010325,.9694066755528226,21.99673124948145,4.546784905540726,1.136681784998814
405,3,0,11.72864266031633,1.88268706282726,1.07068175819506,29.03177929110813,5.566605065024055,.6965513612511639
406,3,0,11.81056303825059,2.02818411878344,1.173300228526693,29.61218304873229,5.32448763640897,.8466998938353775
407,3,0,11.92608298064223,2.041216280961908,1.002370413305557,28.79303673245996,5.380438162816402,.8396601485977933
408,3,0,12.3013156403308,2.147968800365957,.9711984948621311,24.16109991435326,4.95624739030245,.6228833894087551
409,3,0,11.29988957583583,1.711117057536087,1.092955269570594,26.28317589275407,5.716988182886076,.6122393033970116
410,3,0,12.17362588874026,2.185965791331331,1.03733705614662,24.27830196916181,4.810557991648285,.8738946018805459
411,3,1,12.20865903898967,2.017917203170403,.9470310451674274,23.89032836493666,5.03145949780416,.6725716579775342
412,3,0,13.1991798768785,2.219995695237556,.8580624862313255,22.21466066697174,4.671977602344351,.9891100803736003
413,3,0,11.82064766464349,2.032449237788811,1.119039930213093,30.36012830334171,5.3999422782221,.7926328774198846
414,3,1,11.68939380326278,1.905832674051491,.9224906291424719,22.99996993537128,5.395511540703587,.895991209235509
415,3,0,11.64660848477772,2.100219025132114,1.030741039648719,26.28617347674423,5.176825631396815,.8019398785988299
416,3,0,11.67963497037472,1.784017694457421,.9497967214868479,25.72039711380574,5.648850280825079,.8587161925558194
417,3,1,11.53931529595975,1.929228796598642,1.046382770899819,27.92479278571657,5.550846597270281,.891572686313211
418,3,0,11.42182200358518,1.909683870782423,.8686426894558227,29.29826860013144,5.26794019934312,.7753042667251309
419,3,0,12.3266419110132,2.109047250253393,.9713285137622316,24.4134902112576,5.034868845703935,.79828342363814
420,3,0,12.00423129220741,2.072056900949002,1.025838141745018,25.63600867520227,4.95342894099266,.7553432720957669
421,3,1,12.21081332099612,2.077218598101745,.9762475176430933,27.36570442839074,5.319981691866294,.9673586769142757
422,3,0,11.51180381040325,2.036476949892855,1.109208551496549,24.51030270314684,5.020091022272906,.9739999877264212
423,3,1,12.93538611926023,2.214025290934377,1.003010329784779,24.37425230544762,5.042478439216296,.6696335274569652
424,3,0,11.67191913371553,1.769488170967752,1.004426320657958,26.95760864355696,5.586138254669006,.8041571465860011
425,3,0,11.89791473778054,1.977424596896269,1.077336356290766,29.98379365830147,5.527217838859832,.8347899902813517
426,3,0,11.74216121669295,1.961498390416996,1.060501838916704,27.79757151273815,5.577161933802188,.6434875810543844
427,3,1,13.02108175316265,2.281974767279745,.9033629318635965,21.58707789700365,4.437076815205301,.8705881702116717
428,3,1,12.39264782746894,2.141036145819049,.8558821811131592,23.95344177822528,5.073876766853579,1.069428702945866
429,3,0,11.66819010819788,2.00573500182742,1.085393936495099,25.62383432018288,5.149317167136331,.86827133862227
430,3,1,11.66608261057401,1.889212965310587,.8813152832552056,25.46132600561972,5.559098580878018,.8640475532506902
431,3,0,11.69104668166738,1.918152561538665,.9622282072997744,25.24051566748462,5.426315989996825,.8752761118374077
432,3,0,11.79217425558325,1.99858745154222,.9911829287098539,23.78945958205912,4.880392749850778,.7129001806160835
433,3,1,11.34979803631459,1.800753365784575,1.028934203199951,25.46580306055307,5.58952687401443,.7837749560426716
434,3,1,11.82354075728449,2.033666312654489,1.075958559977782,21.98739532485363,4.800699619476361,.8425504290905171
435,3,0,11.24153883266149,1.826701336521638,.9565466543506423,26.83732475034095,5.373428340112852,.7772995208531257
436,3,1,12.36855858284767,1.858864100129632,.8775704481762784,24.52148303779419,5.498405037980103,1.004739552671968
437,3,1,12.00746110523229,2.010731540174028,.8919230417529054,22.39926884823351,4.880840114623022,.8091672698844249
438,3,0,11.73727728294558,1.998516595288361,.8948450187125213,22.59662856195145,4.857205320287438,.9303638340276645
439,3,0,13.07898364034719,2.36748195544763,1.041040826725838,21.95018289982557,4.499324700299884,.6452214564158064
440,3,0,12.24824499604749,2.22400609923716,1.108731235920983,25.47389037198315,5.103944710932502,.8465494197867913
441,3,0,11.49596267903966,1.803425248948603,1.06624908229584,26.02502621629584,5.347845235090049,.7232027361785452
442,3,0,12.26013553089098,2.264767748541958,1.000178341026284,27.38120023708728,5.18438118966256,.8160824093428664
443,3,1,11.83013474256917,2.107163785347811,.9114164363100632,29.33638692528354,5.540752438563637,.9947751822316027
444,3,1,11.48469919422677,1.902979483995562,1.035228062336391,24.42629842895392,5.475271515082578,.7433202616210377
445,3,1,11.98166708532328,2.055444963338978,.9500156960036614,25.33352943221461,5.228207567080131,.8361577640965856
446,3,0,11.37089786922968,1.866730927338625,.9018767134223096,27.34767050664964,5.487203635227805,.7345704604694137
447,3,0,11.58649283651684,2.128152754201615,1.210091843512223,27.36153614600309,5.440878996010289,.69863312657178
448,3,0,12.10743833454719,2.021534886123463,.8678914299040686,26.71237001504938,5.19257523357942,1.004842203221872
449,3,1,11.89759356835451,1.926553881884179,.859129482861003,27.32258829895655,5.637421995433803,.8171787207155814
450,3,0,10.88877021001677,1.733307344846176,1.161907460300394,24.32179759317892,5.313880823744691,.6409866054061126
451,3,1,12.47237171540856,2.275492154434304,.9794679343400137,27.681732883455,5.017478565701283,.767386692256246
452,3,0,12.39947263824512,2.218380061894307,1.037784318983568,29.48527911191896,5.478139321072432,.7213280512298282
453,3,1,11.62642439109868,1.938631264971001,1.095215126512091,25.64028829800904,5.27912884918088,.9175868161394968
454,3,0,10.80795306095253,1.720670871717779,1.104841993859761,26.9996896687554,5.517714104973931,.8884319182440651
455,3,0,11.15048170283123,1.671523120463338,1.087108256246187,26.35730868183983,5.934645769201881,.7863796998221673
456,3,1,10.95241662926243,1.767781915859281,1.022315014343901,28.69048012231425,5.621280510372534,.8214157122674696
457,3,0,11.23679450892566,1.711758675761154,.9851768157145915,27.52100151511885,5.631758318332059,.8983750088149364
458,3,0,11.74720030114211,1.898648899638282,.9308088178761191,28.748420277081,5.796796269770828,.8998490817472968
459,3,1,11.6104225991782,1.945701349242442,.953974053184611,29.35702748369269,5.684048482376695,.7308185326624584
460,3,0,11.49401962203552,1.850173878038504,.9488988008724715,24.59363956618528,5.39677421356914,.9673448898873462
461,3,0,11.63266893482737,2.059251752404101,.9729179881004846,28.14673554205519,5.345421843546967,.9279267528982806
462,3,1,12.66581202402438,2.105827718095291,.7418197827877677,20.45562768352407,4.763805681371243,1.096221777927569
463,3,0,11.33194250759277,1.688795566566788,1.0631244577825,28.51216784546438,5.690092424983915,.7745502563881225
464,3,0,12.8306506643387,2.251090611967384,1.027331018610564,27.49305318362434,5.06512971049156,.8583722617925559
465,3,0,11.97997883687092,2.07611069448796,1.125698940522182,26.67774927477083,5.445117184400471,.850971699838786
466,3,0,12.37239731771107,1.98084856513909,.948175404368805,26.58700988302343,5.353511965018651,.8404275693476065
467,3,0,11.5330736009907,1.929224987135464,1.082648138126648,27.65375275458315,5.409837161810455,.7816568813099953
468,3,0,11.57448411907445,2.067950476704078,1.048962501778373,24.97215757794532,5.246147918012737,.7240090876508284
469,3,0,11.58446926702824,1.879028783183888,1.039236687228935,28.63141601442754,5.709379904130322,.6967229556973813
470,3,0,12.09798019108234,2.124763031335314,.997139302954251,25.9872102911991,5.319429507042877,.8460295841834633
471,3,0,11.61727180513975,1.939874792711699,1.016062048923815,26.67210958420977,5.46393389214461,.9194649810338817
472,3,0,11.25443987976785,1.755517188769275,.9677258466593888,29.32908645863734,5.589342554555943,.7386657265641191
473,3,1,11.5337463599543,1.726582401128125,.8284698950960525,26.95353218291824,5.634586401667565,1.186367617328476
474,3,0,11.52670768353922,1.929694374460261,1.022914397895887,26.47096999063582,5.319248064165206,.7738196454036957
475,3,0,11.71323963728813,1.812519025213482,.861111095861177,27.45984909552808,5.600137635427415,.8281627452787539
476,3,0,12.05248277686821,1.991975207346754,1.002447585327186,28.72533840443736,5.636661686532128,.7403036583187999
477,3,1,11.70869195222369,1.849647056717226,.9192517647197367,27.53606853317534,5.528922699463489,.9677111786860758
478,3,0,10.58740999143806,1.297147008236568,.8369203496271113,30.14735884681678,6.675236514378038,1.015298236738207
479,3,0,11.99883765801652,2.056074537634547,1.002335999744997,25.09795853357831,5.18599195252188,.998366489228572
480,3,0,13.17209358422849,2.355038713266049,.9366978099909149,24.10604368641018,5.252010203407611,.9483938362625816
481,3,0,11.13174926170629,1.773822654693065,.900400041533579,26.08071784459653,5.529949330245299,1.04666259245545
482,3,0,12.15942013556878,2.221014114667228,1.02757690872836,23.74412365905112,4.748235865267919,.8836083706403967
483,3,0,11.51186406667784,1.893588702151425,.9808313067161657,26.71794797090922,5.378291889140828,.8780776348182827
484,3,1,11.45340879978387,1.982190554247335,.9081531452534547,25.04992582892793,5.114176129222925,.8671665725957185
485,3,0,12.59341588450856,2.183606740605662,1.050785404703216,25.91048588806706,5.135902220000495,.8651176303965583
486,3,0,12.23591639073319,2.214826698406315,1.055198880445773,23.90433619718743,4.933374008752756,.7859448613855254
487,3,1,11.64532907341627,1.801708127897689,1.045714809624028,30.22091231177999,5.881184596566523,.7562088889329049
488,3,0,11.71550838985911,2.053256835545054,1.175624561547987,23.91853690874073,5.119737147433453,.8985332124667076
489,3,1,11.15571163727651,1.746495141410117,.9641626213269742,30.86602974479322,5.715264743306417,.6896590442780042
490,3,0,12.18398183017066,2.245720856598139,.9989290937530269,25.33563473681434,4.908686687232995,.9364990636302929
491,3,0,11.5248622141054,1.853228861824695,.9961348274915174,23.65229070970199,5.435879272068141,.9169102264934549
492,3,0,12.35987087117656,1.916125311423404,.8972494556257189,24.58036000626446,5.563981454751119,1.026623795836849
493,3,0,12.06169662591064,1.843859136698299,.9607691883520182,24.89406414409033,5.404944503190274,.9339910681950284
494,3,0,11.88493272661047,1.994062330922456,.8914386125595712,28.85811492404876,5.487162570313889,.9634676121794751
495,3,0,10.86125532254226,1.548102959071053,1.176617772945923,27.34651135939745,6.015057019816355,.8942455439347895
496,3,0,11.80782883334956,2.034779559601072,.9625271821937642,24.94042557435252,5.346773696388503,.8524954730064269
497,3,0,11.1242100964742,1.664241279095529,.9504252885327125,27.19111856398877,5.724076485827903,.8328574932071988
498,3,0,11.93300415685178,1.976811133320125,1.011057059914344,24.78299878010965,5.12867715358964,.6258312040545393
499,3,0,11.5918880643856,1.840882784919068,.8681825023355276,27.17590422910283,5.463323004025869,.9559328269971272
500,3,0,11.68535381769266,2.050778493983697,1.079241804131496,23.72253096994326,5.202379684948406,.6481423087695657
501,3,1,11.5818861376755,2.024443622937992,.9997789917819592,26.16853879747864,5.094818017506336,.6020276270809064
502,3,0,12.50491545492618,2.268701103954604,.9421314478893774,24.84113558214408,5.009352348046291,.7072617496510686
503,3,0,12.51486686514867,2.157915565927828,.9677403177673851,27.4959117979026,5.481990422833257,.9147001476892636
504,3,0,11.66223437807802,2.013524509092249,1.073997356441296,24.57105886945859,5.131732771756166,.9077825292049772
505,3,0,11.0532211634261,1.837262173034358,.9925089057691747,26.49349528287682,5.296890487115705,.763258443082814
506,3,0,11.41678179027022,1.765867038886195,1.002912351538509,26.01078191888452,5.716403903418274,.7440378155577357
507,3,0,12.29632569402708,2.20855973874807,1.046723930253305,24.86341074220829,5.044289790280978,.776808431633223
508,3,0,12.00126060438212,2.034419729430954,1.060884674091841,24.1349833044825,5.043203572043458,.7195018950013284
509,3,0,12.22426777629315,2.230471465778443,1.070461147075195,23.40338756902824,4.920988434560755,.858322599644906
510,3,0,12.29173716441539,2.049842062361289,.7147135293428006,23.80528617797734,5.086288587817127,1.075766020059323
511,3,0,12.17665797654241,2.109799375863254,.9321658316545165,23.61448388906936,4.816358007147224,1.055771820298481
512,3,0,10.68879204536883,1.613847794639976,1.129312613914516,29.20862973367725,5.917861499816572,.926426413083774
513,3,1,12.44518093806508,2.143931077885642,.9461477239446994,27.51748975142406,5.375025399634442,.6802324985291205
514,3,0,12.08267441486995,2.130646726713821,1.268949953527959,24.14725375916026,5.107752961632702,.983923610071511
515,3,0,12.59599447669891,2.260265349243709,1.04019169399078,25.52556315827022,5.091954396423994,.7539482352133229
516,3,0,11.99353565552782,1.954868846242727,1.023298084896459,25.17696828784409,5.126365561624213,.8141026656783525
517,3,0,11.00620743966232,1.565881005197897,1.089907360550075,28.17067596614951,6.110110087131678,.7175968631323609
518,3,0,11.58905998059253,1.913044125080774,.8996352491387422,25.73588078474707,5.382781848148025,.8170119365959462
519,3,1,11.33802056068034,1.734190624828346,.8576127211851579,26.20400128204752,5.421499966989717,.9126951988454118
520,3,1,11.4979512747884,2.019559060809577,.9819643908219854,28.76895141665801,5.411462447996218,.9175579625617845
521,3,0,11.07930834600951,1.73073832398516,1.137096696763606,28.34134963883895,5.85388148878391,.8185071632992673
522,3,1,12.31474845693865,2.092347724843294,1.087188015507567,23.96359170557938,5.130685923525012,.8357156361523115
523,3,1,12.17912062489321,2.008117728966996,.8416381626470891,25.68932147549186,5.311373025226105,.9403779582718921
524,3,0,12.04023485168209,1.916505576436693,.8947728021060495,23.85530401840426,5.422268490034305,.9317065049828213
525,3,0,11.3101030945596,1.856045978106744,1.055539699524612,29.83487214878481,5.634221548909427,.6430850778525725
526,3,0,11.88503561887512,2.158863572676021,1.209168106991271,26.95603923533369,4.849347758183272,.8931524971129228
527,3,0,11.88704997669557,1.997678940822322,.9782327719999351,24.27049186312156,5.24974575452484,.8151730877112369
528,3,0,12.47956014377849,2.264821431056014,.9378294506603244,26.17805555685772,4.835289094447474,.8172322684272673
529,3,1,11.02594640808631,1.957291872896384,.9734686905494333,25.47399732323843,5.201471194653881,.7474467315316228
530,3,1,11.60744650062586,1.974246349036538,.9603493277697004,28.05826871686556,5.447592650782855,.7706987416063493
531,3,0,11.1749931887277,1.94939670077421,1.234158644164561,26.77914269304575,5.35199311915528,.8500068724343985
532,3,0,11.50745072140798,1.803900895683391,.9816558031708893,23.05873629431214,5.353182846195079,.8666912314677899
533,3,0,12.57095911551667,2.17313600272748,.9468466889995193,24.84873613362792,4.86081098652372,.8544371365906062
534,3,0,11.85996083869944,1.936421381635946,.9179615612819999,25.30002102270265,5.221209826524858,.6411726670537785
535,3,1,11.56905108506001,1.981165343010509,1.058741698537776,26.36065178972644,5.335453570273655,.673425955678046
536,3,0,12.24564137311375,2.105652118344803,.9779459241120225,24.73918159510163,5.082756650764702,.6525236906937443
537,3,0,11.14558090617889,1.832053878622517,1.048643774035476,25.72933055264257,5.538378067077293,.6625009954461211
538,3,1,11.31424421716517,1.811328337529355,1.132750029531639,25.18501330109136,5.319891613933741,.7351726066630169
539,3,1,13.61718753635918,2.315668906704218,.8239552591501711,24.73877146390279,5.014294270193154,1.049252606673561
540,3,0,10.99177414792067,1.728601203700376,.8035634809873178,25.28791393181286,5.395256879220264,1.072494846471736
541,3,0,12.19442727139063,2.012747494388549,.9055420119357818,26.92820778693221,5.232332758888718,.8364934186839856
542,3,0,11.81519941549088,2.117910222099042,1.116070678840571,24.36123277809917,5.112381914964566,.7862977441086181
543,3,0,11.29526753871765,1.625470252507279,.9886664356512711,29.74727564096944,6.141141705036149,.8650660595072533
544,3,0,11.2046381574842,1.716056188222382,1.011108123887204,28.20537495436041,5.862255158342244,.730302903101905
545,3,0,11.98219557251448,2.162530523722216,.8878848986557708,25.97307778112729,4.90229717290551,.8269552624459328
546,3,1,11.42236233461654,1.875203153830561,1.110835511975438,25.0679709884586,5.196192958022215,.7546712534302329
547,3,0,11.09444643417089,1.603903742162263,.9536201682021029,27.29607210036058,5.916211090699896,.4892735145739645
548,3,0,12.49173533936042,2.09079247520752,.7814359935220716,26.92828357084121,5.336326674509266,1.164213015575845
549,3,1,11.69492539883963,1.961832982138083,.9786136331553207,25.55175564002333,4.988438767885799,.9412544954943909
550,3,1,12.19183883853517,2.047224330931542,1.058182853308776,25.11644905542321,5.26361572949346,.6752246216683043
551,3,0,11.92613451834155,1.982528530087813,.9059085609123319,24.62108994987079,5.280206969714941,.7810160481861564
552,3,0,12.04303701361791,2.176371145473953,.931878237912505,26.50733492380356,5.2855760939809,.8249701029442595
553,3,0,11.45821335061328,1.927020848680249,.972158584900386,28.46707742216763,5.690645395454839,.9517593437844225
554,3,0,12.09794633989793,1.940589953926554,.8455406259214409,25.3298141405609,5.209032318809623,.9728642375772611
555,3,0,11.38089875005995,1.979601886055204,1.13155681421272,24.90217560649639,5.190271213255376,.789768628471462
556,3,1,11.44062944313343,1.817687469108418,.9870786924102555,27.55968286739246,5.665427526481478,.7881652544212895
557,3,1,11.72333056880054,1.998797211730249,.9457197508512537,24.83155356121042,4.982784308516242,1.057810828857903
558,3,0,12.4993800147903,2.110124636836616,.9382153771818429,23.09439744626453,4.920847309388433,.8234641596865309
559,3,1,12.01101130169275,2.220262420412498,.9719689470873779,27.14556766659982,5.04281858108053,.8489031854345356
560,3,0,11.35960559242231,1.970633143190175,1.070461403860444,26.21368904103187,5.383168952486248,.8606851934716466
561,3,1,12.18682449355295,2.114238898236777,.9099796242231848,24.67890953475597,5.14830495535633,1.017001023821126
562,3,1,12.52912093445931,2.312439036921023,.9563972451071479,23.93729369542504,4.659515646300981,.8748657599612543
563,3,0,11.94855897726389,2.265284440245095,1.12727253860336,26.13421663976667,4.841453538503471,.715181687115176
564,3,1,11.45202959955551,1.93621590191721,.9635874098939854,28.19277187397354,5.436501120215698,.8396366277838166
565,3,0,12.98745107503053,2.415015772802597,.8911620308497272,24.66914373117667,4.710122936139109,.8726183780975727
566,3,0,11.99556838032169,1.956494945887145,1.015297287787736,25.10843931789861,5.192691241884971,.9883897910465533
567,3,0,11.89245309419919,1.972410727008944,.9349083151691506,28.28425914356286,5.575998123949913,.8174070006552324
568,3,0,11.7472266593937,1.970246218807097,1.005030926515358,25.54042971241639,5.266619855495847,.75532736209621
569,3,0,11.93318115023321,2.00082194410252,.8735466521838318,28.6277740098843,5.82262416557169,1.05864220251442
570,3,0,11.65283986651952,1.930591509575443,1.102323640488389,26.16798341077496,5.328822510755614,.7327461392647868
571,3,0,10.92437897083406,1.828779215322071,1.091865502380966,27.96741830335843,5.489706180590619,.7746357322539594
572,3,0,11.37386325294129,1.808524145374403,1.116845822059404,26.13733103307845,5.409609384616465,.8570184645692777
573,3,0,12.65690601599097,2.315681447322069,.9351558932540692,23.69846078346709,4.745457492876667,.8256981384087062
574,3,0,11.43011304747884,1.846805925879178,.9394281725841566,25.25911277217884,5.321377244212696,.8163184077768133
575,3,0,12.28716050858191,2.184564123580464,.9469276899689469,24.00498979578941,5.011108757721132,.8123914958138393
576,3,0,12.97831947364073,2.374982196112997,1.125395763838466,25.78642681360614,4.880514464371106,.6724419565235574
577,3,0,11.68158730810882,2.067271730973099,.9778784713106553,25.78821790814188,5.136583864920026,.8749439983109872
578,3,1,12.27517411699518,2.137449949893844,.9448230013428931,27.73131096084503,5.225631182498231,.8780501145313072
579,3,0,10.75013956103596,1.56319420174501,1.094680997216712,28.79470777407311,6.254741252495197,.8250920845783717
580,3,0,12.62554911409233,2.292214997681856,1.031074797145767,22.41411278897154,4.560294505245665,.9075794523810838
581,3,0,12.3678274704117,2.311369714827578,1.145092840256762,27.1352473639818,4.983855987583905,.66266429310133
582,3,0,11.44007082723324,1.923404089510959,.908684730337008,26.90318781969208,5.311762580414475,1.023044658211274
583,3,1,11.9503079501061,2.067804871309561,.983725376834122,24.20619723323676,4.940628604806149,.8552616130282817
584,3,0,12.43658581802998,2.069230257787727,1.031006676957885,26.02228468372194,5.18331463295992,.7751320011737218
585,3,0,11.33010045348064,1.762215784142966,.9999273669025238,27.36178147535832,5.917493564138171,.796112915691529
586,3,1,12.457723341947,2.131490167941576,.8986847443262204,23.65442796176013,4.974707589966471,.8329358584232196
587,3,1,11.88019392299137,2.028189475266146,.8685237962494448,28.20003935410848,5.402979326616705,.7772817578982781
588,3,0,11.68662423471488,1.969490777526381,.8890961133403654,26.95876687258961,5.53931771209789,.9555904577741552
589,3,0,12.27396966167176,1.912316566951227,.8542875634297005,24.58180044468449,5.405597982737032,1.064196623574192
590,3,0,12.34301339569472,2.262618607586458,1.04848697006481,27.60725346341835,5.358882992311876,.6755750851708793
591,3,0,12.07323611799085,2.180535130810858,1.100407581461527,25.66128634807814,5.243112247137779,.8438011759226528
592,3,0,11.36736385290768,1.908667256265029,1.06349795086954,26.98153765926466,5.364381371128822,.7487493502733283
593,3,0,12.80522738351779,2.176604733481428,.9083114984515279,27.01082562810945,5.261203446668396,.7007591270087926
594,3,0,11.4082525280496,1.705367058149861,.8824454118121974,24.47142722544912,5.517845735717942,.9920800224543891
595,3,0,12.27916350256563,2.028349930227035,.8532614638265844,25.82303949666888,5.235714302180527,.6781623038474878
596,3,0,11.22455466653238,1.711662935152316,.9598715283019769,26.89200737912788,5.467003641228914,.8605003643221113
597,3,0,11.4514612080039,1.958117319099319,.7991980805995784,23.63160236105201,5.200867038016654,1.052905004089011
598,3,0,12.32991920120074,2.141611616453924,.8208456801032108,23.09103302347447,4.992996417539836,1.123348622636251
599,3,0,12.46307565317749,2.27686932747895,.9800766250797113,21.95892955452647,4.534822501107906,.6103202456308398
600,3,1,12.38836639569744,2.037465861053653,1.01680274934134,22.74491639981157,5.218204980353276,.7406910845680676
601,3,0,11.61425857244549,1.962465437922702,1.139610016419495,25.83533222864977,5.112529761825969,1.00894420048303
602,3,0,12.24979095698426,2.128292972741024,1.040701112773523,24.95791810142437,5.002532309734967,.7224782470147257
603,3,0,11.94083123471522,1.958874142180982,.9707976290397504,23.42874962794276,5.31007542155163,.8124688683886117
604,3,0,12.73055101025745,2.190263862021872,.9189680996258023,22.29599728124918,4.961812905930637,.9241223086408269
605,3,0,11.26761301158643,1.826017898536847,1.098598261220819,26.7958475749081,5.421124882687356,.7232309188926099
606,3,0,12.31489377780212,2.291289201136691,1.01035822612126,25.34272407462964,4.78229331601529,.9890607629132432
607,3,0,11.65582049758173,2.05501589548674,.9958216696836872,23.31286535343289,5.104097291046727,.7636318543618154
608,3,0,12.71640719766186,2.288951222008438,1.141125958107887,26.05980947710296,5.214592351653364,.7398290438287244
609,3,1,11.71584660649417,1.850317246209173,.9419661912520571,26.99889616940083,5.638685704022399,.8461591768003478
610,3,0,12.39161524608449,2.23773626770409,1.056359275921097,26.51117705722458,5.11257150609583,.7824448472406683
611,3,0,12.54428007585227,2.189798110111056,.9575424701083843,25.00889227262032,4.938347969637078,.9009605346314589
612,3,0,12.28074511112582,2.13128083709312,.8755796693434474,24.90386762801441,4.94849264075391,1.011704898305191
613,3,0,11.98277859657003,1.940055810803067,.9546344159786715,26.25077477477667,5.298716459378722,.7767230978734536
614,3,1,10.69548297886924,1.548022833782253,1.048881965681146,27.41065805696019,5.709591423455282,.8236371746179481
615,3,0,11.08146489141813,1.686167839049941,.9746257317382401,25.98642900597882,5.499404448741348,.8863764438462857
616,3,0,12.40561740659426,2.046385291572229,1.0597383326388,25.49606608836561,5.182379333620439,.7954749681312082
617,3,0,11.31181901592675,1.841408480806812,1.019805048836303,27.28644185809252,5.288897538771969,.7407619388707
618,3,1,12.75951424892992,2.216052934597068,1.038732240043423,24.32788133035152,4.849574753274883,.8289697398846931
619,3,1,11.38918383453457,1.855761113635148,1.269492050968337,27.15786611420934,5.613165310576115,1.025337945824476
620,3,0,12.27858261993332,2.20494609040975,1.053986171833736,25.77763006358558,5.088045469755859,.920699698531385
621,3,0,11.39607684863464,1.951789431870956,1.029036067261698,25.91191842881363,5.163247923535992,.8306287709931133
622,3,0,12.69699638308931,2.274952390168098,1.010749436388152,26.56256460924518,5.036083198456515,.8825599641569013
623,3,0,11.31240901790694,1.65938650178995,1.051953801121635,27.22326002494878,5.952093960982837,.7358004657398521
624,3,0,11.74474774544322,1.942846809373012,.8804394533735224,24.4719899758361,5.298436274337898,.7627400968345323
625,3,0,11.60019898109095,1.871876390601375,.9421449248331142,26.04241554029634,5.53916507489611,.8874099952085489
626,3,0,11.92331604693665,2.169979243776519,.9760748511943961,23.71547633951057,5.033231105006241,.7430493819197784
627,3,0,12.69207865857557,2.239372377661102,.9348907717282311,26.50992290766872,5.028692843376306,.888612604399905
628,3,1,11.19420885556772,1.782181152023517,.8962786074938713,27.63632802073486,5.492180557796675,.8984935590817259
629,3,0,11.35535818281036,1.711672285150131,.84690323587656,28.95381047551713,6.102457680133328,1.068951011674166
630,3,0,13.2029050929579,2.418739286696792,1.012027393584042,26.17438214533048,4.980993123204063,.6362349583159591
631,3,0,10.78475255709567,1.647885559805306,1.050144997986379,25.9893461690013,5.683227596031299,.8034421140198604
632,3,0,11.62739541588055,1.625891547528383,.8108069736682146,26.4828194013666,5.795276022371832,.9493374710668953
633,3,0,11.45321339970287,1.873236247538327,1.006586243382934,28.54391003453097,5.503986115406945,.6676228953509099
634,3,0,11.49865028376349,1.877887964922471,1.095842701565494,22.8477007664069,5.035784314769511,.7175595155906799
635,3,0,11.51726007837355,1.827908323440641,1.08881842437073,26.4807870633166,5.365816549552768,.8820516123172619
636,3,1,11.68335499348338,1.977133300426329,1.053180525557753,25.54306942365002,5.163464607334637,.7307680498252431
637,3,0,12.33989064531977,2.238217233362342,.8812577274358419,24.08995141390858,4.885317170919977,.8698337846183225
638,3,0,11.31623703444855,1.864191402673863,1.038996321944793,23.89802049998168,5.227435608537325,.9675939135338848
639,3,0,11.69004006585581,1.995595059140306,1.104199440563039,25.42863087686999,5.239066453285504,.8330831661169167
640,3,0,11.19021898843079,1.79102322046514,1.128294238624413,25.91368867593671,5.569314321119782,.7243314567658783
641,3,1,11.44348971665277,1.926589393191242,1.065290680980979,29.16858274072743,5.473007519721595,.8195264564942129
642,3,0,11.55781535689288,1.870268112869809,.9944714541206837,28.56834018492427,5.840206330564477,.8278133429518171
643,3,1,10.91232922352483,1.662701222993048,.9204296406996937,28.98808213715759,5.891564265595304,.8395654522105158
644,3,0,11.45611298086679,1.947457320520467,1.247493073229272,25.57450738505015,5.533152128598916,1.008399030467144
645,3,0,12.16789494091174,2.145346201142609,.9657384187117676,27.40429743718414,5.459104935907495,.9764768897011448
646,3,0,10.93162860774854,1.573142418521865,1.001799802651732,25.80633218906414,5.661515541936516,1.004395319570466
647,3,1,11.60809383949303,1.892945225665581,.925752285042593,29.31645146954501,5.730234669255584,.8754744769569809
648,3,0,12.15775163209212,2.132467479717101,1.154545926220251,24.92022281844086,4.919916390584624,.7331517952723657
649,3,0,11.88094207458759,1.880094341356805,.9325977007370666,24.51699048320287,5.209876110706069,.9590215797930448
650,3,0,12.28016132179781,2.145976814969361,.8081654100902933,23.60578884284758,5.081921932809087,.9841149930174015
651,3,0,12.53132597598413,2.173066321683514,1.06675800794007,25.24442877330744,5.295469980413609,.7176282275806999
652,3,0,10.97624700642305,1.652363048834043,1.061463819075285,28.84519891445287,5.908777876113877,.9141727602701194
653,3,0,12.46077302496857,2.255594127627354,.9889923569542507,25.22406827414951,5.14792636209095,.9098321202566528
654,3,0,12.35251107216954,2.2203659150366,.932700654541015,25.80652823107556,5.148478290341013,.936656532578532
655,3,0,11.6827295018019,2.0539287094125,1.055282314991428,27.00870518884541,5.246228425034619,.7165151165462027
656,3,0,11.29106183294652,1.676794085819781,.9722582891359193,26.81361525809874,5.800289731898415,.9434731583626395
657,3,0,11.77313688062562,1.978780513943598,1.032129291789119,30.8281685211948,5.539978391236649,.9220552037924156
658,3,0,12.84717821718863,2.299042189011012,1.023251579144106,24.17222274433022,4.894409128448561,.9995708343009582
659,3,1,12.19694589632272,1.938770387999159,.8630528558116244,27.33159458312384,5.467643095783298,.9900719050104664
660,3,0,11.29331075399208,1.969352147588912,1.01230278508425,26.65103436376205,5.219759607539618,.8135212138480755
661,3,1,11.7918974943391,1.949203857010727,.821488726890403,27.62633956015641,5.537707166558167,.7846651180954158
662,3,0,11.68899546940597,2.034264183008421,1.169559157493725,27.19504169014252,5.757500128762657,.7592450194479935
663,3,0,12.7811490362851,2.384351154091219,1.009095250163899,24.19994128055562,4.671802637961495,.814307684433605
664,3,0,12.38863103380486,2.205903332986188,.8400110520149491,24.82088989177426,4.76668040829366,.9230583774523063
665,3,0,11.64522812737291,1.881911933049716,.9811619367474682,24.92494295027945,5.342802693875583,.8559060002468718
666,3,0,12.28605471726297,2.13456943138522,1.127549580549702,24.81280193694506,5.072917581932892,.6978780517321764
667,3,0,11.29392369207941,1.740098217515604,1.023682556980979,25.27527173096378,5.452627515628386,.7269280667523594
668,3,0,11.73174542846304,1.920754783435835,.9494399024834185,29.37632002492465,5.741878607633324,.8147050052574905
669,3,0,11.87811838691523,2.069362222324201,.8643582441033943,26.93478945447588,5.176703801969556,.826837679200022
670,3,0,11.90217142650818,2.147542680454151,1.151412216094672,26.09023224247997,4.985802401773261,.8081951906865241
671,3,0,10.69039283682652,1.587006126815725,1.18504985100698,26.69215311844886,5.704266890359094,.8845965390595001
672,3,0,11.22343944266505,1.907764422882116,.8984889503073781,26.30989470491183,5.188557622343787,1.053812548074106
673,3,0,11.44233635623545,2.064067337327352,1.086729204046002,27.1745013752959,5.196922351411572,.8737652211966732
674,3,0,11.49861052709917,1.663347552775373,1.160172601188191,29.60132994647397,6.178620780814327,.7014929125905858
675,3,0,12.07233464407127,2.20245249768601,1.071916812129548,25.97673348221903,4.925249142394509,.8406908192291377
676,3,0,11.78008285288397,1.862044262498133,.8989533597387943,23.76789880025893,5.280603198153005,.9319095957406124
677,3,0,11.1491410456623,1.858176519281509,1.046100937121869,29.69793974696541,5.684840162801012,.7461878027603777
678,3,0,11.8419514918517,2.004419907478541,.9106791277156806,27.57889418362534,5.384198073575984,.9543929575634035
679,3,0,12.17234619701516,2.153484698594343,.8734111572998063,26.87197240362513,5.171608823269795,.9140118148792686
680,3,0,11.57218477287339,2.042287366400959,1.203520450577396,26.91745275606862,5.460716028417701,.8061335027825389
681,3,0,12.18605272262818,2.190463062985585,1.077267491015335,26.26315933768448,5.134834630310177,.9438744852139425
682,3,1,11.374412615409,1.908309533307445,.9728566235222609,28.14914543633791,5.601327840950065,.7996955125137314
683,3,0,11.82636496999012,1.979899679869303,1.15947577708929,24.79396591123972,5.160700534013985,.8008937146693389
684,3,1,12.66100851182018,2.166390534282768,.8506153393306795,26.32317736204551,5.166554382109148,.9476979384691789
685,3,1,11.74849007828406,2.22615431407782,1.080583878260991,29.24636017382839,5.431431405985599,.7611580653693624
686,3,0,12.26581296094299,2.068907948652677,.9750929906573932,25.94536482983304,5.196962255232975,.7393485081821337
687,3,0,11.71310597042378,1.955194694775208,.8490463360391703,28.74921188686196,5.505376617844712,.9729167779247865
688,3,0,11.72561812080425,1.930805343381185,.8948941631629164,26.71505177367858,5.079930859536866,.9473788886990385
689,3,0,12.34700450209923,2.107469040215886,1.081175982181316,23.67820360267842,5.010300601308895,.9122934179328659
690,3,0,11.43794344206912,1.843158276668144,1.063204480519672,26.44137045906682,5.449130117790881,.7170651521377024
691,3,0,12.31073114168481,2.12345249996702,.9667260680340715,28.78643192540187,5.372396442349567,.8835982156049617
692,3,0,12.73191385637827,2.212072349778466,1.100890027562354,24.08731414753168,5.087133686262881,.640152976554006
693,3,1,12.86013606890645,2.218518112554658,.9085068151098732,22.39170583361974,4.830749690146606,.7395099891169433
694,3,1,12.521325750683,2.115906163382547,.8820146475481007,26.28270919739156,5.36599288867474,.8803351794047599
695,3,0,12.19101363938244,2.128235916098051,1.018254003393277,25.60414321461252,5.237389964850113,.8095021132333078
696,3,0,11.87443601933372,2.139155100807245,1.036652396318854,26.78224667770221,5.215231340846552,.7966938199451783
697,3,1,11.93082407925104,2.161640661608465,1.084835165744152,25.75709507547679,5.166911394756326,.9090760723701817
698,3,0,12.61998497290688,2.351899366971632,1.099205190499687,24.23839025977633,5.020237213697563,.9447799873717326
699,3,1,11.61301756584166,1.877529826850985,.9991645664533069,27.63269536366819,5.442431689929974,.8085846378549528
700,3,0,11.59013936141718,1.935108113288118,1.01545493352694,28.14469734148796,5.678874713163078,.8868984419985853
701,3,0,11.69472052736504,1.979188605408284,.9193429669213873,27.64072420185707,5.325632046320059,.766061061847026
702,3,1,11.59672913677997,2.042865058526564,1.09527010450366,28.08877021766081,5.405882277092624,.8823186476081348
703,3,0,12.73117528953675,2.101403931808641,1.013142042646647,29.9376314641693,5.604902913242405,.8975485611264875
704,3,1,11.47229056064258,2.149189761374254,1.175239126802445,28.88207301793211,5.307295489500993,.7189240687022734
705,3,0,11.47641334840411,1.757664670701633,1.092199248262284,25.41262320718673,5.341365007299411,.7981209497767513
706,3,0,11.68154390763106,1.997073056928794,1.07178450861794,28.72296014423419,5.421954055685644,.7387814343424802
707,3,0,11.83640694703223,2.070600253900154,1.138152911680828,25.67225936231753,5.06440421098162,.8657471223736587
708,3,0,12.22506131390615,2.085364851319262,1.020446735759131,25.17342369446631,5.26439641312063,.7730248798681627
709,3,0,12.38501049172376,2.161196149891294,1.038123611935628,28.20380782367626,5.242666762620701,.8399208158573153
710,3,0,11.67139002696473,1.875013166424083,.9171387138264112,26.88573269044408,5.429999170043539,1.001532525570294
711,3,1,11.9758619890543,1.983318849488466,.9696489450631827,30.69558232929375,5.663849224431218,.8830502620852227
712,3,0,12.24559834779034,2.404911862123084,1.140763004125276,24.45209297760947,4.655747292653218,.860975240175773
713,3,1,12.01705955319407,1.995457410970552,.9593183224029074,26.42291934203584,5.433462749197536,.939975270025084
714,3,0,12.03834374185167,2.115734616048016,.8891388283886061,25.24565488215374,5.124385272667601,1.006978717320903
715,3,0,11.42933838196726,1.943567543087245,1.163817717046224,25.84138688439613,5.157516758711439,.7073420346512176
716,3,0,11.11020150332928,1.757626898756706,1.311462029252984,28.33702875714041,5.80635493958735,.9583152883993101
717,3,0,12.70217951862275,2.338564758272888,1.034188719869691,23.74505305578754,4.689809660285563,.8160698560700493
718,3,0,12.15102416326692,2.175351737779163,1.090633543159546,23.68451243859517,5.088224344045527,.9143511220062517
719,3,1,11.44104241137385,1.913144480175725,.8599746577751211,27.30087584170678,5.494003957139342,1.030635321225959
720,3,0,11.72447818464202,1.956574372902584,.890057663743802,25.90725183944357,5.413675047696847,.9914056824506763
721,3,1,13.00032988159551,2.358603012126335,.9824454081219208,25.09636017950823,4.952665708616022,.8525101818193317
722,3,0,13.2222194023632,2.299675809797135,.9534478235717245,24.17263553810771,5.019049538097911,.8026414055462966
723,3,0,11.89947899724465,1.917110631623906,.9608063820176473,26.10935732220045,5.390776706370176,1.044264244271425
724,3,0,12.23068219983629,2.086182275980328,.9979330005508702,27.80588742093313,5.430640637216305,.9145332128035742
725,3,0,11.15277356306102,1.77740550030948,1.092466775918062,28.22314270210287,5.720353785806599,.8162048767899189
726,3,0,11.98559036206063,1.918307508200075,.9519811107204286,26.81866626391674,5.550807411566331,.8211340785568758
727,3,0,10.94490556982867,1.66390770265535,1.059750631665187,25.05670817071272,5.500322782983021,.9108814106229397
728,3,0,12.21730595054797,2.222195363777494,1.096982349949433,25.28341114608539,5.134015539326908,.8287263331936888
729,3,1,12.48152458957335,2.15852054782775,.9835084457424823,21.29824605854244,4.874246334153108,.8353344270830761
730,3,1,12.07011669307886,2.051581200854082,1.054513935079697,26.13340039469596,5.390739189973315,.7729443870645033
731,3,0,11.99240645460459,1.961953084052243,1.047843233187119,28.79678749882751,5.612943629027351,.8051075578440678
732,3,1,12.63128236332024,2.31228372220818,.9995270822137772,29.10945392104566,5.316674824827833,.7693152160425962
733,3,1,11.0647474707596,1.902730951732269,.9586716218412634,28.81644035211864,5.602052307859581,.7928718820531222
734,3,1,12.01110134473982,1.999800617779061,.9045249133155648,26.98718620298114,5.41090043387933,.8869326703398136
735,3,0,12.26491336907478,2.39051177124156,.9995432052687406,25.17341827860038,4.769214682318956,.9463725540508714
736,3,0,11.01969764557088,1.730732599385869,1.011356643232094,26.49931575079894,5.453512687197513,.659045880107248
737,3,0,12.29444052062981,2.080639735735666,1.019539775686594,23.22585176378236,5.034572147839397,.8363200110004441
738,3,0,12.14503315792241,2.04268550279467,1.047466279828835,22.38818907151732,4.744080547776987,.7052071309952709
739,3,0,12.48244620094969,2.170252169206754,.9958966619979244,22.35836808337442,4.96784407632535,1.009522653245477
740,3,0,12.19048679092134,2.008037482337893,.9594155762281312,27.95228383716999,5.46134105569102,.8753335957093767
741,3,0,12.42298419696837,2.221199434723235,1.02856755707806,27.35829567534984,5.115992471451545,.7974627064749596
742,3,1,10.98406075687092,1.841746801779042,1.013157571614156,28.91126932847858,5.597173560433741,.6329156824965922
743,3,0,11.94712804197519,2.181462957633665,1.026347490100962,26.01868765703701,5.139456809392429,.7768863124903632
744,3,0,12.16665371972492,2.116244135174509,1.025340908166703,25.54921562520348,5.197962185221869,.7111385868934089
745,3,0,11.52567711531042,1.892347851801157,1.034153564791007,25.11444612293813,5.266379997088531,.790873029906888
746,3,0,11.51367553007372,1.986324595260228,.8885420111327442,28.01519714131125,5.329709678604254,.9222858357804671
747,3,0,11.3070857804752,2.083591468751548,1.150660360564264,27.89228226688115,5.227542886208311,.6512221552234062
748,3,1,12.15067674556055,2.003042434754887,.8669845139800388,25.60001042365761,5.321695309990506,1.022243544973454
749,3,1,11.20748205238906,1.766183346711048,.9026903619835289,23.40270126302197,5.39615692630442,.9402098546416892
750,3,1,11.26631261860094,1.746934735040614,1.009812309168977,25.23208449447511,5.254618857659681,.7387728352316263
751,3,0,12.29666024585387,2.142391541427167,1.040984291755271,26.7217172129977,5.041167949495841,.9074249832897006
752,3,0,11.76910678267894,1.939294942034421,.9849446266722455,26.8697341858329,5.410193064978715,1.035252784802553
753,3,1,11.37838596143578,1.900281416959017,.9618885399435628,26.75388011847168,5.418982613259907,.6612933810344991
754,3,0,11.21293039246798,1.532142579558744,.838747273659304,26.50217896856267,6.046674902250885,.9450474289630668
755,3,0,11.76279312514198,1.948263995221958,.9685538049393374,26.9742640883131,5.421524729569933,.8298425427659353
756,3,0,12.28841111549157,2.127815259101068,.9345659211604341,25.02743979686205,5.101290453307891,.9477926360893609
757,3,1,11.65374515881195,1.904514253883453,.8610103376115826,25.89709662640563,5.352373676968854,1.056982668959974
758,3,0,12.29352024697876,2.205888354566377,1.010014139655372,24.98256538042031,4.914810179287802,.6930396502715345
759,3,0,11.58766297756,2.027043697674217,.8912138059260782,26.79447600346114,5.218285502642842,1.032472071521748
760,3,1,12.03806967867654,2.039593615314565,.9091868523045411,25.27906388465349,5.045009033742629,.9476278176252795
761,3,0,11.46685813536978,2.023207262873703,.9966976450442843,26.54804134493734,5.193024291539054,.8308551152387311
762,3,1,11.31316063638719,1.897102435046965,.9049481669349632,28.30059539882476,5.641218907526794,.9558646689994822
763,3,0,11.45941216894217,1.686256910237087,.8611375432301751,22.42100339269424,5.269155095675132,1.099869359991913
764,3,0,12.15628416218631,2.029548000964451,.9045314562994548,25.73193064501368,5.163131652231434,.8526508476165099
765,3,0,11.42979094423348,1.901810666693723,.9293863474147597,24.42429808288362,5.240287289571445,.8532642992838101
766,3,0,11.95806046473763,2.069276318498004,.9582574259034949,28.45388381514558,5.632459673978001,.8988860552636705
767,3,0,12.73026873331562,2.364736923697708,.9987463691414997,28.09669234275939,4.905877999467658,.8589737526199098
768,3,0,10.92806718742079,1.820697489903424,1.146926475097978,28.51217647447166,5.47885818283436,.9343509320314414
769,3,0,12.04318730584421,2.00210772319221,1.035482112093554,27.46980919863818,5.63399889740487,.9042828206010045
770,3,1,12.03342100130867,2.035517491208349,1.049439472371396,28.24097794889077,5.484559366956244,.9081003574487796
771,3,0,11.56913458792997,2.032001807090376,1.027321569073395,28.39565977692406,5.308750653523568,.7202573598145452
772,3,0,11.1988411025848,1.810080969602976,.9545499339539882,27.61228208932929,5.332305468895288,.781266791128153
773,3,0,11.04682878022951,1.612982817102119,.918969105264975,27.45651197094293,5.98913597076904,.846040991723133
774,3,0,11.40094353026011,1.818720761820753,.9628804903011488,25.4709731067306,5.418641390731565,.9098354162159767
775,3,1,11.66259489792961,2.013103833464377,.9307874678446825,28.30784274234408,5.498803780829992,.878824582455549
776,3,0,12.19810898240689,2.224551298764026,1.090138694717679,27.13177900585239,5.431514264540662,.7558497027164827
777,3,0,11.44630519255783,1.988330205531353,1.070146416721179,26.21464203308886,5.420918805256199,.8804186360155098
778,3,0,12.42699667017124,2.372992809445889,1.171100645826531,23.92547829026335,5.022635603923113,.7892019531204135
779,3,0,11.52698415939129,2.030473222106782,1.016968528707226,24.34810514495315,5.0464029659595,.7881551902662696
780,3,1,11.50413662548288,1.898560228749818,1.146959680366534,23.93098478256672,5.222191038018245,.7673710190728082
781,3,0,11.68649056126428,1.914541725314696,1.111040940242132,26.46859819326605,5.484223928127253,.6632385665655322
782,3,0,12.38572204984768,2.082421336826676,1.017903519998895,22.91631144462033,4.784828858087927,.8220299693358959
783,3,0,11.93489580649407,2.127741225772865,1.152398683179565,27.21198530261839,5.178736473173146,.9102341877740598
784,3,1,12.36044874980102,2.231186783100871,.9817258553443338,26.40552554920905,5.06886888420309,.7807820025537292
785,3,1,11.69278666609927,2.065058897573875,.9241103312929664,26.10740974286317,5.25579191509151,.9311103385201506
786,3,0,11.60681114773642,1.792575432802308,1.044745378181947,25.92010874993142,5.760477328558822,.5762133443178808
787,3,0,13.17856584369816,2.256249797462972,.9034125186113623,26.93238847766298,5.125777864886825,.9447095823715357
788,3,1,11.86065273816199,2.116033827997115,1.015192597138809,23.7475100138552,4.832538333873556,.7696644715191746
789,3,0,11.68181884116996,2.057891440776736,1.166621703054504,25.93278597840231,5.167792948774847,.7462311356675051
790,3,0,11.50007713302378,1.851100161307969,1.119769444685205,24.29854950807788,5.218619983782926,.8017598853569683
791,3,0,12.39963069333294,2.062288689136482,.8738923247659454,27.44198288502739,5.356930747241649,1.002962350280539
792,3,0,12.61552092994091,2.301623315971479,1.044860845468768,23.90852306808928,4.878696947366735,.7684804285586209
793,3,1,12.96159921106624,2.513983645994928,1.058367448551616,23.35905073867692,4.75934522589503,.8169111435643019
794,3,0,12.5275906464646,2.226686631263839,1.039662464551297,23.56460798076629,4.736691142829864,.7384045184812309
795,3,0,13.18490879249654,2.326215588553278,.8375907337030994,21.49413500741318,4.736024090341488,.8881718126836022
796,3,0,11.38643429399625,2.022900511252269,1.279309393621396,24.99854577589549,5.179278030243577,.9277084123322222
797,3,0,11.22920580419545,1.863373843173581,1.112555171840133,26.57462813545168,5.337377428102638,.8511548751251317
798,3,1,12.58829439972357,2.460133086877583,.9819796614567008,25.03896132538011,4.615047212663972,.6865778849526466
799,3,0,11.45519432949859,1.922611742626721,.92353106482533,26.52215148036432,5.30707242647449,.7816304533149927
800,3,1,11.60932125191342,1.836198306596112,.8723147073910497,22.8152266071275,5.21057493018704,.9399752748057345
801,3,0,11.9694249794299,1.89864514921887,.939427074137043,26.71141331807105,5.429934750006186,1.048881616075057
802,3,1,11.17495992661969,1.725393731765523,1.115060968838108,31.41967440349263,6.132508482182082,.78043273545869
803,3,1,11.85309337983078,1.806476215756208,1.010753048372707,24.79493375179084,5.413537244720205,.6263437395085466
804,3,0,12.63883306800092,2.169256620084455,1.10198181678263,23.55176198525279,5.137354826801305,.8689823316192236
805,3,0,11.46329657736563,1.998719424625532,.8726866323691089,24.91930127349995,5.068649879825915,.8698088309494504
806,3,0,12.36328346096707,2.351055779846776,1.08143190789879,22.66658143131404,4.792985781773123,.8359676657248958
807,3,1,11.56809194300527,1.816293576419737,1.104112454797343,25.12890746271662,5.197713213405133,.8655775373826968
808,3,1,12.35465455203431,2.017735209156607,.8245391065160906,25.78648362195086,5.122699228085465,1.155735260703955
809,3,0,11.86020645256962,1.861950559620883,.8626749408008103,28.10076874656461,5.616323174507041,1.02053296041568
810,3,0,11.1207355606974,1.812641829315637,1.08522655553133,28.45745212835718,5.709111459345416,.7503200028395732
811,3,0,11.38412377240401,1.654776187463659,.9613585575198073,26.01483676628044,5.706293222804514,.8000940096796251
812,3,0,11.49693060485471,1.870528996423323,1.082643626517081,27.80980815409434,5.547020744319642,.7865876216691403
813,3,0,11.83265215289666,2.025582880854036,1.139707771801959,23.8417921144816,5.208077162882105,.8548095955804852
814,3,1,12.14418417342975,2.070325342138772,.9622495170046244,24.06340683283692,4.988941219750852,1.018630829338228
815,3,1,10.77362673210621,1.74169797769892,1.223223066279671,26.53647510195538,5.330836768210495,.7423105978822496
816,3,0,12.13015091074768,2.200989046855476,1.034838719852405,25.45354614050107,4.944852609420017,.7638675215481215
817,3,0,11.67371648672435,1.981314711654433,1.102642828092679,23.74541212816738,4.855882051034959,.8339433024084463
818,3,0,11.21942118323025,1.920861832269495,.9215301074720301,26.71454233408063,5.487516409512025,.6660017324541844
819,3,0,12.80088489848907,2.304766171332371,1.124728611716536,23.43817837333324,4.809221396172271,.8339911468386864
820,3,0,12.41639675180263,2.325797982013407,.891867349649708,26.01213245675859,4.973033593475878,1.123035321217082
821,3,0,11.64030092961083,1.884906094084657,1.227663624281651,26.58945219020641,5.670559752996079,.973296331274678
822,3,0,11.24266220162434,1.699796954112253,.9473117818363817,28.26007122696685,6.0534656983199,.8489976783888608
823,3,0,11.40778439958476,1.869695740124323,.9809293432631457,26.31830817153229,5.354594019655205,.9240551379224907
824,3,0,12.62314523062599,2.221344243062559,.9982837413115517,25.25281468111765,5.101293531632308,1.033796480576385
825,3,1,12.61886986555362,2.257557025871131,.9081139163105481,28.23436447423032,5.177713099926472,1.0899445615494
826,3,0,11.35388261542668,1.665533385483229,.9104426248473815,25.23959772020267,5.594594657713507,.7462984991990541
827,3,0,12.06467748877422,2.087352353824954,.8999943433089486,23.47053283234851,4.968761136551752,.8906600631048733
828,3,0,11.15354674279748,1.725884374787227,.9418540109741657,27.23922334834111,5.838658511945186,1.166875215972411
829,3,0,11.77249662898134,1.947897874247082,.9564662237637138,25.56620101196036,5.391953896351859,.9215262972657582
830,3,0,11.19878904262841,1.808192183790845,.9197228654477702,27.4276168493938,5.589033836860755,.9422654634202735
831,3,0,10.57050803024486,1.379894034972685,.9648269269247638,27.48837926894099,6.286459492190955,1.004479668537394
832,3,0,12.76515197658443,2.358823353460362,.9621080617000455,27.0962755320839,5.212869881062524,.767445326699972
833,3,0,11.32297352205795,1.668806637631655,.9533369018140062,23.71105681562439,5.467049239247941,.9893110150277348
834,3,1,11.38501763655587,1.648317301220155,.9203747872370552,28.89286169076511,5.765238201252648,.6992765208495906
835,3,0,11.17770388417687,1.880993152515793,1.037494576966962,27.51489880080227,5.508192445990087,.7596568282081464
836,3,0,11.92783265029775,2.048842787008528,.9231665313862116,23.0233273003382,4.999181990802938,.9168587353629133
837,3,0,11.96937632323022,1.792814009080568,.9130433672325666,22.343032837797,5.309981162054235,.977372815063193
838,3,0,11.62094535799132,1.858195421000391,1.004678986497879,23.83689427317402,5.188028197437228,.7475102318112236
839,3,1,11.64880277296914,2.116690514984075,.9246521973509433,24.88500930444171,5.09415751963206,.9819733245868735
840,3,0,11.37513941814909,1.846220501171568,.8883398180755392,24.08399269754299,5.156931006308324,.9175916256658182
841,3,1,12.06166341514087,2.144307906934274,.9119347816982439,23.44867718733912,4.828987524615316,.9540855419068511
842,3,0,11.47572909501258,1.807064561693592,.9284061113141833,26.79164420393889,5.585128829962735,.9623764078626242
843,3,0,11.77874604873498,1.998198333327923,1.055699991437989,30.24944548340335,5.417955608885218,.7369876395346664
844,3,0,11.84213908110915,1.849142643336236,.9924211298849022,26.22976666947121,5.535717158044078,.7511170106493076
845,3,0,11.58586525499732,1.990700454808581,.875971842034182,25.94800832244562,5.146883661037702,.8861948938039889
846,3,0,11.58538259208716,1.850623724771759,.9266658668172019,24.60908126946195,5.461671861307441,.838675068461886
847,3,1,11.73531713377172,1.927496586760594,1.106981216133715,26.72422562955757,5.498810180903296,.8044271624841874
848,3,1,11.61898012691192,1.812644752966716,.9227355352382811,26.98464993567884,5.524301430709131,.8990931221298097
849,3,0,11.64548766064824,1.905073867094789,1.044894081425518,27.97726528552235,5.614133619697851,.7170001141737603
850,3,1,12.08381274631319,2.028268983194779,.9207248255531093,27.06767670730326,5.36210051350188,.6510442426256128
851,3,0,10.74263147456097,1.526215959813072,.8994996053776141,25.35447160478908,5.610199098731063,.8034733452937316
852,3,0,12.13481454315467,2.093927865513475,.9605980567576147,25.57841347519899,5.076871717614862,.7650454355501357
853,3,0,12.43300771789837,2.092826788739485,.9747372418522314,25.37933605159421,5.03963762105272,.6490013261213612
854,3,0,11.89365387718118,1.959386100198166,.9016782019963894,25.13575486571822,5.28423388007383,.9111159782641282
855,3,0,11.22050420535582,1.766859241553727,1.001010182200442,26.23532553389203,5.517129310253324,.7611785398502242
856,3,0,11.46625597933589,1.917099015923527,1.016790112147846,30.23668265010967,5.941493838677656,.8609981259347795
857,3,0,12.08036581632274,2.246026459426565,.9123420858202566,27.72010408873506,5.139898080015086,.7348940306626444
858,3,0,11.0181212926926,1.67275715587659,.9637808508070326,27.21491710476802,5.840826773505701,.8813638163559415
859,3,0,12.75148221185931,2.263357559271126,.8810067231397991,22.75624650435607,4.79961495940864,.8842369016961952
860,3,1,11.90125081231811,2.111197248523474,.9886312961103001,23.66236652085876,4.929671490776027,.8605979938813839
861,3,1,12.44202212085334,2.239461408510437,.9841841445392687,25.80174062917193,5.226302766346709,.9729502066474627
862,3,0,11.8809240969242,2.055845939411629,1.003740852431549,26.4922141707352,5.116330536304848,.7894493914646252
863,3,1,12.24510291690519,2.072370768845041,.9289263741398541,25.19958808550382,5.251345474398898,.9776045480664595
864,3,1,11.73203178770193,1.875747157068326,.7906301476334021,25.60320578931918,5.438804518284806,1.000412181801223
865,3,0,12.18567553768109,2.208289248823934,.8447032839336795,27.93770313962347,5.34554749828768,.9164822934936984
866,3,0,12.41544534344645,2.122408409201903,.9410054714724438,25.31109201937948,5.078091163182569,.8976461406459956
867,3,0,11.67128282891653,1.981653810365144,.9326239007483501,24.45386784076068,5.229740770256955,.7952419601299513
868,3,0,12.3992264343705,2.163682766385358,1.033181605975213,23.56588063271435,4.75420427925298,.8455347835438237
869,3,1,12.24338604665031,2.228764646578011,1.077016817251338,26.4023866543291,5.059565150352715,.780776176531909
870,3,0,12.54141245244718,2.28916275383853,.9791036720043371,24.75194525396803,4.987316023163784,.9074750284915512
871,3,0,11.69341030859607,1.796711089193156,.9839404498454619,27.94695207377663,5.627527935809457,.7887434875964829
872,3,0,11.67964348985157,2.0269823933835,1.031523928501434,26.98501413813139,5.401416167131104,.9611765166177052
873,3,0,12.54143474889135,2.216875827682596,.9234096433074006,25.05450837901598,5.430856256225709,1.004741611695953
874,3,1,11.58449076862375,2.043724456021908,1.030456966770165,29.37319284274967,5.591744251707185,.8437095658930479
875,3,1,11.62908928991447,2.020061203689109,1.01210630380755,26.45932544033078,5.096047878333422,.8235456454775593
876,3,0,11.82063594063583,2.019441242420082,1.030745664468762,26.86710860301456,5.334073731099499,.7014189209541793
877,3,1,12.3091760742579,2.115521091018566,1.059280798500772,26.68874918946788,5.309654697781188,.789459143838469
878,3,0,11.76472996694186,1.934707195116551,.8482458921696993,28.02649713705623,5.398780321099562,1.030942317186482
879,3,1,12.2660570355316,2.107070528638749,.9287764824974409,23.09449568594076,5.021827066565348,.8252458853346236
880,3,0,11.65457935261535,1.874687820080801,1.089732815561462,29.55997163815518,5.687428180797763,.864313764410809
881,3,0,11.20495132361798,1.699549233827319,.8469338660075103,28.57601649859498,5.518112508917598,.984898471031511
882,3,0,11.64324578625397,1.941969569186983,1.002687467108082,28.21148239616588,5.678186903529316,.7625597904857659
883,3,0,12.86643717847514,2.550337779704787,.9488524439603777,26.87971262151223,4.903688279598764,.8846988301448565
884,3,0,11.64172386531915,1.899942728886434,.9572114167254344,23.4191608330197,5.006362120995473,.8973625765567657
885,3,0,11.86439356760783,1.919289568514836,.9849405349051703,25.59708290637063,5.50731719086203,.7589078596436182
886,3,1,13.28458827853535,2.428936602056693,.9151101511453181,24.26840227727755,4.93252871117109,.8580758517062418
887,3,0,11.98423991917333,2.047848891705392,.9328599637502875,26.42877558992691,5.134416874837391,.8382245575845327
888,3,0,11.75171397890153,1.902220609095029,.953828777440106,27.54991248943303,5.738652063367012,.7486241687017211
889,3,0,11.40510759084686,1.725982022177074,.7819876678335468,29.83184550031288,6.212526619767128,1.129258836977432
890,3,1,13.15588615103314,2.406330479711528,1.002733015852346,27.316284965906,5.043548842717608,.7523525597834706
891,3,0,12.28880681481496,2.180779822251147,1.056288235422075,26.83595719632134,5.118245452551434,.8434285994746512
892,3,0,11.98805030725326,1.934968681002898,.8544756821114117,22.64141747651891,5.103104775000149,.9273296165979716
893,3,0,11.91628657929688,2.127673722106852,1.071176521235657,25.10954637201637,5.183126258571138,.8201435007989455
894,3,0,11.13262437115148,1.994355654283603,1.117238879711306,28.93021709634671,5.405647800397312,.8128253643771532
895,3,0,11.45165942811577,1.881136617644888,.8748828058447535,23.75553756254835,5.329153150233769,1.029414833485214
896,3,0,11.99991422265531,2.001406623017514,.9607173401444898,28.00924084636478,5.674645483326546,.9212293474900412
897,3,0,11.37931317868644,1.846202944783224,1.097504817508103,25.43504147548961,5.407984054035517,.7497514847732466
898,3,0,12.64426998040764,2.319642316793442,1.023058745469458,28.87719151757073,5.023964494073223,.7126982053935383
899,3,0,12.08702252111921,2.079109779255039,1.095925501259306,27.38053995051012,5.333255490792903,.5588503064890888
900,3,0,12.65204869486682,2.285319588830299,.932336190403238,25.70157695708969,4.915588682778793,.8239416874773485
901,3,1,11.6298005537268,2.067422703954561,1.004294719640354,23.03510737554548,4.731728920398227,.8887314800615548
902,3,0,12.4364042846104,2.191878121349618,.997092266254745,25.89474783373566,4.937851670256031,.7667991397116921
903,3,0,13.08433177548399,2.253229529805441,.9589235411682389,22.95707484761272,4.817366854849738,.8518189426372377
904,3,1,11.8365205991,2.00480720219232,.8758031515085156,24.58410593106196,5.242196809531122,.8240787025364835
905,3,0,12.08560492052772,2.154578775351843,.9611837475439218,25.83856276487434,5.138948633501071,.7904541882475017
906,3,0,11.87501317470453,1.839133417530371,1.204957471576599,27.30380442291336,5.698701890370823,.7289407397574221
907,3,0,11.03844142120828,1.727126411563029,.9494880190882377,25.1869573746874,5.407245988490671,.8285462338525585
908,3,0,12.13206025946801,2.05537419094653,1.054150935021769,28.08010698332261,5.569513159166143,.8461614878940719
909,3,1,11.47149037673008,1.908552943204273,.7200154575612845,28.16736260791083,5.599442785980083,1.285104491840023
910,3,0,12.43852759685996,2.256936421752912,.873998263441031,25.03588024874036,5.1295229459631,1.042392367649053
911,3,1,12.05900688290124,2.145847539844954,.9182713173076654,25.41007865270893,5.076995616410542,.8652701708406092
912,3,0,12.4121700392944,2.181107469224074,.955308020838435,26.88193248380146,5.401436532018588,.7089521675410696
913,3,1,11.68452722903799,1.930832997797777,.9964576122348467,25.10353435315164,5.443849815556227,.8259220735243819
914,3,1,11.07923451147849,1.716156947864765,.9960543714812717,28.13013235923258,5.666525992846313,.8997289625818272
915,3,0,12.231252252938,2.177307749293578,1.028212697402202,24.6550919909978,4.915153715409383,.9178816358065859
916,3,0,11.66184636462316,1.704537609973301,.9412622522488983,23.86812608824055,5.497464356294214,.6862901657984062
917,3,0,11.61631755587626,1.923178119505705,1.13076872000293,23.66398595501645,5.21688391637774,.8881196780069939
918,3,0,11.5587484540556,2.109591279651527,1.193092234505731,27.76481889767859,5.198861271222653,.8706282212868279
919,3,1,11.05678989013177,1.512524138368485,.8300446934740666,32.08130932174,6.6066151595867,.9225138681003239
920,3,0,11.93286322451378,2.017575483645239,.9961693314273155,26.1454238176739,5.135686638518803,.699195230398198
921,3,0,12.76485153967216,2.153175455395362,.9305884194919631,22.70026334185533,4.863020308814428,.8260388710974753
922,3,0,12.18711566311488,2.102869800740919,1.014280328103764,24.23815082232952,5.12605883686341,.8223142060951547
923,3,0,11.96725110311816,1.985351661166829,1.021340502369607,25.28695364853684,5.219403165756522,.8314200722135534
924,3,0,11.64507152210486,2.031013088683979,.9662273015788854,27.00339344382953,5.296211683928562,.8748724455423502
925,3,0,12.6535127837773,2.18795650833251,.7890797722641995,23.27748272266196,5.067935708587085,1.152907995462145
926,3,0,11.74931640399226,1.997181936904829,1.116046671356389,22.4955295721315,5.069003123575972,.7677512680018955
927,3,0,11.29331953808768,1.758324042228141,.9167536637466518,26.20329184364792,5.414882292245955,1.031295319526595
928,3,0,11.00926722402571,1.58110872987473,.9834575522289061,29.0075888057488,6.088469063326207,.8031624590472858
929,3,1,10.9053229627358,1.434328488647773,1.043070166293981,26.07445083233483,6.05741415270144,.7097009022230693
930,3,0,12.16303750387085,2.088485050170303,1.101990844224087,27.42719592196076,5.278406256189506,.9082865958402891
931,3,0,11.98496344569667,1.983003423372437,1.016597202054192,25.08900234494946,5.353810890654512,.8650927642241379
932,3,0,12.45691203151377,2.104720483253478,.8637305977040698,26.73031840938224,5.224849072013856,.8693993619806902
933,3,0,12.46965200577755,2.203684960890437,1.072264363579808,26.62753961942841,5.105705650750547,.833598577313782
934,3,0,11.9775659585773,2.067078656837239,.942306795436554,21.56135500796408,4.990922955964535,.7280751251674209
935,3,0,12.14072418198445,2.157791105758665,.9697221181933663,21.91389830476813,4.608528118211251,.8611494947305643
936,3,0,12.01311747769763,2.14775585411667,1.068260043436976,25.57195404044464,5.149824163166326,.8819803288629263
937,3,0,11.20329633413647,1.882385466303473,1.096878896766478,28.93658548952745,5.686024171653566,.8931278820004983
938,3,0,11.83930665794469,1.94515907047475,.9774535146232042,25.73895591331,5.501255642339737,.8331890507155995
939,3,0,10.95425273548958,1.594818672226715,.8134233215214908,28.1513762692302,5.755997878725947,1.103119193283801
940,3,1,11.53995239206587,1.852718916142836,.9617570375241735,29.4198279631226,5.825680433566809,.7972114209492814
941,3,0,11.96243121490842,2.121532596105071,1.147307984863648,25.43590195227288,5.184058910096026,.8730956598611781
942,3,0,11.45251993672285,1.835605056528957,.986062022492131,26.23344402174667,5.432181107942559,.697334699406034
943,3,0,12.23756011825029,2.311577868742989,1.07700768181116,24.54445034862718,4.684777148777492,.687047299445732
944,3,1,11.97465036107822,2.015559410352679,.9724573206735656,23.60928141934618,5.119503878137443,.9097792401734152
945,3,0,10.80359478824104,1.60166326377621,1.001049877683749,20.63862096291339,5.328839015050698,.7450380261318291
946,3,0,11.96834733741805,2.177406025618371,.9230061048903511,25.74751978543346,5.371698827552489,.8210184216619989
947,3,0,11.41218425688051,1.910980216815489,.9996633835337071,26.69735609236043,5.343202402934375,.6786822638999948
948,3,0,12.26389197595417,2.325190862627532,1.271636737864176,26.26375022227572,4.843932965802542,.9504174036140138
949,3,1,12.06826449152295,2.093692332635223,.8359458981942143,29.51984814704721,5.537838744324316,1.016114984414186
950,3,0,11.52746684246697,1.961924237923908,1.092312277681475,28.98118886348379,5.402535015335548,.6219654329765085
951,3,0,11.7990781457607,2.095241542005104,1.012253186796916,26.03402232685874,5.127119756174001,.9482779774544029
952,3,0,11.99816716729292,2.092681374067356,1.061443463181924,23.32375548246199,4.933096554726823,.9898904057408076
953,3,0,11.96997000636215,2.057180008155131,1.127441828969622,26.27150658158927,5.183548610424555,.742527448566312
954,3,1,12.13617001761916,2.234917389587091,1.095098377586848,23.83620157454935,4.969485755422562,.7592087916052572
955,3,0,11.37418654228451,1.798966298057301,.9098430464913115,27.29968042029439,5.81317971107408,.9461535500062029
956,3,0,11.79443440841328,1.914210744876162,1.156555900051053,26.84877724976761,5.369441799726281,.9066932078897755
957,3,0,12.48336957926815,2.258654856316031,1.000326371178687,22.84489401950611,4.814410280665823,.8696228289848806
958,3,0,11.6411859936652,1.806748975532942,.9905900109811945,25.01381529336814,5.62380029714785,.9287099434267437
959,3,0,11.48683322302183,1.770364010985126,.9671934582792364,24.32813422653048,5.376321273952403,.6293922428846117
960,3,0,12.21965560240871,2.130683189113772,1.051024789554971,23.74265581709204,4.866333595895555,.7355567621606466
961,3,0,11.08099199397373,1.661338910610135,.9213841178375475,27.67561261071889,5.744718356625655,.9666602032962295
962,3,0,12.01236429669165,2.130549901467567,.9392642385255958,22.72816996014151,4.723771784424043,.7757566849313637
963,3,1,11.28067786108808,1.803990962117491,1.021491488583038,27.35785871402864,5.54494815838578,.7829811908968506
964,3,1,11.37138851365966,2.092672198523534,1.002373478985949,29.35445741000219,5.558971442253577,.7035913311726417
965,3,0,11.61378509749163,1.935195777424946,.9069623866176912,24.79988711225654,5.365808731592503,.9356011524431466
966,3,0,11.18224557677377,1.831473615389358,.9864981672364473,27.05334872292586,5.482904473320907,.7955357041804714
967,3,0,11.33940099916824,1.845822923681505,.9596696504482252,28.07965075065892,5.399877668657998,.8818533215502953
968,3,0,11.12218958120767,1.797461622804268,.9766450061590546,28.40111888339926,5.467721801606676,.7914800128718847
969,3,0,12.21998987944071,2.079185537288645,1.050641265642198,24.90686076542372,5.0567438422659,.6266920668453215
970,3,0,12.89737825392632,2.310643601594109,1.078555882075218,26.32710655025721,4.814298477674551,.6470820631082973
971,3,1,11.30222987515961,1.841551888490262,.9722387226909088,26.39126859940984,5.503222152164552,.7418503129778291
972,3,0,11.32243061981884,1.79412555004461,1.012593719961553,28.80143747129596,5.672226090760621,.8305432475853702
973,3,0,11.03376580424582,1.739207178368914,.9979599690593275,30.02781835495592,5.852416660846849,.9388342573828771
974,3,0,10.99447364503297,1.751080701227884,1.006590041476387,25.39621268734542,5.351767800324534,.8676127176092611
975,3,0,12.00482999320107,2.137354245079631,.9379960960258927,26.55555360144933,5.273276189743379,.8134655467485262
976,3,1,11.53707134040004,1.880224781224716,1.036760162862903,29.36882196968871,5.809570860541807,.7646101077739282
977,3,0,11.80731154750498,2.079742988668832,1.0073272316959,26.92189245883959,5.313597432209344,.8945073134294749
978,3,0,11.83142793330678,1.991237716338715,1.073385032136852,27.38418367944185,5.498492756389103,.8000235701110545
979,3,0,10.56432260124203,1.514244744219907,1.119896316422261,27.17436507415942,5.957074259162757,.6906558217529039
980,3,1,11.74380757760655,1.982690328542147,.9634516797534112,26.14731289823893,5.355291322062461,.8574309230355015
981,3,1,11.28323144101467,1.916366307762313,1.031908337819988,27.24151820225788,5.589895468013957,.7710047992156793
982,3,0,11.4621855525446,1.845545211686776,1.156374631382107,26.75073913143321,5.428787675730951,.7823774125404322
983,3,0,12.21162000149435,2.166183474328037,1.118447465061666,29.15114953046114,5.447875471299591,.7338724475544079
984,3,0,12.13842875201797,2.08977795808048,.9873639782217987,25.20736635446008,5.2335596491822,.9787761443187579
985,3,0,12.26615954742066,2.177499254069534,.9488207836707633,22.70143484136767,4.827419372642496,.7490952403530169
986,3,0,12.62607196186606,2.211122147602339,1.049163048268295,25.50373809338372,4.810467510530973,.8705028499987653
987,3,0,11.68339061289547,1.855782402079958,.9929474679349779,26.74389147250755,5.469811921584106,.7725791729523941
988,3,0,12.91166906919936,2.339076536225437,1.061003263140723,26.44169382753311,5.072552532164726,.9086568572366422
989,3,0,12.07830864519431,1.952679778894409,.9679592410262132,24.04741708084163,5.222634988716729,.714113282015174
990,3,0,11.9821544939076,1.972119101865622,.8427008408520502,25.76478582648684,5.380698755247476,1.090980993304192
991,3,1,11.83277950920654,1.961134934314759,.9751307015537517,27.02450353401538,5.258971018225988,.8581721935740653
992,3,0,11.94111100183656,2.122829757541576,1.03435792024962,23.29492490603048,4.874780371070627,.9354833579389994
993,3,0,12.5449109388588,2.276591928655197,.9166215346148947,24.27953914066997,4.750878766645988,.9637793115474041
994,3,0,12.93727178072928,2.311061039649252,.8572764268944723,24.66069895680954,5.088898911394303,.912688493066346
995,3,1,11.83059121314774,2.048533106648805,.9179100402154395,26.23306651429293,5.383379589297523,.8440922162546904
996,3,0,11.55407249440218,1.926875631448799,.9811115024005537,25.75769608208239,5.210605327825254,.7125733401417471
997,3,0,11.99064358464454,2.117343857316134,.9772483847136187,22.85882088442158,4.939111359573158,.7409163985222083
998,3,0,12.14370268051885,2.176381101705534,1.289562338258228,25.84271106469587,5.175581181658226,.8970363568147253
999,3,0,10.8567480511806,1.744070282160181,1.136560323304962,24.9356272103744,5.368362946097769,.8533585427122035
1000,3,0,11.90839613923245,2.075619567151934,1.054624798260873,30.96309569665891,5.618142526629818,.8528763542192122
1,4,0,19.19908207768009,3.81647960861131,.6985087532015848,20.76369819364445,4.588067151989208,1.257030399679655
2,4,0,23.54675515336044,4.136070670712845,.5961561822206248,24.41248443343522,5.107998779476825,1.569003183997583
3,4,0,20.9946262248688,3.899937516414746,.596645796763821,22.82324089597333,4.692663575050077,1.44781773018762
4,4,0,20.40097183582219,4.1158232752848,.8549032644426218,20.38565028698594,5.418355419617507,.8621799900811609
5,4,0,20.96780030960417,4.147411548353447,.7608046130786821,21.79382993852365,5.098088726890619,.9829733824987635
6,4,0,20.80993856776048,4.09003112110399,.7685000306297884,21.60170557968788,4.820980069907048,.9990858466855487
7,4,1,21.25762351439363,3.956652941164777,.6609462095026351,21.59017976782111,5.101209162387741,1.38309744301222
8,4,0,20.7628935439999,4.092210843877949,.8050682511248077,22.02929457110662,5.016554242445983,1.012973008625349
9,4,0,20.59149061518454,3.96463376794323,.8116577858081213,21.85020150944938,5.000323021473064,.9445014559905363
10,4,0,20.09928041876269,3.985355048129597,.5163865867295816,21.36714618040756,5.055158655648243,1.532809478504491
11,4,0,21.850942705837,3.892337152709231,.3975957062307927,24.54738430578971,5.024304163229443,1.801803203681114
12,4,1,21.0016033232283,4.071863225122311,.6943034265900748,21.1024568940089,4.981302302578418,1.245612385701897
13,4,0,20.27179365546206,3.932646861359893,.7008794676516403,22.05485676376857,5.083250575276366,1.218299176316862
14,4,0,21.48794941697355,4.214343222639074,.6331258578143955,21.41078923823762,5.329455470519863,1.41257834017783
15,4,0,24.10931605716508,4.429941324615701,.6829046853773619,26.00687904871084,5.470116453118049,1.457111518843388
16,4,0,19.28712243113113,3.701761886040862,.7752344037777968,19.8486314460711,4.507002496025457,1.117760405100541
17,4,0,20.20249822225052,3.995406409532662,.8547212863026374,22.49337056401836,5.149587661860203,1.061398005457029
18,4,0,21.04646011785413,4.066233521934861,.6022652354611585,23.21198335626846,5.233645020727781,1.162604126593835
19,4,1,20.89060154230337,3.819841716522087,.5995740304590642,21.07321601435151,4.770492985612954,1.583047956975311
20,4,0,21.43825759756156,4.053723370411368,.6834588131978531,22.55432089323991,5.107923990977275,1.272312880584572
21,4,0,20.91344756734851,3.874047401960155,.7397249939401827,23.58128667084675,5.348752207732659,1.296218176449628
22,4,0,18.89125220122392,3.82210699081304,.9677679948013139,19.27982155637128,4.668273693834728,.7023998190347565
23,4,0,22.13925677104703,4.102989392370657,.6829901366328659,21.43580531477205,4.99833396606414,1.376729069771696
24,4,1,21.13650634778581,3.982829348597686,.7231603339223552,21.97344623904166,4.967504533168905,1.415924787262699
25,4,1,20.09749691491858,3.872568983255764,.5543324080309959,20.63846760298014,4.845323498859664,1.410860076216063
26,4,0,21.6500942881502,3.971287433926918,.664257005276886,21.96724663337563,4.876260458873628,1.218089266937621
27,4,1,20.77921644675951,3.805998256099012,.5498716339758717,24.15087578126914,5.312249983688308,1.579811035143572
28,4,0,21.53313873626066,4.061661471895185,.7719909381330731,23.12310868693864,5.34492655740622,1.253051719001848
29,4,0,22.4485116294049,4.288555836175308,.7258070848944055,24.59431835215509,5.509452352264409,1.281169905562523
30,4,0,22.08210321543129,4.270782163301605,.7737286805544158,23.99354147604948,5.250907498549669,1.152104814700595
31,4,0,22.80162621298206,4.222887242497261,.6148897549806169,24.64983927439213,5.390086535525743,1.388001651588167
32,4,0,19.98718074952586,3.989602396825732,.736946134414127,20.33501712139838,5.011324843486858,1.186643934716962
33,4,0,18.75721969258561,3.693963096879506,.8080735040829345,21.78689929317072,4.846557850777947,1.040812790926586
34,4,0,21.91949955862982,4.117889314410855,.7061080500295911,22.49789149699583,5.038998074084431,1.394919958477236
35,4,0,21.46612095839374,4.026356452970664,.6668201031112732,20.53242373952439,4.710848355435163,1.399175211589472
36,4,0,19.48337988496993,3.805142590178583,.6773036900978746,18.21315198832956,4.635838270556295,1.22977760607493
37,4,0,20.88379127978964,4.049189339286285,.6491968166793888,22.35286633869435,4.98536035529535,1.134983393540776
38,4,0,19.2046962994205,3.831552926984058,.6688656420086214,22.53585728628218,5.211783930326,1.238170888212545
39,4,0,19.1814794111717,3.828872745882985,.7715711258077462,20.1225877244486,4.955279995636882,1.062389243227985
40,4,0,21.15829045415568,4.057243534162442,.7521414944343565,21.07861891940023,5.262502038919626,1.222534068716912
41,4,0,21.32799129319595,4.09179321771226,.8496724621825134,22.9656005542331,5.107874079086399,1.048702876365762
42,4,0,20.44776598653919,3.841081537658657,.7187022425709357,18.84674026584355,4.842636479759951,1.164660929948583
43,4,0,20.74439697493412,3.948401107782817,.5884153925435169,20.28472349313241,4.697842242053514,1.390286635960319
44,4,0,17.13061699172458,3.556095492583174,.6869154631617092,22.35252205023892,4.970015417397608,1.359355506075196
45,4,0,21.57483539315807,4.099937972206259,.5849342181173592,22.29739176164951,5.005521011687527,1.513982133453248
46,4,0,20.23186550012227,4.106993141015616,.7450055533191615,22.21269184619906,4.905738937337915,1.060617870498803
47,4,0,19.49732420330197,3.842222039533917,.6616548770462257,20.82488531413161,4.779109257027079,1.315257545826921
48,4,0,19.35002420576633,3.941787229922835,.8811405511116552,19.46492740514703,5.037647068118706,.9750980287019198
49,4,0,18.79890175929795,3.796129770502239,.705972078990097,23.87883219329285,5.005377576618275,1.182577242288634
50,4,0,21.21615463575455,4.086127515373454,.6611572339154558,22.06959712022662,5.14215435531097,1.553030998013855
51,4,1,18.85355630094136,3.75248172014295,.7809691226521798,23.76371575587153,4.893832702456073,1.17578740685567
52,4,0,18.40817488597317,3.658764221959329,.7068289747983704,20.48649077640835,4.867578621598764,1.221626238245421
53,4,0,20.22642162557267,4.027225288037965,.7913548995025628,23.8554973813036,5.098996159716591,1.121415812054753
54,4,1,21.03966439325364,4.112524577317973,.7966731385231607,22.35677365832526,4.864740138244862,1.0735975046294
55,4,0,20.00687452046462,3.899568890447377,.7054622138480292,21.96442229812066,5.141715946719563,1.281246537040631
56,4,1,20.64032857611118,3.933033127000111,.6897913923553225,21.05923685850421,4.879840058717973,1.326621676180042
57,4,0,19.93505623473924,3.89862521793198,.6807523750358289,21.40832319648092,5.011275100276723,1.314221292160475
58,4,0,21.08686010255072,4.012926145943227,.6851183099577336,22.81278220728113,5.099186432280133,1.270676630362336
59,4,0,17.63393066512478,3.292017845613823,.6767672143269617,24.00051089558331,4.486972210746177,1.339536284310488
60,4,0,20.32210355080118,3.838689006817,.6896340921538794,20.4839763127639,4.879551117792568,1.303661987693977
61,4,0,20.6426944061414,4.01517553642966,.5786651853255372,24.99409281669468,5.577334656182249,1.395524033884992
62,4,0,21.38073364631553,4.204733785828872,.6398810105704641,21.25817689256138,5.171784680307049,1.329107477357405
63,4,0,21.56929614434681,4.180690757187521,.7287411252053715,21.86032101266584,4.950069673278437,1.174307804959198
64,4,1,20.04924774293078,3.787266233801315,.576709292531557,21.27195641635039,4.995559482440166,1.415071460708045
65,4,0,21.6066257944159,4.210102041988648,.6538982330061761,21.02640676258239,4.762545623609671,1.396523559297886
66,4,0,18.48975068695951,3.729195974431046,.8966871966921484,22.85403604443832,4.917748349836312,.8686660020627637
67,4,0,21.49703160950677,4.078734865366291,.6481008437839046,22.80426596997765,5.009613201068196,1.52732344978584
68,4,0,18.8014859855089,3.655947513622297,.7766332243219825,19.20615583522607,4.638157910340754,1.189238265426082
69,4,0,19.39358845356183,3.920414592922344,.7452377826354391,18.83170001041181,4.959386163826549,1.281378900555594
70,4,0,20.53628729972331,3.964052076375778,.5769040660745307,24.06251940727503,5.450958035703421,1.558795573712041
71,4,0,23.52064691932818,4.192573603114345,.4433542551431264,23.34487428877889,5.23375198210288,1.59395282392033
72,4,0,20.39526389285311,4.004985898924175,.7866380830441638,21.2791980053082,4.82901790513984,.9554432437195574
73,4,0,20.67554546534032,4.029343510254062,.6987937860458778,21.97360409966162,5.034556236402139,1.342158635476791
74,4,1,20.9148355131717,4.100113442037269,.7595932825577913,22.1785819550172,4.997192647627648,.983826850441064
75,4,0,21.84459622091423,4.019995247492864,.6095161252355144,22.90242960722186,5.158803609513892,1.405968978388124
76,4,1,19.92799007928064,3.933829401003162,.6707150976704006,21.0734867465487,5.179206650858088,1.227485012963868
77,4,0,21.24941037824786,4.117488370866194,.7396193048032103,20.04633147612443,4.797252915897793,1.320289680789935
78,4,0,23.15767225382797,4.176517257477528,.7047754619472864,24.12691115010075,5.509133744787158,1.104449776357093
79,4,1,19.61645599246252,3.810254780727976,.5518635561748397,21.72561803352477,5.142747325201136,1.510271171977474
80,4,0,20.79032369089108,4.1384098192963,.732201913630901,24.31969952303166,5.350394333839558,1.088319442643045
81,4,0,20.72398814624568,4.064520347218773,.6806114774245217,23.91850362621991,4.972614021626466,1.077702691821866
82,4,0,19.74947931426272,3.800909319811622,.6769677378602015,22.99039293552901,4.855994508362984,1.24523281093912
83,4,0,21.09789616347063,4.031329006405994,.9515799922804378,22.85037341416644,5.064796497204034,.9090674136758023
84,4,0,18.82520843402114,3.706348053590072,.6278711253538061,24.06216935641244,4.811695722024467,1.356820034892356
85,4,0,22.00189556716908,4.148571137257886,.6152495046121509,23.71096161852105,5.101868012293839,1.378565971654452
86,4,0,20.05622563258817,3.763617668431777,.6689132135854281,22.53252974816281,4.851273063806879,1.168342533373894
87,4,0,20.1468734373388,3.940445531622467,.6838276785523315,22.92977112342386,5.049829082139338,1.349890377825024
88,4,0,23.75814982643277,4.384841059064263,.666728278035901,23.45426441739727,5.378441535469356,1.296041673946721
89,4,0,21.19820058694001,4.058236018753669,.6788929384078899,23.84337412384868,5.127223562432579,1.325392337243747
90,4,0,18.35522206405307,3.763114916202059,.8055919793296673,20.94072599695155,4.664033695031841,.9346174163866036
91,4,0,19.55296228652668,3.98871585872026,.7407354145096942,21.60965700038652,4.976828234789147,1.21702933303882
92,4,1,18.15288510482921,3.620752832592124,.7453939426970737,19.12215996025652,4.680224586611327,1.251731500170662
93,4,0,19.98848287348228,3.845072691592761,.677270719232288,21.56305396666398,5.032159699455908,1.310569421250756
94,4,0,20.21632151883433,4.051863789308773,.7308532223011973,22.11782524110632,5.305766295952844,1.278408336875223
95,4,0,21.73615154034107,4.264133553550678,.6561192041005979,21.28270691687898,4.623661755139099,1.050286095627554
96,4,0,20.52652480409267,3.778446970553839,.5769417212640795,22.32822515409163,4.932916706615874,1.428317089788643
97,4,0,18.41335165182075,3.840355340211131,.8291275191343396,20.12217186187258,4.663829681875169,.928955913911134
98,4,1,19.08348520580199,3.683634098692276,.5463036669770096,22.20244251554548,4.789662911432069,1.395646548744038
99,4,0,21.83517832353817,4.13538979543096,.5883339099401566,22.08039839225313,5.295393698877207,1.387211470708401
100,4,0,21.65736852164665,4.281225085431006,.8051805701436447,21.89983273097392,5.451276455826071,1.030316192330599
101,4,0,18.89938408300061,3.745594770167984,.7559295521176052,22.09018757368076,4.888965725696816,1.037846498763405
102,4,0,21.21291039338982,4.078442106591617,.663401473966848,21.34024540352874,4.846676756710559,1.416312920944147
103,4,0,20.19428971394024,3.896232172960735,.6783665499822427,23.45235176793945,5.053820649422378,1.329553104834343
104,4,1,21.50356453365782,4.079447308800829,.7158977853674889,23.14432913847354,5.011953271028195,1.270358207472136
105,4,1,18.25753315011384,3.699057322234834,.6078384526146239,19.52394615285816,4.716930057902728,1.333216733959939
106,4,1,22.7487169542923,4.352195869645979,.7782224828909561,23.98812754688355,5.457584670890259,1.096847729973857
107,4,0,21.04471228349325,3.800282718750291,.7136983897047217,23.04487202198507,4.798366583570503,1.181301974820366
108,4,0,22.76679675940733,4.192411404135963,.6414756635120138,24.31265802650447,5.25801347680456,1.357724257896355
109,4,0,19.54813481060943,3.817679112294468,.6995318478941305,19.71814871454893,4.75104703050653,1.254004678088617
110,4,1,20.48619771168476,3.974099173532204,.6154851115983724,22.4650016349792,5.122165261144146,1.56599515431539
111,4,0,21.25567428030659,3.97666409405037,.4618485197295079,22.71957706570146,5.148043291239368,1.704513543793334
112,4,0,18.68611908352381,3.60263326384106,.8492364099036076,20.72177078843406,4.858026396538571,.8402275682409883
113,4,1,19.41220488592945,3.97281718696216,.9220428658372128,22.0399400629338,5.204117439177463,.8507739565113013
114,4,1,22.6306781373133,4.165731470613258,.6408675492063416,23.53717679608306,5.335670446843352,1.334964387677314
115,4,0,21.42452107158665,4.049343013119593,.6922820409455777,23.40924514571647,4.919494662624897,1.086261068648955
116,4,0,22.22999931759863,4.338491139785714,.7643311477942647,22.43296979443949,5.665534073729682,1.092843447032009
117,4,0,21.60458375033351,4.070395210086177,.6503642972997872,24.16031387525057,4.990913182330885,1.245062869797065
118,4,0,21.2116599511512,4.035321559399702,.6763552578807382,22.72155747662384,5.133331382904302,1.307600618077
119,4,0,23.01391185923154,4.24981621862697,.5935135716817873,25.01241913169158,5.445575500715802,1.641340005412128
120,4,0,19.12051356712227,3.87515618029417,.58826281665742,21.121154288371,4.913114123729707,1.4422257681298
121,4,1,20.65272415619889,3.864634020872289,.5663714862101225,20.90560160006534,4.945584573039444,1.528513511730072
122,4,0,22.61658137669803,4.194984524397155,.7758980017947023,24.1990012585811,5.101206757325994,.9803165180497257
123,4,0,21.5603479188238,4.117353613424515,.5906966265885272,22.41068247572413,5.034615281251726,1.426719572483175
124,4,0,21.97784673096321,4.112833713318026,.7055583304588029,26.26708579372492,5.427349774172583,1.327179639019716
125,4,0,19.02659310940868,3.801973282442528,.8064354985761281,23.65195068123414,4.785305653530348,1.176686896282314
126,4,1,20.94197777610461,4.125389466434643,.7002014218131685,20.64247950831113,4.989992935898044,1.33575609217697
127,4,0,21.39092979188339,3.977459171511009,.5663377970041007,19.90368589625113,4.872702622029947,1.453553124093474
128,4,0,20.87688465334501,3.875338197225857,.6559867249610147,25.3870023867118,4.959409301628367,1.334021584820484
129,4,0,22.70105597715393,4.372759806340829,.8354895106424549,25.0655709616702,5.615058255087954,1.085980661826984
130,4,0,19.51391730006714,3.796118568583477,.7373378782649098,19.91013759399911,4.726828256172706,1.271364701222537
131,4,0,20.46521265802474,3.887345225812549,.4348922859328576,21.01703342841119,4.748926766289053,1.701388461136496
132,4,0,20.96324190636917,4.088546167096656,.7282042647513294,23.47337024209357,4.938157499078017,1.237628534466048
133,4,0,18.54732334774091,3.656816174209695,.8682126677629304,20.30967998503209,4.541742367685414,.8818894944179623
134,4,1,19.32577127430753,3.771872599444437,.5763451558519134,23.67929717053616,5.156077925773653,1.355474287323311
135,4,0,19.99086647519584,3.86884619190604,.657372876493008,20.72893227103424,4.616017960797541,1.401046966505536
136,4,1,21.61832645478142,4.082840405005573,.6788988084815352,22.34232260773494,5.192892131470115,1.234014414667224
137,4,0,20.7896948504793,4.0291367466886,.6453880192709371,22.4525103666143,4.873047907872699,1.232622374068167
138,4,0,21.23047801552464,4.191119671524359,.7285290467057186,21.47245406638633,5.183296368410562,1.238313520163722
139,4,1,21.65049980051831,4.004736974915458,.6561503404362501,23.64685811579645,4.857928734591558,1.189709907754812
140,4,0,18.86101911009905,3.829235979938786,.720865138033341,20.71379887004076,5.160436489545156,1.170959337915355
141,4,0,22.93955858397585,4.257624196762217,.7712237801228816,24.69557974334476,5.386970084624274,1.153945435381285
142,4,0,21.38506990297772,4.114490224856506,.6902243352630475,21.3925240280389,4.962606196711822,1.405779873289406
143,4,1,21.80981320225974,4.128751393560353,.5739580693168844,20.86724340586085,5.228839932245558,1.497195328393384
144,4,1,18.8799631846754,3.643703237251913,.7025823547760532,21.02373370237954,4.908067404588619,1.392847955163464
145,4,0,22.38954577297121,4.280554965260205,.6859280916297436,23.30805330971361,5.596503688303471,1.400736247074546
146,4,1,21.81932829842678,3.844001653291901,.5970108464238594,22.38748467317319,5.062518303858746,1.36360830485549
147,4,0,19.26766216268857,3.830725240293317,.8038022740329317,23.10223369853582,5.038872193649636,1.10488627126627
148,4,0,21.56743212395128,4.258142064299482,.5112002939623125,20.47360104108613,5.416834799441581,1.551097181254891
149,4,1,20.36867360022526,4.050301666815065,.6986379108628789,19.71998681074468,5.013452205883572,1.194042965104603
150,4,0,18.42736159390219,3.775373358377941,.8173936377556836,20.19353931664136,4.863367238639055,1.047820486244377
151,4,0,22.80768017692591,4.139564135075953,.7465011859748232,22.68731173088798,5.093332324940078,1.490370979778735
152,4,1,20.12747207496313,3.881119015423622,.7540492818160074,22.08375489251307,4.851527051881906,1.039032225354581
153,4,0,21.8938033470894,4.299785890399398,.6888661449543917,22.54420909484138,5.34643372821705,1.204890653879523
154,4,0,20.93601113530852,4.0480664722443,.7292076810002012,22.17766891733901,5.297844339883231,1.269781600407812
155,4,1,20.29978245380657,4.039355999091026,.6172336925180385,21.43761104588303,4.964710042316972,1.520098107624804
156,4,0,19.63655304025295,3.782741027152826,.6459701073199772,20.28695112493396,4.405912046505788,1.56804890103232
157,4,0,21.17221339800986,3.998243727649246,.7250264161004414,24.20662988072358,5.009795407219586,1.24431883923487
158,4,0,22.05698425508629,4.159505295684766,.6862903948217989,23.65765405141035,5.112023418212633,1.237376967089516
159,4,0,18.39820377194237,3.929968185735466,.9686520884469658,20.30697724616827,4.647258347446755,.7904149954296658
160,4,0,19.97132889677809,3.7511646687635,.7564667865029249,22.74642118538754,5.009365672147081,1.130013906916864
161,4,0,20.56316639596017,3.908964303713234,.6665319446724607,22.49952361579545,5.126533204343866,1.221940014731646
162,4,0,20.73893101401897,3.925062370686238,.6193617108769085,21.85887755098361,5.29293826703658,1.379962497517176
163,4,1,21.69411620214956,4.090429832871745,.6449761075449338,22.96090794997296,5.291226709234128,1.493950133141831
164,4,0,19.48711376931002,3.734017360982306,.7593320012994117,23.50479012654256,4.566099459548069,1.06670368268214
165,4,0,19.13168677565824,3.760008490439016,.6671109074980031,22.09331701431166,5.20629280054885,1.355526013160138
166,4,1,22.10538141117204,4.03492230267664,.5981504656065988,22.11345637330769,4.7753662865769,1.473942215292593
167,4,1,18.9543812042239,3.799252427331601,.7298469721961751,21.20430663415972,4.809712016421714,1.196068569333961
168,4,0,20.82581903529644,4.013972695109938,.587706702218722,20.6144222468834,5.148065298483563,1.508320397826883
169,4,0,20.76041278174459,3.983984708180893,.6834016460124932,21.47702266570984,4.865340426603395,1.389476608885344
170,4,0,21.591302302827,4.286536007783837,.5582220624182608,22.88491134296161,5.323948076837526,1.518650924993818
171,4,0,18.29668741259534,3.611536343404689,.5767975974785133,20.97848607437536,4.987395684520193,1.535897852738093
172,4,0,21.59793956256673,4.106729864769944,.7246494012505045,22.00822701835465,5.00032974468295,1.055998011828235
173,4,0,21.84721467026319,4.125078347276983,.8551436932849166,21.54912671761717,4.835155241658641,1.120653617348516
174,4,0,21.43806474122915,4.201545386342961,.7598328870346951,23.48325372980982,5.18811589711265,1.334811633132008
175,4,0,20.30487258832093,3.990950353405923,.8003500567467927,22.55972387226689,4.900775208664832,.9896377827024938
176,4,0,20.07747356785118,3.849319868666528,.7805673382146894,21.43476254627043,5.072897570594544,1.099858296319219
177,4,0,20.91364556236461,3.982746324887349,.7524120461388915,22.97941179362118,5.205162398187182,1.151729153626542
178,4,0,20.46340188596219,3.976571618950402,.7608479713100884,21.75076839338433,5.048444551041482,1.245704661368845
179,4,0,19.77889986002683,3.867985061069031,.7103828445949257,20.4255377435476,4.849652552927544,1.187603555945275
180,4,0,23.65179480774525,4.593964689271716,1.003205487993021,25.85221158472073,5.870153078710473,.7859573535251324
181,4,0,19.49621997985154,3.95283481927004,.8093173538284811,21.03946243635194,4.830766827445624,1.12487671476981
182,4,0,21.65447419243891,4.155828554742433,.701444079910944,22.28834778663197,5.411040979354425,1.143412303818652
183,4,0,19.99548167379793,3.959482667193992,.9206413152007696,20.02780766551016,5.041699232639701,.6632678657376223
184,4,0,22.56611680906653,4.332832008773834,.659188222036454,23.30427395962665,5.107390790000803,1.301621470690189
185,4,0,23.34939364215375,4.484821432261229,.865536031586257,23.39428158466674,5.424808519983139,1.025120472764571
186,4,0,21.88958723177888,4.262387366775131,.7383103007298445,23.6788806751493,5.23761147526127,1.158156322857099
187,4,0,18.96399089720576,3.695101733452603,.691037643094502,19.30666777205659,4.359647993980579,1.107977761499987
188,4,0,18.15688155301885,3.666616029007013,.6911975731107427,18.23020035505215,4.435034286445742,1.256829664308564
189,4,0,19.39799512793408,3.691540943839105,.6474778787098467,21.50712159948892,4.778442942272158,1.35973388719362
190,4,0,20.85800355390808,4.075180747503725,.6553193738962356,21.62720437925171,4.91825044351195,1.437906169608591
191,4,0,20.84206786914228,3.940112006358497,.6910158140122177,24.53164154750108,5.131404065587423,1.328577556285613
192,4,0,22.19340758821971,4.162815964431577,.8854813939373101,23.57098032278119,4.970790489909321,.7434512086919839
193,4,0,20.2560301593992,3.899150305507751,.5074615911705801,22.86578651232566,5.177482886242974,1.550073639031676
194,4,1,22.61604837295648,4.217763527673167,.711680701530559,23.52505446053815,5.112946311667791,1.136351857267936
195,4,0,22.05520345182552,4.299775999226847,.7182270945984673,22.91054045172353,5.623486698276984,1.041343150339659
196,4,0,17.7123568878321,3.413068344323397,.7580534940560193,20.67904526685006,4.853969001848458,1.051128584943477
197,4,0,20.8492859576894,4.082923921561859,.6675697014214274,22.51504261066047,5.426517232517124,1.375260533947583
198,4,0,20.60157746298431,4.027970012132778,.8318613193681299,20.06993110082684,5.00539412150512,.8290973726665809
199,4,1,20.16823241784307,3.865859144173728,.642559634436324,22.06776126430951,4.839988090802047,1.308698287939506
200,4,1,20.85945756332378,3.96273846555865,.660044648325147,21.27581148541784,4.982849287137052,1.50069787517498
201,4,0,22.32916713358505,4.116311020925325,.67468974561614,23.65110358184543,5.132480857432958,1.17913695367104
202,4,0,20.8433566789335,4.056996693538387,.5547751142963324,23.3314257404152,5.396713772528562,1.508444215610741
203,4,0,24.10550279566662,4.43876172595921,.7448902337430445,25.68685753729155,5.565368961860206,1.109908354950904
204,4,0,18.88202655342837,3.766943965238267,.6795920873884476,19.35951548875583,4.74230180472572,1.469961983381299
205,4,0,20.84097300468143,4.086410028673138,.7288559528999204,22.57395754179354,4.949372757958635,1.048555462136016
206,4,0,19.14762112368535,3.819284483421109,.8034005349309975,21.98164302791116,4.908912367512541,1.069537046768293
207,4,1,18.84217498090534,3.795120267184536,.6819560255325605,19.91617930361361,4.695621478789789,1.405234789009185
208,4,0,20.58267479300171,4.017506395286464,.7762319977369541,22.22164054656128,5.263594246310098,1.121985079079525
209,4,0,20.00884685904071,4.052660769939292,.7669085432977325,19.54735799890588,4.799256919511542,1.09156289636161
210,4,0,19.24112944227128,3.890794871044151,.8864339101958844,23.32452923317569,5.16668483471763,.9358023515521593
211,4,1,18.93433454773704,4.000126358165793,.8200507724872323,22.18186906437653,5.328573712048545,1.092795279621793
212,4,0,20.67641542793452,4.194351084751241,.6415989939989466,22.90055393820335,5.331142455302415,1.235529040615672
213,4,1,20.39393982532335,4.063207875897192,.5739639830985582,22.42278302186723,5.14002385863001,1.649631780098742
214,4,0,19.81973844861275,3.79453348623294,.5977359082855113,21.41588124987344,4.82993441925538,1.248916602035185
215,4,0,21.94026634664107,4.164769172218731,.7486935136759204,21.73436137783819,5.152628920503751,1.058133421092592
216,4,0,20.88156829759788,3.911541810456732,.6825649325844189,25.55362013379061,5.297822315107648,1.404738337962384
217,4,1,19.40595296133008,3.851099779026794,.683302093600579,22.8066468826412,5.270585062312136,1.294518669816282
218,4,0,20.82437007244491,4.104998883951932,.8860522749587285,24.56668845003567,5.199763071797298,.9387978796700925
219,4,0,22.7928112042886,4.242588970847065,.5857452386359332,22.28014864506955,5.193589846979658,1.409185642897086
220,4,0,25.06126630323618,4.401183552973892,.5313269801255813,26.11040524799262,5.493346830902801,1.482674845850429
221,4,1,19.29426344881179,3.823684746544763,.7055287405045968,20.96028490403735,4.742554973395794,1.126504875742876
222,4,0,21.51795346369539,4.121043291983455,.804960699124315,21.74753531372565,5.359087312625861,1.021634703023774
223,4,0,18.79071999270586,3.728069607294832,.5939689179898042,23.55322916672938,4.898820200913002,1.527355931983905
224,4,0,23.34026222680372,4.191944725531976,.5927196209994079,24.06263861588364,5.193407112763876,1.540707620652571
225,4,0,21.25507565873375,4.053826146929108,.6599489264067605,20.43761964974187,5.041671790265877,1.381641734769306
226,4,0,19.72823007976863,3.934764030377903,.9081785457332308,20.59566672510033,4.603403238288161,1.062899410649844
227,4,0,23.57524232243695,4.41011975692252,.6896347362843793,24.98146532607065,5.85029377293154,1.145359330694739
228,4,0,21.27195566381209,4.096907439661768,.6797183508801614,23.73603777258544,5.282463936183559,1.476508183963638
229,4,0,20.69125812194117,3.973385750240377,.5912896626275227,24.08486658146208,5.278629158989134,1.374657302451704
230,4,0,19.98367872144772,3.924146784249805,.7094271693019931,24.89747742416777,5.256494034454875,1.196066720836963
231,4,0,19.89005786097711,3.854115057488744,.731667498896061,23.72558230789366,5.093265688373044,1.180132786857394
232,4,0,21.74633682379991,4.121663686014544,.6763038320713641,21.1988275472608,4.929310911620185,1.309229642661621
233,4,1,20.53975283483965,3.858462793130199,.5651489041750777,20.43875653475781,5.239345367687596,1.460161687442572
234,4,0,17.59088890001227,3.538178952110963,.7469795722860468,19.36300395999427,4.737226844138067,1.288269136673513
235,4,1,20.19234447306327,3.778999635390338,.7214448557262532,21.62433381540888,4.882523528019558,1.122408574730691
236,4,0,20.88963146760209,4.088225420542937,.6616473752122159,22.50367847256308,5.24765055339403,1.163972610877916
237,4,1,22.83075390439154,4.15931209082789,.647754178592266,23.23986592044644,5.000624965771431,1.33548721574285
238,4,0,23.64863455140527,4.052010484140801,.4342941836895882,25.85488594438783,5.4231958176921,1.741579384400611
239,4,0,21.73976799019864,4.243604325430592,.6420924074830642,24.12917318760159,5.536578847072427,1.199354320312681
240,4,0,18.73685045289487,3.857641423016519,.8909769358692687,18.97775297687863,4.764697855110504,.9873320049089431
241,4,1,20.50206099724976,3.89828119167368,.5550470230452345,23.67148280825721,5.482697464584798,1.418767108951463
242,4,0,21.67856725582657,4.051010937307831,.6963574533359915,22.50360947321561,5.122811258129529,1.29482923492962
243,4,0,23.02080021871149,4.422124078475172,.6445103280539319,23.77906871436836,5.608715011777611,1.489381892732337
244,4,0,21.43533346832042,4.03455360354497,.6460662875019936,23.31857009658282,5.170612346787887,1.442732881211205
245,4,0,21.17447860971966,4.017374574613089,.6173391035244229,19.14609421696165,4.894579141650845,1.522977328393208
246,4,1,19.61121771288807,3.765582993759569,.658447320692729,20.45691100214142,4.742448219645067,1.300960382914579
247,4,1,20.66380299719514,4.158158514582508,.7899032442634187,21.42485105005865,5.653056385562651,1.045280137138597
248,4,0,19.86429410009439,3.83605777020419,.7010962376100028,22.99854906062491,4.730510689802635,1.103079557463908
249,4,0,20.45932901621872,4.197780810045521,.7294096762515156,19.68176797378519,5.05890511246611,1.356687356782868
250,4,0,19.75345738333326,3.826389442392707,.6761231439681439,19.77582925495395,4.585298887942524,1.257208591276659
251,4,0,18.03767935073527,3.661849497103252,.5866825187039327,19.40080349619936,4.430259109132231,1.470683809706611
252,4,0,23.19710637653248,4.219645410157704,.5553134599797175,24.01542764199344,5.351549328766229,1.422987263221193
253,4,0,21.10454377274165,3.934535001476338,.6713290029306791,20.45041982237283,4.673971259178276,1.318705509096047
254,4,0,24.25236208274625,4.42077097768361,.8464327199513804,25.99826316341955,5.660894018032114,.800635944032922
255,4,0,22.28796024742578,4.246246486385596,.7318163043648828,22.89874133224975,5.308695615682597,1.264999201485655
256,4,0,20.50812794436289,4.067779117283073,.6921843346520865,21.12359717826264,5.01436642383405,1.413743775023549
257,4,0,21.25327532017849,4.011259432424056,.6677980754997234,24.08837365919052,4.997439924051643,1.313540996009176
258,4,0,21.92510360054828,4.16323344580193,.5892571058973198,21.96580087390732,4.912118318346123,1.500380547416955
259,4,0,20.29618884306307,3.900237761057952,.7248797752020891,20.78536513358998,5.034618915288555,1.135534459808176
260,4,0,19.86165603563701,3.750535265742221,.4613374627472611,19.39464061876854,4.643184794787026,1.802850340831498
261,4,1,19.332685626439,3.727815368677129,.7229395106484705,21.32006699249837,4.470915164627127,1.222670466448497
262,4,1,21.66303517302668,4.205412197261779,.5634811322533603,24.49745315808045,5.520978611278362,1.442400394025665
263,4,0,21.65861964823564,4.247662177124782,.6043397455275554,22.31916204103129,5.113773520009768,1.288511071128006
264,4,1,19.45067251882671,3.687760085789188,.6408827479340354,19.40157121575195,4.54372244921629,1.389418559007205
265,4,0,22.03488328036105,4.197818872272173,.7726644961360032,22.84647617299451,5.073480236352965,.9972540375770426
266,4,0,21.139386772359,4.169741653277791,.7975854263775387,21.4631445423278,5.177463721833573,1.205168420219493
267,4,0,21.9515955051925,4.19334363104214,.5877980413331899,22.4060724365085,5.073126162084984,1.301534885437185
268,4,0,16.90035918073823,3.417923728833476,.9216056035345528,20.34425624184112,4.330881889206118,.7720676190919167
269,4,0,18.69686075937122,3.797058775601475,.6956600316540366,20.48893161264586,4.761965967323898,.9894513091603347
270,4,0,19.05919920689613,3.803605668556374,.8136913914394791,20.8139268048984,4.83695716862559,.8194187113719579
271,4,0,22.36410314446403,4.32162326088544,.6404223860292404,22.37333826214519,5.17076560696822,1.576078281154359
272,4,0,19.86745601082994,3.832968398327555,.722148355949333,18.96883105728832,4.610208995430606,1.444764668101742
273,4,0,22.28778806965727,4.127029388044101,.6523591468908545,23.98915834202139,5.316241817718475,1.216985655648716
274,4,0,21.04613713904253,4.076805667488911,.601899454812913,21.54471409798894,4.932929417546037,1.312071018777176
275,4,0,21.43646203833882,3.99469269140095,.5023903129101537,23.86908631922702,5.373032638269113,1.678842576194984
276,4,1,19.76554376606271,3.886156587415558,.5754901089468063,22.92053077058056,4.944356191775453,1.54577924218148
277,4,0,19.91669089849389,4.053556375097352,.8160018416316041,22.26244180557504,5.161307786469362,1.007075751267379
278,4,0,23.62146122432245,4.298643482853494,.782395791916162,26.11228642658097,5.649553112634761,.9595753537434416
279,4,0,21.66119383253362,4.22782589516056,.8484656586536607,21.1564591986071,5.221394542098878,.7933667273952036
280,4,0,20.19160942543735,3.841006017691483,.7694401366120599,22.88236854730929,4.983531131659383,.9780109571224613
281,4,1,22.80759616039998,4.115677846787097,.6690917625077231,23.68512132651719,4.947142315206206,1.129632077060716
282,4,0,20.12320940627842,4.073263942265283,.6988704181107098,20.84781945316927,5.180409867465815,1.138806877521328
283,4,0,18.7276061221035,3.781002348634642,.8834774315285845,20.76349194928391,4.907017832396142,.9301147205828013
284,4,0,23.65640701355177,4.220418906436662,.4900345021193604,23.68499013136775,5.282845864420176,1.501334113175208
285,4,1,21.29344449175277,3.937486449236351,.7599681609971753,21.75519583761909,5.092849496407865,1.151103712528724
286,4,0,20.08096523075258,3.810843384882761,.5264485612685088,21.87470971773176,4.856526130662911,1.621782588702711
287,4,0,21.25541488893959,4.212385554627764,.7559146830793142,21.07165407657779,4.964465096674444,1.063152940712312
288,4,0,21.26460149450719,4.014461017935925,.7587041970239611,21.47102609570981,4.912698590787535,1.109206007745879
289,4,0,21.96917298667235,4.143769214455069,.7391233070779629,22.9996475212306,5.198245943176154,1.194355791940862
290,4,0,22.1602383533498,4.181223350143231,.7390534445353225,26.1469638951002,5.408973848141915,1.139525198729773
291,4,0,20.79793098060323,4.129028071303416,.8285152020556578,22.39136460590245,4.995964164884596,.9338330012592143
292,4,0,20.46603159327089,4.057220693182589,.7084139751080051,23.00166235451498,5.210619202089855,1.124826336877292
293,4,0,20.44221967102462,3.894142375769383,.7343099885981501,24.54347218505941,5.398550289170993,1.300460263846677
294,4,0,22.39362707536877,4.157445725118491,.7153687820139595,21.86178359988438,4.796573293343845,1.124569175098889
295,4,0,19.44125446790171,3.950885975106649,.8815419016679866,21.16332617052729,4.872564573282655,.9164382151014723
296,4,0,21.43069881915719,4.107320130754902,.6551609356374202,21.63188216392471,4.834649490996164,1.306770976696267
297,4,0,20.96698618832477,4.078346541702595,.5623051463068085,23.24963740806169,5.180883306319423,1.606099334267728
298,4,0,19.17829248122095,3.701680197783365,.6459875050353991,25.16319150709552,5.211922874770186,1.30344570180474
299,4,0,21.01412682564512,4.160161402363871,.6509810156769333,22.21080777559414,5.110979216857878,1.3815669769479
300,4,0,17.78772144372464,3.48058143841974,.7283994336398653,19.80517171993576,4.499772264723505,1.176141156824205
301,4,1,19.62878587327306,3.701832355096661,.4638422377590703,20.50213707669473,4.263081472669903,1.689870240807146
302,4,0,20.45154030670167,3.940657804106301,.7360633815196869,21.43568710876462,4.755776160198621,1.320575481614072
303,4,0,21.76175221351157,4.113314459667093,.6531380256985566,22.87112677035376,4.6409893592078,1.246077011508729
304,4,0,22.28694513980164,4.153401709498392,.8279783926449269,21.38393539614577,4.854397114984047,.924364359478776
305,4,0,21.73973083676784,4.185387911240078,.7448309883572846,23.09132769233317,5.264613571043921,.9669816804934948
306,4,1,20.50080277330585,3.961975387555408,.6284157043078541,23.02847644396861,5.102219041911312,1.308534948683022
307,4,0,21.01906025328133,4.030277328805036,.7155557990370942,20.91577898817216,4.991585844716193,1.051969558607001
308,4,0,21.51910862955664,4.244517377050192,.8532619251617259,22.31816267673188,5.440423103371912,.9861428382688268
309,4,1,21.17437357978955,3.782785822309835,.4850608550633665,21.54566130736427,4.852618588735468,1.595829822239394
310,4,0,21.92890314134252,4.178733499563678,.6632079580195297,22.69938018368873,5.049388015326452,1.391660965401768
311,4,0,19.44930855321571,3.800859406827077,.7266789449059964,20.41450433892816,4.445734375300277,1.239433976785875
312,4,0,21.03281226337398,3.965355744168092,.6430949702715973,25.51990625107849,5.197865485940369,1.225371242940035
313,4,1,20.58562838946663,4.111259781994107,.7266435034350258,19.73232076842755,4.965978084023234,.9540927604826176
314,4,1,20.47894376228717,3.883718520967751,.8262608812325014,22.3232776293112,4.999966408776809,1.034494808938631
315,4,0,17.95285798618783,3.629466252501945,.7742965343618518,23.09481350403503,4.821721440388125,1.064110202008226
316,4,0,21.13758571372285,4.081792821778539,.7018405972169514,22.16093322388017,5.098640728406751,1.202591975599573
317,4,0,19.27381757649311,3.985896425384961,.8712368736179423,22.38962297558688,4.715865140589752,.8679571808092637
318,4,0,19.96816976626214,3.923368267979518,.6920311679229142,24.75661328150077,4.978431620090451,1.061546201797981
319,4,0,19.30106189220597,3.873336315149144,.5794787103709482,19.4963237473182,4.969199436082419,1.499341279628177
320,4,0,21.10669147172468,4.03282099802647,.6699429663895815,24.19576109200283,5.55558538351104,1.37352020236709
321,4,1,20.43304391436889,4.073569734987637,.8152833286033653,20.52855696520865,4.885089051385348,1.197757567678199
322,4,0,20.21432113683354,3.838951801676267,.6257052591802562,22.82568108452372,4.882100048913369,1.382986793684481
323,4,1,20.29185841191597,4.000814271534765,.6881287368475151,20.79587295100968,5.100717975412267,1.2368843395333
324,4,0,21.24093000556149,4.131165746062022,.5955421702965017,21.83162615658864,4.775532314995092,1.578688363536432
325,4,1,21.19426127452866,4.134726806883681,.7147477782637912,22.72982374717791,5.476029111801821,1.084480451359144
326,4,0,18.88315327938729,3.650300654318482,.7114551446960407,21.35406426847139,4.541292274067296,1.240872416587766
327,4,0,19.5402965108344,3.905284079542819,.7137508600404554,18.60374807633777,4.849303330652615,1.334626855264978
328,4,0,19.17228926268287,3.863532141593306,.8389532042706058,21.89143215619084,4.96227228964505,.9557603088790174
329,4,0,18.84167338913639,3.622529039697761,.7035322090915868,26.2996495036085,4.673007837436961,1.073524693298457
330,4,1,18.81320887808464,3.626128284321845,.8217635115356706,19.99206699417223,4.622342483505801,1.141079105449571
331,4,0,18.62407335781427,3.725638935998564,.8382199141513292,22.46818991850092,4.857645081024716,.8082858333054246
332,4,0,21.41568805265503,4.023782731615881,.7300434494995187,23.78340777464905,5.331175536712464,.9840040941728914
333,4,1,20.0215273348073,3.952380080350906,.654851252814376,22.23142761588622,4.697874751270462,1.133658069578718
334,4,0,22.26261407761187,4.229890785388493,.7318792750764401,25.1116154489579,5.577662559827723,1.191640317326593
335,4,0,21.44805929740449,3.993169343484132,.7619163299960667,24.26615900979818,4.972436866999431,1.023304544810411
336,4,0,22.29573611233583,4.326178358917378,.7657630297988107,22.70062852132367,5.267285273547031,1.092832154071647
337,4,0,19.52974339769005,3.887652637100724,.4649652418270111,25.46364779027367,5.312507743612897,1.647672973379372
338,4,1,18.96650610512012,3.622852632108062,.6183254350945041,20.05837720449299,4.567786135517503,1.408748815011895
339,4,1,21.749524677121,4.311270865960378,.7112687166489177,23.44590083619595,5.406573459059619,1.182434142607596
340,4,1,19.81625540576995,3.726091279316527,.6483926824619012,21.44131255996301,4.920626762139359,1.293037735143403
341,4,1,20.10068602609431,3.913350875115995,.6097928553904339,20.40183939263033,4.968939707651102,1.348677604521112
342,4,0,22.00715689710433,4.211791498207491,.6592283371224983,23.37514460336336,5.495777892193632,1.051900137925439
343,4,0,22.12137361127481,4.171234456408393,.7019322565849465,22.59116984834112,5.227794016779346,1.186642148738176
344,4,1,19.51243305448639,3.893772999214212,.6545387870568206,21.01169526578554,4.84665351430338,1.399735137702609
345,4,0,21.61468943102964,4.304220682278147,.5676781523695986,21.67515031985161,4.948112879376227,1.367626544815136
346,4,0,21.72257336172707,4.281211899590471,.7507717641539653,23.01068281547647,5.61692645413374,1.091858058664908
347,4,0,21.15920298895145,4.052117283643536,.8307619073288994,20.183702650686,5.16660576883686,.884748997141416
348,4,0,21.43135595658689,4.091331258857937,.4829933050293685,19.62813332661891,4.613505779174145,1.610848374009114
349,4,0,18.23656905135682,3.656184623915779,.7871981391780234,22.14248535500421,5.060301611127096,.8937879079509984
350,4,0,20.47690783811871,4.09483235969656,.6712253681735797,22.1237973563095,5.091130680143221,1.081920794486946
351,4,0,18.1135138595082,3.756002928280892,1.014466245380056,20.61409600383571,4.587710279561111,.6138325124103086
352,4,0,19.50034907018877,3.913085733869787,.6054173045967567,21.87997246468874,5.18352481142153,1.451150773493578
353,4,0,22.17149050963926,4.292977617259873,.8520806311179037,22.90188858241852,5.282227102503886,.8662901576610131
354,4,0,21.06346632160086,4.115320277222647,.7460250930212832,21.91809189164153,5.259809686276288,1.141089126019643
355,4,0,20.55140323732839,4.021185621307085,.5701520529745659,25.10730397833355,5.220883948153092,1.365013068345726
356,4,1,20.31369379694781,3.980648487552264,.7203529618579871,21.69067836197894,5.121084121399773,1.041189974721995
357,4,0,20.96489407401298,4.04241840578798,.877045474048606,22.29713018410012,4.848737773483352,.8641108224442786
358,4,0,24.26602640164837,4.625376113616903,.6932727605177605,25.22321583487795,5.607793190647072,1.09582686484257
359,4,0,20.51293682058727,3.98689121871007,.5542656029147771,22.24594297323632,5.07608630364474,1.418523413692446
360,4,0,22.88042410973062,4.266652739686603,.7959277310422357,24.40032267519244,5.110003481946151,.9916672412154586
361,4,1,20.13957444655138,3.913721592152828,.5546240656521829,19.80855272640961,4.96041319457893,1.480738340402399
362,4,0,20.31395636710872,3.966058631544254,.775710647813004,20.81442077911839,5.0584672744088,1.006730170795414
363,4,0,18.63589817968308,3.6838543660359,.5374708994686174,18.79549768255829,4.514616813740473,1.665778788494519
364,4,0,20.04686680775007,3.780261954073745,.4685814039107254,22.53587656362434,4.836334176310558,1.456893794490939
365,4,0,20.40959317779278,3.991831901791793,.640581755698942,21.96384297131648,5.081151191993253,1.310780059817114
366,4,0,21.06039638536395,3.977821705069261,.6933893790354806,22.10811894484558,5.046699089682341,1.189860224726849
367,4,0,19.35494674162174,3.860618332542714,.6857013715721958,21.56246590378532,4.818518416896747,1.231313701294716
368,4,0,20.44110461793926,3.928936581190771,.7762795061919895,20.91497891617507,4.824375210384422,1.130191792360909
369,4,0,18.40018108192727,3.673211472455339,.7281417686139751,19.91965631278329,4.47791056292357,1.277346420623559
370,4,0,20.42590398918136,3.934732417425736,.6778340550120039,22.21764755134992,4.891203368211523,1.323940186983803
371,4,0,21.05516999018927,4.098138270576813,.7075644816008064,22.21461462180939,5.233995145821509,1.139013270741318
372,4,0,19.16107343988856,3.929011613322386,.7056531735471738,21.34881783341452,4.765005019862948,1.256773553517728
373,4,1,19.36382916041416,3.632414827563141,.6250502555735271,22.70169418079108,4.66321021638367,1.297158803185822
374,4,1,21.52599373662967,4.261407077500158,.6545475033769342,25.78927661576837,5.227808579795352,1.113744680354997
375,4,0,21.50697655146422,4.074057150301676,.7433940071457623,20.69066979482347,4.892635599406886,1.02272888615706
376,4,1,20.84989503531958,4.193089573401671,.5927690907700875,22.30622678663352,5.615615231779516,1.411832313602415
377,4,0,19.51101589450697,3.753736845735686,.684957267568133,19.9271306564235,4.483509280962508,1.142011244545382
378,4,0,23.51523731848911,4.275602507534482,.6442709913842808,26.03954416299444,5.360318767672619,1.464854781663012
379,4,0,20.0851277895395,3.707793058491173,.5800199552129167,21.73660444425714,4.847281277796601,1.454593230494162
380,4,0,19.26760261616788,3.851038335196437,.6347166397288886,21.65732527096507,4.763087520103508,1.348183775908289
381,4,0,20.49709557000566,3.979255191611263,.7270032507092525,21.20918041096283,4.983782454842967,1.230499359080125
382,4,0,19.02715750937019,3.649133270428987,.7988838607547155,22.64190825905663,4.743143655389156,1.243760894137962
383,4,0,19.90014640963495,3.962447462038209,.7540325639011098,19.57400153077188,4.871652802668637,1.267477800090586
384,4,0,21.5376154013847,4.138084174633907,.8066988304242892,22.33308927509539,4.740154191759349,.9850578424097978
385,4,0,17.28404946440983,3.455719064868391,.9012738123691555,20.65707964775386,4.501838652495,.8603864303019567
386,4,1,20.49804658639029,3.956577634598435,.5528862387687927,21.70478143382815,4.984931867012352,1.467812095512671
387,4,0,20.37762145408026,4.013795335529628,.7421884578657599,22.13498942108247,4.961955841943799,1.248348538668245
388,4,0,20.13151131722362,3.905783100256431,.6933740208008428,23.95632203840752,5.040165127608741,1.140840843696405
389,4,0,22.4169397217276,4.175833790708917,.7374128251187916,23.43321441377625,5.222583962416214,1.169451189421909
390,4,1,21.47362913396482,4.067407247511222,.6232477780038763,23.26073925165613,5.215817550983354,1.484517669871048
391,4,0,19.51350561812172,3.904135882093744,.6831401324269283,20.3422613837803,4.915447161068141,1.313761283606321
392,4,0,23.78039179753,4.391393446613049,.5943448954535946,25.0317319410149,5.567277239200445,1.331349634002882
393,4,1,20.75792076124776,3.945293694753573,.7045440958462329,22.25256058110649,4.775781380876564,1.336676102905642
394,4,0,20.68080940694115,3.972630035742202,.662076923646167,22.48355894889259,4.814179222022756,1.460846979538699
395,4,1,20.89363899933638,3.891923438866318,.446729164967301,22.38724190586056,4.90685603942601,1.7408688109085
396,4,0,20.36283001098056,3.815091915537895,.615603018072518,19.81222258128161,4.574693339838223,1.242867447495317
397,4,0,20.97356192624637,4.062131264804173,.7663078889769582,22.42753640937407,5.376799246894495,1.137924309008122
398,4,0,21.14706845242993,4.018082912779954,.8213980513358978,21.99562652080596,5.215070877827157,1.007681257357369
399,4,0,21.78505357842346,4.106170943220592,.8237307551757566,24.43557385287394,5.163773137814363,.9328282379383184
400,4,0,20.03229346860586,4.068779019357552,.8328105844038975,21.02773377891944,4.943537369661724,.9889797057596291
401,4,1,21.29579785049191,4.210512428321962,.717866751559649,20.97920953618738,4.98197346059237,1.428100566912576
402,4,0,23.35114855741877,4.429986581344947,.6245539274780527,27.23506052096987,5.529927346055805,1.340787782180686
403,4,0,19.92549538343711,3.838428773392417,.6595271817926083,20.10738428755431,5.039726052873522,1.372834289808644
404,4,0,19.6622119386235,3.946776778695254,.7960101240890136,19.24517576345674,4.556784001566734,1.373062129269668
405,4,0,19.32294336024111,3.799684174982533,.6376145339693864,23.96398555381253,4.862612483181449,1.194867330793208
406,4,0,17.68994886479057,3.539136843792022,.8975525543598167,25.34285692173134,4.874873761375225,.9931471380250836
407,4,0,19.61003114245412,3.963294618443981,.8904494155957875,24.08007948680513,5.007311840435666,.9685408393584479
408,4,0,20.46898506887213,3.966469179764386,.7651714102809031,20.70634684659656,4.736645743704293,.8901110333195561
409,4,0,19.59316500117983,4.056543763729976,.8920799711305587,21.38963313375711,5.302335778550968,.8535689006150422
410,4,0,19.70313249420855,4.006267903818284,.8340122968860547,20.93120509591251,4.775975708774253,1.072439328636032
411,4,0,19.6465113353444,3.895063157040514,.8974384404840194,19.74972223863001,4.574275119535348,.72120542806302
412,4,0,19.3674591323491,3.809174391554146,.5271515761915335,19.39907720324781,4.470744358925611,1.51935163117654
413,4,1,19.54420570339857,3.801863088225462,.6898981756980366,25.36562244074319,4.949786264699603,1.307874115681096
414,4,0,21.19349706788299,4.154399700361457,.7650985849954333,20.08889329896539,5.124619036667976,1.134243261972736
415,4,0,21.06395836093804,4.212714048792153,.7365929191704383,22.42793758032471,5.273634461528162,1.188467700355233
416,4,0,22.96430932261948,4.115970082543166,.690896463443964,23.31646688919821,5.580987861239146,1.223491176891811
417,4,0,21.80266130385145,3.954643185844681,.6166044283903577,23.32339501048663,4.973360298831217,1.48309466304845
418,4,0,19.6488055917333,3.828859943640969,.535393773210187,23.85119437322201,4.750702064735286,1.271340596178529
419,4,0,19.37474484533328,3.771818702092484,.731787139614779,20.50718760280357,4.833038971079515,1.093152874824077
420,4,0,20.5944385856938,3.86740424138933,.6614301720129439,21.48112661143472,4.725377616902064,1.267683141222886
421,4,0,23.3839492217408,4.194415403471639,.5095910167095111,24.78913005312966,5.119596136755301,1.597287759380818
422,4,0,21.23280593172542,4.075955836154437,.6113301697758409,21.35519059764025,4.875322499450511,1.619562501351499
423,4,0,20.01484124266442,3.938915310855292,.800997502518926,21.14360014223013,4.971257606513148,.9698888977567894
424,4,1,18.13493351981128,3.69610985812753,.7475955895132979,21.98015383314224,4.894941416361369,1.092239438546441
425,4,1,22.15441206789367,4.180035710365261,.5551864006746901,25.09789324142324,5.054221580860719,1.484992093204216
426,4,0,20.84729244811714,4.2130390592785,.7888877366707544,23.17783432294607,5.420710983740394,.9774192526573351
427,4,0,19.55579949340656,3.835973286002766,.8470523059640521,19.48739025514192,4.371791925933218,.9592307500391282
428,4,0,20.54549919286008,4.119304042565402,.6527967335901006,20.26618489260502,4.728656210780492,1.399471054891825
429,4,1,21.19325347184847,4.062431537054526,.5464013842825746,22.46287622397198,5.159250345351249,1.578139093306603
430,4,0,22.16204036428379,4.242123581762648,.7467547513796794,22.52211833535433,5.490711138363283,1.071457509320447
431,4,0,22.71576436852566,4.220956779648724,.6327545641264789,22.92940897768284,5.323493249894477,1.369178399850343
432,4,0,20.61500425535603,3.97955301906593,.7840408410585493,20.88196738068768,4.735641478770743,.9230568185011716
433,4,0,19.35750883814814,3.734535709706976,.6982481166552614,20.62199646412137,5.131103592673375,1.248037435943739
434,4,0,19.47661755885787,3.85265885254575,.6289584401374377,18.29727385877454,4.567824434332111,1.472470332150611
435,4,0,20.34098921832252,4.099185056059399,.878370567399035,21.87265822356735,5.135843745629985,.8451469314996872
436,4,0,20.41095867809392,3.955322315687567,.7782142503736547,21.85538963904504,5.294528747285928,1.153490280793639
437,4,0,19.87634991472845,3.686805560767444,.6881147331741987,19.07799609069838,4.570765485839779,1.142621675789709
438,4,0,20.32827689678595,3.983375916428924,.6072827661511143,19.59368188011118,4.909272590776541,1.330661385227589
439,4,1,19.50727041003576,3.764500866726074,.775031647840687,19.37784196800415,4.375954193683215,.9920090031191958
440,4,0,22.09290996101304,4.111280222183281,.5894609359051918,22.62379970364895,5.077210644504097,1.552709362292126
441,4,1,20.72208837086583,4.025380365378643,.6704851841108731,22.21311635807124,4.91155186729361,1.337064257146155
442,4,0,22.2933035483014,4.40724507318635,.8563121327634794,23.77361868637323,5.629565558673593,.9471445928335936
443,4,0,21.92109973714703,4.199299488736243,.5978664908660812,25.03574223635675,5.522233816206757,1.498185998827293
444,4,0,21.97757839266008,4.171554764055447,.5940233736986429,21.79924780929313,5.406581927840409,1.358672338051685
445,4,0,19.56225287419781,3.822130850762067,.8206085465025137,20.87202513237836,4.927450999724567,.9949535416485961
446,4,1,21.01645909818233,4.102739910035951,.6831780495628973,22.55963446463221,5.431796919232493,.9970056666844881
447,4,0,20.85448617599365,4.238603750777911,.8841183889280426,21.96646554125325,5.143962426528052,.8814270836811787
448,4,0,21.80073815274502,4.017160318003663,.5993948605495384,22.99304355302871,4.962439013893406,1.396423809417124
449,4,0,22.70356831787417,4.342872146169882,.7264901585158565,23.26512210207623,5.247093969402607,1.012887259936335
450,4,0,19.74084643399738,3.694410910800142,.7036093537231753,19.66779391309568,4.880116444125431,1.237213067812396
451,4,0,21.96964015092585,4.048021360532062,.602612743643266,24.18999511434244,4.908322041196203,1.294001223305951
452,4,0,20.10739107938481,3.960817558412571,.739501956904366,24.74573637123579,5.085439276014068,1.176325908903847
453,4,0,18.94546616319985,3.673318775926955,.6128868211266212,21.53676258163773,4.874543030160051,1.60537729614513
454,4,1,19.83314564564297,3.800107005679315,.7069582993090662,21.76289945702653,5.083830836542201,1.335946561603715
455,4,0,20.31028960636185,4.179818432774915,.6564175449567604,21.30117701842073,5.248257200389371,1.360930514220626
456,4,0,20.05750238800605,3.906080708879437,.6864223571725788,23.00410399537864,4.994346026625962,1.261618158838557
457,4,1,21.02415039789721,3.931195783961699,.5281282326157579,22.47489942904864,5.151959868404237,1.406369688685702
458,4,1,20.01313454179893,3.894476326515988,.6222292383097864,23.48933206450393,5.209349245572194,1.37747744817224
459,4,0,16.91627599947514,3.519997381556185,.710340676836262,24.29016675303749,4.945468956686395,1.067688579417857
460,4,1,19.66439904163449,3.915922902406513,.5946343007996818,19.97264511949083,4.859439392477294,1.517855444925934
461,4,0,20.36866045605215,4.014574532857925,.6587566478564659,23.37228225520998,5.041116111219982,1.352334638718689
462,4,0,19.90834640542603,3.938190061782719,.6596223078095809,18.23199879519894,4.798654602410547,1.233343388823068
463,4,0,21.72492854548945,4.041571102099045,.6469244995689459,24.29800067863524,5.159691856470681,1.34637450893104
464,4,0,20.26340418894804,3.95480873105332,.6981068364282759,23.02136186551689,4.712385848991144,1.272968337439143
465,4,0,20.41132391959567,4.058478349019063,.6534277668508639,22.36502918034187,5.266592172198365,1.475632590453191
466,4,0,20.00411461873713,4.01784577643168,.6279541440435792,21.82636669359838,4.703720448792771,1.355637322960737
467,4,0,19.78353925990921,3.832549185475987,.7027486222441359,22.74321587402049,4.856185327968149,1.110192507361976
468,4,0,20.07488223986755,3.932519079033727,.6298750090329269,19.79195211894409,4.973222999729578,1.214116547695909
469,4,0,21.62207949701667,4.274500870645503,.8070728452409003,23.83578571067434,5.581551676086867,.975130911808866
470,4,1,20.682705336061,4.058919397584347,.7719966083841425,21.82986317745982,4.916779573563687,1.159367062206232
471,4,1,19.8890717428741,3.815432074060156,.4964014901613835,22.0409236407351,5.08225853286378,1.737978639037549
472,4,0,21.2644782829114,4.073065304167873,.7809877107278521,23.68995344312635,4.984371645272509,1.000752499948333
473,4,0,21.87025396097133,4.076841809237473,.4834627832686921,23.83434938963277,5.209435658161441,1.811947467377292
474,4,0,21.25487518878078,4.075230169440005,.6386579359199012,22.29699626554714,4.800613800688406,1.229197555108197
475,4,0,21.18010540415641,4.09647685075948,.699000437028952,22.78456254202647,5.036839985043163,1.058843661776405
476,4,0,20.85606943612783,4.0499715345863,.7528234546021989,24.17230525613355,5.410614750477186,1.044384522825819
477,4,0,20.27303915030323,3.886938339445008,.5560926675791782,22.8438666035616,5.035490345152335,1.537195522615316
478,4,0,20.08306683118704,3.903995233946872,.6193138033676204,23.5059113013629,5.498296124252662,1.372173552207489
479,4,1,18.42585230163544,3.77422832265615,.7191977187723816,20.71415779982349,4.706717839167982,1.353576539566163
480,4,0,19.52308775886222,4.119249098703199,.7729349791547596,20.92592361909952,5.292752372386655,1.199433533668778
481,4,0,21.31730013212531,4.112320462061851,.7053197868859947,22.68968903368774,5.300739849661171,1.353794030711895
482,4,1,21.46585899772306,3.985850174264027,.5520310988232555,20.74682026658011,4.694653531438981,1.49624395419741
483,4,1,21.01242094468404,3.931411522021797,.6012731879703739,22.35765371892209,4.952207096551307,1.401262577622454
484,4,0,22.7845516428866,4.155990998767992,.4287118770625876,22.78174568314287,4.958174304771677,1.648869723265339
485,4,1,19.52181828455796,3.748975786222422,.7229228282723763,22.26131087580923,4.806268339349369,1.298539732442098
486,4,0,19.68447072703906,3.966670083450807,.6479666427363832,20.53703305670062,5.043779026129615,1.301318961748707
487,4,0,20.46747275611806,3.929754420550367,.7460101584673379,24.61781115714155,5.20991476923539,1.157964926412185
488,4,0,17.85950613817764,3.663010199891221,.7456308654732371,19.76659070628132,4.90159667031569,1.291838913346205
489,4,0,21.65143804123112,3.98163459331263,.6879587859801568,25.56782817482889,5.127298795800564,1.082349572852925
490,4,0,20.36605168026662,3.955155202486328,.6619438270109008,21.45526223422269,4.802337469264158,1.360830322224747
491,4,0,23.85394620233337,4.50515156595462,.5798062255304259,23.69860737041163,5.665609434283057,1.515731133115673
492,4,0,21.57619324484245,4.257350577514254,.7410424244196889,22.35307654576366,5.579444671837274,1.234105011150963
493,4,0,22.002273265532,4.288554753982179,.6661635928410221,22.7201275603996,5.487574463375553,1.420796775544581
494,4,0,20.60472596789513,3.887556663161501,.6579250134018,23.61071844439606,4.957691940321928,1.306240163357572
495,4,0,19.27541690388984,3.770850180153823,.7662115903330026,21.6749621789485,5.202638995455628,1.364641210660652
496,4,0,21.01552109465925,4.028511876654006,.6692390605652607,21.63046448406323,5.220303022050109,1.28489538182751
497,4,0,19.51167794021575,3.890152486486959,.7188556472113765,21.61250817882605,4.964591717979821,1.16338194955565
498,4,0,21.27463482332143,4.076313096500545,.8905470647542432,21.58826063662614,4.831122979844359,.7899811753754316
499,4,0,22.21187874874122,4.207278063513948,.5956786664554575,23.72626036581847,5.491870797714954,1.349744956997398
500,4,0,20.11812698136374,4.043025305903284,.9511907784012124,20.25758026505781,5.30034051556725,.7827572150983144
501,4,0,20.98511246051296,3.97913895310257,.8858053273150961,21.88114062902734,4.844121613391475,.7748166262851226
502,4,0,22.31273845467772,4.204996860143726,.8018574677949799,22.57131351498752,5.189924058383249,.9051947992815599
503,4,1,20.76090721998229,3.992667142152563,.6698059445464912,23.47863374481159,5.412807145744938,1.345162409858489
504,4,0,19.53503872856517,3.840340176288933,.7676372741567369,20.81547571856512,5.031644059510219,1.290968491048035
505,4,0,19.44514588199925,3.841763175648722,.7757229711383549,21.35634485551865,4.886089899169898,1.072944346573568
506,4,0,21.40404827296299,4.138575420551477,.7097454026705314,21.69558635590217,5.205102992354356,1.126434480374735
507,4,1,21.72456800564911,4.11711108935463,.6408836159047072,22.67003148661848,5.031330726669261,1.296577254750419
508,4,1,18.94278983254914,3.962959505791229,.8147281316307703,20.0139769330122,4.680423965605805,.9658289825148819
509,4,0,20.68287687290894,3.871972222854146,.5208335894921297,19.95137028262943,4.843440026678335,1.526019005832974
510,4,1,19.76194542987065,3.826317274276315,.5635878464419007,19.72425276513914,4.598996122152825,1.345609773894943
511,4,0,22.22081425699344,4.154231373698537,.3881809433105681,21.31747072132552,4.527383645360466,1.879953008637628
512,4,0,20.81551408914121,4.015003059405767,.7245938192780089,24.20150101304466,5.379846923163278,1.262980523401391
513,4,0,19.87344350757302,3.877745019153596,.8623125811874364,23.3530233541863,5.159971114396729,.817231881963623
514,4,1,18.34761080884162,3.667622660175511,.7326573735941038,19.86542260072455,4.691348646136967,1.440633604423207
515,4,0,20.23318688584246,4.032395235793422,.9027075376770628,21.90174188408001,5.136966779551821,.9308129215464215
516,4,0,22.02338487508106,4.041593217961949,.6279634438168817,22.91613236594917,5.022282651452562,1.229188148039283
517,4,0,20.19198567141791,3.96030979262279,.8694771991085404,22.24782280219307,5.21969535648848,.9800824245213092
518,4,0,19.76531237409558,3.82008174126892,.8256293085498406,21.18189562136151,4.841266830428506,.928629621268988
519,4,0,19.04581076552567,3.727103002619953,.8421520971941978,21.58949752475154,4.871340331215192,.9385358985511177
520,4,0,18.98464316401262,3.802159718798157,.7459131905652652,23.71068952475519,5.042916517296431,1.258408799202928
521,4,0,19.5054990240394,3.952514397295319,.7792179877620182,23.61018493670505,5.355342912435898,1.144165769189095
522,4,0,20.59532817437491,4.085338536252523,.7540565226539484,20.09644983203791,4.765976339709252,1.238289929645804
523,4,0,20.27260386639853,3.964184448065489,.6257102855594266,21.329753930959,5.136455521405373,1.32733353168986
524,4,0,20.74358551368287,4.041547061209356,.6880415146589816,20.72004296128281,5.050849332186419,1.262967848664285
525,4,0,20.60787491186091,3.978212266450386,.7145124018307472,23.97077948795255,5.033326411278581,1.100852073827857
526,4,0,19.29513406566826,3.745630124187556,.6778133269456611,21.96781615948046,4.299285631497169,1.370068936971551
527,4,1,19.96253028494366,3.891420469172147,.5976766066518067,20.4859996367655,4.904218330629847,1.388275504331452
528,4,0,18.05521172822014,3.553112647995696,.6748393075598338,22.22077599051564,4.503612312019296,1.184579858877121
529,4,0,18.62437664115405,3.85108279665149,.883651434941756,20.79908946778958,5.029449408734353,.8485195587700528
530,4,0,20.71839796804477,4.066922722297691,.6522312964838246,23.37850600472733,5.29026804327227,1.203538339630632
531,4,0,18.80514023429184,3.681276526395856,.815114276943061,21.05796683710887,4.975725300101452,1.115744527767064
532,4,0,18.80326521239009,3.734962129777179,.7293916590157017,19.35438747029037,4.908838173759919,1.278195772159283
533,4,0,21.28676025685527,3.96736948395744,.7108712653587819,22.21859773135932,4.701086938389422,1.244060086082994
534,4,0,22.95592196309194,4.281475153755435,.7019542309079188,22.2032735218358,5.028179407593503,.9865787281858297
535,4,0,19.51723313342215,4.009903872610054,.88702225048779,21.3216531366151,5.023521798408368,.9113914563643976
536,4,0,21.1470776632717,4.072274614576804,.8295760086103161,21.51647428560709,4.870362973000908,.8240761442163727
537,4,0,18.45872726433999,3.862582217709161,.8468436261864536,20.42097567919946,4.78033179362189,.8588300323050494
538,4,0,22.43457007277674,4.269337048000102,.6748371720486829,22.79662697771565,5.094705329988495,1.266498319692108
539,4,0,22.07831214209704,4.154561973936283,.7509621919579094,22.57685631339081,5.008080499962681,1.153991424659677
540,4,0,20.91366525540494,3.984221524177026,.5355172887095268,20.9615298325501,4.870134900031281,1.530218778940444
541,4,1,20.22529266404086,3.999388793111056,.698326079294914,22.5150649561804,4.832462415582535,1.137312361937671
542,4,0,17.74504636165153,3.886813643343681,1.023959886883227,20.2214080969069,4.981038170614609,.8578846041957959
543,4,0,19.58864885385763,3.953601945051187,.6462003819634621,23.42954486703072,5.184015486879908,1.346060750319247
544,4,0,20.81051891731317,3.914024391994636,.5971134391268362,22.52515504399143,5.142800958783898,1.362358640584247
545,4,0,20.36734400031171,3.951967712241625,.6752110198344802,21.77005048030687,4.874788630631821,1.114695961724099
546,4,0,20.82887020465671,3.893675772908477,.7336909132421865,21.49172395653035,4.697226528995107,1.202547827147408
547,4,1,21.03589663478474,4.133648204189383,.7993440789210358,22.384896221547,5.378823669405541,.7150150964851257
548,4,0,21.59801680753934,4.068146578359544,.5864967521050147,23.77654591647888,5.140716421283821,1.489578584850658
549,4,0,19.30527283449279,3.723853526440648,.5910392426979483,20.78301996785909,4.564984178100742,1.432439832012103
550,4,0,21.06715077069254,4.181381582860028,.7387231899645063,21.64901952905291,5.331419686212977,1.097727514130926
551,4,0,22.11582479982025,4.092389119185362,.7107118088536717,21.99846409895939,5.308187726565771,1.129406051741284
552,4,0,22.6565173629083,4.461187403665138,.7446867348204042,23.64123780511708,5.667850853634693,1.082538184506269
553,4,0,19.69877447624464,4.060191257993376,.8146650020497794,23.35624385753467,5.286290030308915,1.157977952092867
554,4,0,22.04915219343527,4.179948980678505,.8062381131243017,22.73215325072557,4.889838391968262,1.025154919039853
555,4,0,21.25570603641854,3.998011052058401,.6715844640277954,21.47602571590147,5.030625373762367,1.343587641008736
556,4,0,19.53246927674275,3.737885016962886,.6852538848036077,23.07959300561907,5.119152524639557,1.259463345832294
557,4,0,19.6053096069576,3.7913762651093,.6579682077924233,20.53817889549342,4.664334597655295,1.483780662627656
558,4,0,21.15388600257851,4.018867972390671,.7009806495143497,20.82534629604035,4.951879499547918,1.206148057878031
559,4,0,21.48309455300405,4.050547820096899,.6588528419649016,22.90354921373568,4.793059610252402,1.253256008523439
560,4,0,22.26163265151217,4.26153478653533,.6232696556542323,22.26574375641134,5.333990405632872,1.452537970890837
561,4,0,19.7158107974347,3.659004293445299,.6639664958932793,20.68132622718361,4.808209776890704,1.399862331835479
562,4,0,21.40107331172506,4.130957763986351,.6514280827793633,21.56091246386182,4.786828316199004,1.355638291765064
563,4,0,19.33581129954535,3.713132335293423,.7646182898628104,21.47950632313479,4.508243146782461,1.100346505468087
564,4,0,19.88016787984826,3.999147958242567,.7987944256116983,22.73984941922438,5.177079812695494,1.042452638990723
565,4,0,18.34883865525492,3.530628003211883,.614271973773318,21.33408480041328,4.60388526867409,1.278441611461319
566,4,1,19.40405021265531,3.809300270848629,.5431700323911328,20.5351416239623,4.582079116589904,1.58033463894904
567,4,1,21.75661124790592,3.942187155281232,.6623834073141015,24.05163816473254,5.188779640832829,1.24075254246823
568,4,1,18.65221497889602,3.828122887293263,.7285432886873429,20.82160855310865,4.859550583663079,1.13501805496782
569,4,0,22.96297538193027,4.302584232772394,.6105893217838171,24.44903384978827,5.627723221425266,1.448123597130116
570,4,0,19.87864371336334,3.917708982492041,.6592234032190104,21.74874585793141,5.064673829736153,1.191911679228893
571,4,0,19.85150448446905,3.846048980631961,.8290072197791284,22.07576166352603,4.863182822212253,1.049889283180039
572,4,1,21.37161700443163,4.051828286589114,.5524466982581342,22.54212036147711,4.94842446672111,1.610544176426577
573,4,0,21.60350175277388,4.124989799957091,.6986019585290648,21.02197485122095,4.954400189048099,1.105353323509953
574,4,0,20.90383322167503,4.006821842477231,.6469273959337317,20.99861773263319,4.835384320191143,1.32226662495619
575,4,1,18.7433665022884,3.721266123982827,.6860108783663206,19.81098430923332,4.67844653407268,1.209806817824934
576,4,0,20.5573576976983,4.001617759889808,.7735039994507169,22.81648892410585,4.96142726581798,.9751690195732468
577,4,1,21.63901552144335,4.179829945654165,.6645785017723578,22.06002657942545,5.032991153166262,1.325936978670654
578,4,0,22.51115255658151,4.104324485996997,.6115400322146887,24.16829787491221,5.021382413390818,1.315953862443916
579,4,0,19.60660227274545,3.936011739053382,.8150306619469256,22.88725710647804,5.57010617952801,1.082730172357794
580,4,0,20.71866853894831,3.908989897357761,.6526888041498431,20.21541041589216,4.724459113594544,1.293860070601135
581,4,0,18.73999023984469,3.781311234869131,.7294980447613728,22.40034243264731,4.619204556053221,1.142345965001769
582,4,0,20.56982641272234,3.897699412752518,.7265812477517237,22.39529279708889,4.918107153583289,1.30792072267597
583,4,0,20.53933501287437,3.856773989744128,.5703084169252819,20.59661771413307,4.647682271917081,1.465575267831996
584,4,1,21.4717238416934,4.082423805588531,.6279208170436394,23.22175066040744,5.215827762983754,1.315749826429313
585,4,1,21.61711516307719,4.192050402486026,.7638555900828532,23.54192521280218,5.452878441470683,1.121747863152325
586,4,0,19.71420328384242,3.826593963744848,.6969846808501823,20.0097527252478,4.736487481979728,1.152824935811189
587,4,0,23.86219171991767,4.39545049549691,.6915299247602522,25.60247093657149,5.415859329279422,1.085797947929131
588,4,0,21.66919169864028,4.237293439987822,.7588522371648632,22.91243482857972,5.357910043903372,1.164562849101588
589,4,0,21.1663831493705,4.087825434803793,.6699893884829219,21.6772742142873,5.279005044828072,1.348507207853632
590,4,0,20.06342052987269,4.168719290591826,.8618620001661249,22.97410836098084,5.333801989941628,.8661299578888545
591,4,1,18.86872532974482,3.842460542921748,.7295781345545017,21.41064307435179,4.931672424515524,1.258029664703798
592,4,0,22.1351667327961,4.275246559266723,.5895118257622161,23.16694552641455,5.191555625749389,1.400227797519826
593,4,0,21.67745274608041,4.182302868055685,.7548729138522409,23.39269411969364,5.164135075932189,.8997616943441763
594,4,1,19.70922139328559,3.717509489385764,.6525348240473832,20.34367526617603,5.018571146622708,1.331646641300627
595,4,1,19.2872461084744,3.747794655422769,.7532395257609485,21.95843219139224,4.929911101466177,.8603814632747726
596,4,0,18.69944994882322,3.838333599650579,.7677354685271647,21.92931483712482,4.898585808016271,1.161655220016834
597,4,0,19.41104921312954,3.87474673322004,.6995803592073147,19.50745463325763,4.917715938295035,1.218127481461923
598,4,1,20.32459044598533,3.936601393572493,.683437573693951,19.93602211682377,4.800950087989174,1.358815534976708
599,4,0,20.19488858051675,4.077182356186914,.9565494087772131,19.35262787886822,4.730563560281938,.6392096897630408
600,4,0,21.40162288069887,4.129219833433798,.6395764129428316,20.42591828555192,5.292753380329267,1.224955696258426
601,4,0,20.31684768416962,3.828847916127769,.5581296967293672,21.19047377110292,4.673531637333524,1.627359142461087
602,4,0,19.03255433359531,3.715707900774501,.643964883358087,20.61754122520826,4.593119741050352,1.286156368747605
603,4,0,19.72927858852356,3.982627046543421,.7033957788740066,19.52084223567086,5.196558753616957,1.261843224386845
604,4,0,19.50624717193652,3.906410002892967,.7523696492867789,18.59956807654293,4.559058511238342,1.163994579973022
605,4,0,19.62141147154547,3.782201770487944,.6511149836918986,22.23163859205769,5.053257521216322,1.29644991310235
606,4,1,18.74009418276211,3.654959912741696,.5775800326812214,21.69732987272616,4.482269673108913,1.626252133113436
607,4,0,19.74964289224236,3.892907050698746,.643098351491712,20.07140741325372,5.177247422620704,1.327163530805833
608,4,0,22.5279226719449,4.31517331942285,.5890069355132386,23.84630154640634,5.676079164659179,1.406387809929187
609,4,0,24.50608217788155,4.429318015560496,.5273042693487652,25.40722260721945,5.429343362772525,1.518624937271544
610,4,0,22.8502802926196,4.391702318743553,.5544767156072791,24.24373833033823,5.430308079994484,1.414902942703882
611,4,1,20.20626845225106,3.817976484291751,.7150659029433002,21.67696122688265,4.573113822155357,1.20964337957507
612,4,0,20.49575078846376,3.946380659767132,.6053828245446656,21.68757945292123,4.779687099371075,1.480461382530786
613,4,0,21.62301561947073,4.031664175041537,.6216762480851017,22.4159751736302,4.857501196147964,1.225138517112816
614,4,0,19.97443977551313,3.808989771974499,.7055849782533044,21.67268795935131,4.764520708168244,1.312392517254959
615,4,0,22.17920482314772,4.114245333071762,.6434862735029518,23.01401696629346,5.15405672231451,1.334148123248449
616,4,0,21.65041732348606,4.071564208711815,.6535836637907169,22.62252226154104,5.00778387663346,1.308640767470007
617,4,0,19.70021783897494,3.643057102813789,.6380696615148566,22.47419097712412,4.655581436786456,1.305452467869165
618,4,0,20.44301995769885,3.917947329088608,.5920474714946158,21.07632355423703,4.63127068922712,1.394404463809175
619,4,0,20.95726706134472,3.989154685049756,.5123514397101622,21.95567534728728,4.951530485268088,1.715340609198957
620,4,0,19.69583258047845,3.943900305867553,.7280843048743276,21.47999371575535,4.783708300071845,1.33800248390678
621,4,0,21.45641475939811,4.011761356920124,.8354883832785022,21.64688101249133,4.887329766809838,1.010872780321511
622,4,1,21.37076729275902,4.212259304398803,.6902042762425373,23.19703052979998,5.029268422799074,1.268072980681994
623,4,0,23.46159535305745,4.471089284165023,.7031807461238024,23.98637680562716,5.700775431000584,1.169544609477404
624,4,0,21.41211166365161,4.114775646657419,.7736667052366667,20.88324049887939,4.799543559041236,.9397789262490737
625,4,0,19.52927974229142,3.931388629458076,.5976658195575325,21.3037844210331,5.116527521197008,1.374905133296825
626,4,1,22.09985370956639,4.365827035666197,.7468580900083848,22.22730766988556,5.429659324919327,1.055936104445361
627,4,0,22.63602786650962,4.267325742097901,.7357228341361357,23.54411721820733,5.203995609608723,1.20190322919873
628,4,0,23.32590059337056,4.186049336805449,.508544296290389,24.40589346528384,5.08543817816171,1.505398643176931
629,4,0,22.64282986181114,4.348136682203096,.8429241871947246,25.031297673228,5.902219850116316,1.074313524444801
630,4,0,19.16829712685988,3.873320334817299,.8182499752521371,22.88583019786183,4.909026895488319,.8814667163088044
631,4,0,21.33631656382946,4.054912304281339,.6332648632547089,21.99287486951937,5.216721528011071,1.450225670472526
632,4,1,18.14623519027801,3.735409424455421,.7796848928514506,21.34840142684728,4.702421461310641,1.000317351674446
633,4,0,22.07807341959524,4.19149989965272,.6995422250373073,23.93643049078537,5.103717130827655,1.144028059525556
634,4,0,18.32343184587917,3.811989559989427,.7895059903276866,19.01491408405756,4.774603123126782,1.152064306206978
635,4,0,20.40831365327549,3.878857266308868,.6522721939715121,22.1280191934186,5.017481767137486,1.450359629834228
636,4,0,21.64318680276714,4.058774658035048,.6202215296322239,21.94281442239443,4.846120604774316,1.238178538042136
637,4,0,21.56819425836701,4.175473299450278,.7345695514641202,21.47921751477216,5.073037436215965,1.115771615898407
638,4,0,19.10187785151323,3.789276291417326,.6915178313690896,19.73041185201673,4.763523988419779,1.435645097382525
639,4,0,19.77325129179652,3.808102766438313,.6356424687807023,21.2739769583433,4.86245025810021,1.459565953911161
640,4,0,20.00964732226801,3.813016026259028,.8952777847459015,20.79276465983184,4.97064136874254,.8929863370068353
641,4,0,22.26158914090757,4.021140938370237,.7265080051188356,24.76206288796147,5.045118859445208,1.19646877373668
642,4,0,22.81400390589994,4.396241315382755,.744945332555913,24.43587342265335,5.539554970689305,1.183354646945746
643,4,0,19.23577746727058,3.819753576179722,.812866383228744,22.84349176237567,5.074819153065022,.9848562526363115
644,4,0,22.68069152420787,4.323505395311457,.565426522038121,22.9081350554827,5.74637711532792,1.658827134613579
645,4,0,20.16891426682157,4.022918621622135,.7657291127218266,22.85005038821572,5.055095361846317,1.243801264584081
646,4,0,20.68054828000487,3.881715982203781,.4951364335641598,20.67645529371966,4.782360653374448,1.711828086143483
647,4,0,19.90042274201276,3.969415354938904,.6888838836180557,23.89123574887249,5.151069038223782,1.248857763901204
648,4,1,21.06306341180415,3.879890242562693,.7089522833496066,20.8504671381472,4.566181106109204,1.247630839637318
649,4,0,19.94363203981999,3.861467793448544,.6402462559586981,20.50255290533964,4.676704954839145,1.432757275055384
650,4,0,20.93279324308362,4.08664455565548,.5847020121499737,20.79665442729397,5.1924476118456,1.325270566430001
651,4,0,20.31384817242237,4.017092772597383,.7690116489888601,21.53832526498144,4.987612857940019,1.114653952503911
652,4,0,22.1062528929097,4.072223945476964,.5777189411675208,23.51956460794831,5.16095007754258,1.430184946195675
653,4,0,19.2568946577383,3.841456473380655,.7307799766036776,21.13570280115422,4.961751819425359,1.281443835261779
654,4,1,20.66429660820898,3.945694433067883,.4920172748643072,22.28840697644218,5.123698845952485,1.659891162153857
655,4,1,22.40576979264154,4.38362717866722,.7577564922643232,23.075656098621,5.160703341145334,.9892327485727708
656,4,1,18.87503869954585,4.007177064211866,.6759848702191636,21.44721458977969,5.15147023826115,1.404222276808984
657,4,1,22.58308506726627,4.240750644773297,.5793389074582298,25.74330623020289,5.344360807217163,1.386278750752018
658,4,0,21.31122466816771,4.00600427042145,.5833032281766354,21.76857365440516,5.182352720485775,1.574098189285685
659,4,0,19.44239088098059,3.875697563227629,.5946567888385037,22.82496605911143,5.164905118062683,1.401284115453686
660,4,0,21.04080713131761,4.052341426438114,.6913765882215124,21.96198636969677,4.995110719527196,1.236731024050344
661,4,0,20.16638757014651,3.988287735232432,.7965785270816709,22.89866148555577,4.982563835148032,.826072455195332
662,4,0,22.55660790843444,4.358065679179387,.6915940646955023,23.37774167941133,5.57134712755438,1.227634271116489
663,4,1,21.09784941916075,4.145734268966155,.6955497066934716,21.71259203546243,4.878353624461038,1.183088153796609
664,4,0,21.28788725915119,4.211273044219263,.8298647757837949,21.70261418026804,4.915413424954526,.9363596485520796
665,4,0,20.24766296136047,4.012976176876737,.7910971882082314,20.63844951409209,5.059980073825782,1.067047820341531
666,4,0,19.94829868327827,4.132951939709092,.8085482527513803,20.96218172460371,5.058622943190213,1.091151776395817
667,4,0,20.25124742121207,4.044909012379736,.720515274190284,21.13981364869172,4.979476474058327,1.254801601855267
668,4,0,21.44200900788866,4.168673228538093,.6959152496992468,24.81994198095268,5.428598159902776,1.218192538899721
669,4,0,21.37448967781572,4.113253068469473,.767422519019397,23.40046688141785,5.017773944334775,.960802963787321
670,4,0,20.73557927760842,3.937300013395391,.7531948125009444,22.18985067806013,4.960827904829485,1.217644119244698
671,4,0,19.59595583519791,3.829785883774519,.6715713816623599,20.72126305588204,4.790020472200261,1.260773062706302
672,4,0,21.04785982617581,4.013317417927124,.5289638463752566,22.40623500098868,4.992927144544367,1.618330728471702
673,4,1,20.0210905262181,3.999124450405171,.6625239740119073,22.50093796681755,4.926419629967534,1.378959075391857
674,4,0,20.92155325735022,4.187802868030669,.7332310312276915,24.12937874779365,5.406397150655815,1.154057210885826
675,4,1,20.04539431147811,3.839401807002854,.5126406501384504,21.3386766624476,4.664580782367369,1.587184368220926
676,4,0,20.72736087681704,4.04756251238773,.8418193500182627,21.00272436434341,5.304885922176589,1.017782260550717
677,4,1,20.9417454302783,4.102221361690131,.6601681060678642,23.8501012035316,5.239906940198326,1.195002817930907
678,4,0,21.10403302274819,4.000516193970346,.607376211668415,23.34829319861428,4.920269220168112,1.442383935490569
679,4,1,20.37234926104599,3.937635394211257,.8945089987660813,23.03890748752931,5.007857813707069,.882469728361256
680,4,1,20.55092636787851,4.020855938584591,.6774142732260711,22.2200010368696,5.351052765860831,1.204029113179911
681,4,0,20.60175012042496,3.874635430965948,.543163186419386,22.73382314833286,5.002985313427223,1.61883864398323
682,4,0,19.56205040276261,3.928720177105429,.7847120684400813,22.56730734653675,5.144905373200218,1.08206757056104
683,4,0,19.29667162034104,3.782751770427121,.8108017238531241,20.54225461554214,4.923529330530491,1.126125786719704
684,4,0,19.7517057529203,3.757825927076668,.6258815404879645,22.44802411693789,4.790891317131888,1.293026840710089
685,4,0,22.71176250119327,4.307013448727237,.6977801735036768,24.93737399910465,5.614909333836628,1.182753226869222
686,4,0,18.82023761791583,3.79500090313208,.7301671842463505,21.95931342599295,4.859565360455395,1.074394049922868
687,4,0,22.84894202265485,4.253887537094255,.6735303514792778,25.07961579672316,5.293409165736106,1.226707884492587
688,4,0,23.04446732814935,4.155428409031136,.4850225319438402,24.84745638880449,5.244227302863674,1.588342309232208
689,4,0,21.39613918834039,4.180665597126074,.6117743447170945,20.60626257989442,4.988405435297451,1.490090795721021
690,4,0,17.34972328224517,3.458622705247314,.6692281141695506,21.64336228211934,4.802234979745215,1.177076962628256
691,4,0,17.592313460269,3.687778789895757,.6693920655292538,24.73271504169841,4.860724757310248,1.280674365396216
692,4,0,18.66416732073826,3.819067468802365,.8231865704969423,20.94632080805654,4.875724558227619,1.024802564983397
693,4,0,19.28381458228949,3.813337214338111,.6993922373379753,19.32025487532622,4.613631972730735,1.04022038066494
694,4,0,23.03642675654612,4.357939069209048,.7046898485938953,24.33652313306184,5.655369516529277,1.116803983344445
695,4,0,21.11135566822179,4.074929333856228,.8354549730020534,21.97950922463477,5.076622431527058,1.030964393370537
696,4,1,21.11981379652608,4.139480891724316,.5996506690517631,22.47277182440253,5.135620995410826,1.416279826670589
697,4,0,18.93303229652329,3.789746002092362,.6669003625761916,21.17566733718928,4.768727205885645,1.383536362521555
698,4,0,19.28202337010881,3.875332003207449,.6311863624764089,21.09687558535572,5.067162448073148,1.550013988805467
699,4,0,19.17360500707382,3.709886716184624,.6245542972702699,22.69872140588904,4.876466960561991,1.217542165569379
700,4,0,21.13577717115117,3.965636253464639,.5295992023172966,23.90621488510587,5.37511238917297,1.552977138306124
701,4,0,18.926806983642,3.787590992468763,.6279796056405232,22.58683722228942,4.842544874612068,1.236793496605902
702,4,0,22.87495320177932,4.179386467509942,.6632158058665549,24.57207700194492,5.326748439254133,1.382837690806911
703,4,1,19.76933437182665,4.024504577419121,.6819379242943041,25.27420280891701,5.305564791341846,1.321022523065618
704,4,0,22.7015169279225,4.484364298060937,.7599896885092656,24.4640904780334,5.549120016347543,1.011530541635914
705,4,0,19.28432269522589,3.888033015498641,.5720012691779288,20.62394976857114,4.885604523256423,1.432864224602652
706,4,1,23.38654170231731,4.339099863756162,.6028670546018966,25.02242350911202,5.196398761026877,1.384977544661665
707,4,0,19.6906344383923,3.817596549463764,.7625081324122571,21.24273128638945,4.651316764135861,1.277719399080852
708,4,0,20.66898408688927,4.058132412993486,.6353664886347348,21.3817028500177,5.03192876690559,1.297701578864338
709,4,0,18.94401670223787,3.801395866033495,.7550919130633776,23.80761051059541,4.858773344954874,1.153485542689107
710,4,0,20.74806049076812,3.948846382425851,.6015356320182867,22.63478345093269,4.934917277256874,1.490481746095889
711,4,0,20.31269455028594,3.788929466458128,.7008708078770035,24.76451013477513,4.970752669791794,1.252143707349602
712,4,1,21.14585040832612,4.129195638035804,.7522067026296838,21.27087253126352,4.801034451345227,1.287608502295269
713,4,0,19.97356292401334,3.832657987742848,.6496971171552168,21.88781414000089,5.144657037086095,1.306977509625933
714,4,0,19.21868510051044,3.811352388083498,.8772664687243003,21.18218399627004,4.898116841086155,1.022157705335611
715,4,0,18.37648855148966,3.790793826762981,.7888111643503397,21.08701965586538,4.565120775784526,1.05304901649126
716,4,0,20.74985919881562,4.072656679515257,.5761423005284119,22.87446463924567,5.243509385368518,1.59421629976784
717,4,0,19.18302167700561,3.768218132044269,.808258983734843,20.66381800028065,4.59611803311342,1.09513338875341
718,4,0,20.80509383105471,4.054284681950327,.4686041319145813,20.95787516220945,5.138044954889714,1.714842829800165
719,4,0,20.89488280965696,4.068839201233778,.7777239348156535,22.95865371248087,5.401652012024234,1.140434946725688
720,4,0,18.84446127097119,3.634048888873993,.6379920118523954,21.18106505692763,4.934632365627071,1.383655486519055
721,4,0,22.94348687940731,4.234363451082111,.7376030094962301,23.23240399391034,5.207747361194905,1.181612551020101
722,4,0,20.21118708510145,3.93442311187319,.7291012497549214,21.27287304637816,5.061719765646524,1.096619064241807
723,4,0,21.6877034236815,4.128393215006388,.7214692747640616,22.84269874285964,5.142336097557845,1.400205707704277
724,4,0,20.8349459994771,4.037584926404136,.7791466153491069,23.67596391554708,5.088382526938235,1.227840167266095
725,4,0,19.22711015173894,3.795285051485888,.5934294583186331,22.91329553269265,4.948212584013874,1.434232132245785
726,4,0,19.84224806703205,3.868280090568761,.7849640794448902,21.85231857882069,5.009416935833729,1.041766343810731
727,4,0,21.30372154101469,4.088515718424662,.7947429835945566,20.92853476770883,5.051044075987898,1.278384528105166
728,4,0,22.07308688056617,4.218166028277162,.6796098615175534,22.87086361475626,5.299930872614986,1.374546842948184
729,4,0,20.44400469625723,4.03756445104617,.7056943845396494,19.15974918573525,4.868382333021748,1.248042206450837
730,4,0,22.19735848796503,4.127921870141643,.8014089822560027,22.50037531149518,4.902536615765799,1.118840001405986
731,4,1,20.46577185089772,3.905163560775926,.605436738066375,23.80468147016525,5.117351057251191,1.408285565862241
732,4,0,20.06671210502008,3.837682234512617,.7403598117934851,24.58968948502298,5.123752068899781,1.160375957549124
733,4,0,23.19213123076746,4.309620793003811,.6263967934404527,24.95726123429412,5.251120899658932,1.29331035796919
734,4,0,22.08345819960473,4.284277295165481,.7366822002738536,24.03139767951239,5.566945074851686,1.14567233454825
735,4,1,19.93601477495819,3.976206210184734,.6605998180645161,21.22078958185698,4.831556177456096,1.446196300914194
736,4,0,22.46581608914194,4.148320595830143,.6998226347738215,23.10297637968314,5.20659161495553,1.054371535393528
737,4,0,19.40474764926046,3.949772499836002,.6739214641129556,19.75120684931298,4.885491451775331,1.351269992999572
738,4,1,20.02467045479924,3.877965239889742,.7232252689133837,18.83835968807992,4.596465854405546,1.086813516468682
739,4,0,18.13304975809963,3.62679217887377,.5790725598060634,19.52370324364747,4.972674757437794,1.563781838587968
740,4,0,19.44280517439057,3.934232503890607,.703311677989766,23.33692694281699,5.110544021708002,1.222683561132868
741,4,0,20.36155807359503,3.938334388733491,.6815931803138605,23.80426325451698,5.065361501432779,1.24429120671981
742,4,0,23.29827246305303,4.26579042229481,.7076311513922832,25.10774292117235,5.469192302366262,1.026027972205133
743,4,1,18.04449725529945,3.50373665767581,.6415570042934503,21.88462989129036,4.853820209395915,1.355635237383381
744,4,0,19.38278654749467,4.000991960041468,.7352902055026878,21.27553552748176,4.898326279736678,1.125677099231915
745,4,0,19.95596554750833,3.883932771907294,.6051033202821445,20.37058097702645,4.767039197474435,1.382724788071401
746,4,0,20.27028896284901,3.931267524984788,.6720549035046343,23.13843007932149,5.018799219982211,1.200975998876825
747,4,0,21.52155995637291,4.179476608879221,.8734343035782826,23.51592415148278,5.160737357321851,.8092446404020605
748,4,0,22.86185860429124,4.21156039546585,.6529526310399169,23.10028528014514,5.174456827888104,1.318043028783549
749,4,0,21.81873356308176,4.165708430000741,.6956855593033757,21.176130960095,5.392516001397844,1.189240106338049
750,4,0,17.28910997209739,3.559930641547246,.8165301641534376,20.30331203731164,4.605998542535427,.9984608475894554
751,4,1,20.19803840337196,3.706232039588228,.6337584782038396,22.78550719635721,4.497891503262818,1.417311097425965
752,4,1,21.62432524271244,4.113949179026503,.7216613587459823,23.53477979440608,5.322666244643989,1.353309458310385
753,4,0,21.1353984461412,4.176436036123848,.7545669056194472,22.91892393536402,5.329934162389655,.9788077508398968
754,4,1,22.85677716091946,4.131499090216607,.6572959436614358,23.47524064742778,5.443336889057085,1.252396334878753
755,4,0,20.53173517278659,3.862778191352644,.6504137199943936,22.18536060515096,4.88798907166318,1.295251120631969
756,4,0,19.05487910541208,3.752351471255544,.8025322683996046,20.51277771992607,4.62374934836673,1.162478524983926
757,4,0,20.00971450434005,4.107625507328095,.6929959198057777,20.90092380864225,4.999340810214003,1.313601264898732
758,4,1,20.88494097247475,4.094511652894433,.7753839031008189,21.52740106977151,4.855766196522856,.9754422675802497
759,4,0,18.76280330435891,3.8113504228354,.7860287086602449,21.88462198377658,4.716871712806297,1.173728640660103
760,4,0,20.81306064339498,3.885659911578505,.6870914101789083,22.42932636146504,4.86086428999764,1.304512995435071
761,4,1,21.9861337132128,4.273886932146462,.6291662795621791,23.02320263674682,5.251235853086228,1.243598775325589
762,4,0,24.29623062790649,4.3863763013585,.7386226952859949,25.36526380548976,5.580625488847368,1.177267974326824
763,4,0,21.35814266132586,4.164283855505329,.5827098967726962,20.04357104833572,4.9813262036944,1.560492519880528
764,4,1,19.27946838739087,3.571271663948764,.5225484000718549,21.72163373088702,4.661334377900492,1.410131830119087
765,4,0,21.55705793874475,4.151585267781481,.8238624903168053,21.28510433913066,5.020042311058925,1.021340572102917
766,4,0,22.57934305887156,4.385304952786452,.7387508449392708,24.04507824954824,5.355365083446681,1.237649933567314
767,4,1,21.2212297749349,3.991549012586233,.6997647589968921,24.16481831770902,4.626438412261677,1.221272526184909
768,4,1,18.24676971486166,3.66230718351472,.5791065983789231,22.62107598801303,4.693328205419667,1.650720776496326
769,4,0,19.58260882944926,3.909104756180255,.518187164533598,22.45416672121268,5.148335440373661,1.706337905847457
770,4,0,21.60404228621099,4.117652140240013,.6321639660871944,24.1250855096951,5.275453008112234,1.405724537711345
771,4,1,20.36825401830792,3.863419846565779,.789708026588738,23.39155706955676,5.020793339211583,.9882467197479385
772,4,0,21.30829963607743,3.908956907916218,.6153207438310833,23.32566100945099,5.013150193070159,1.31770469228278
773,4,0,18.68068806290993,3.80481236721626,.8166980309576328,22.05983407642804,5.180367379535289,.9896450972417116
774,4,1,22.07383603866569,4.200437564544957,.7447055114780337,22.66120368448037,5.292778491446404,1.239944807082947
775,4,0,20.52198782174898,3.916323007837178,.6189420656740813,23.49101075424955,5.093216733308005,1.393013285720408
776,4,0,21.88350129430997,4.172253161319039,.7866465182990874,23.53034095235809,5.414608282930852,1.152178507385929
777,4,0,22.81310983506743,4.282835890150241,.5004584038233419,23.86230319222721,5.371432219845734,1.73044880888244
778,4,1,21.24175616228305,4.096801996754649,.6388646699697615,20.89518096649688,5.358984840356523,1.390283617718681
779,4,0,20.10720844582299,3.767588354152692,.7044525786605619,19.89580504764817,4.567791314828549,1.222423774348107
780,4,0,20.39628997334218,3.895881501105746,.6191632527659048,19.58706388066469,4.50788879110602,1.376832613281577
781,4,0,21.53383675255876,4.216715605966422,.7907162275158388,22.0706405277085,5.340993082077438,.8412956513007315
782,4,0,20.22588483820184,3.757798494322119,.5966257796864376,19.77711676912763,4.46963640848475,1.439734543758174
783,4,0,21.71151800794849,4.054504739625691,.6693479971200026,23.63655735604697,5.175032789575279,1.329074780158055
784,4,0,19.71439803917062,3.968663434264878,.7366416006159432,21.89646253220148,4.601844682266167,1.098271754657306
785,4,0,20.8498695263431,3.9525188410726,.8360842577646584,21.54047385789568,5.024219656583832,1.050005852276954
786,4,0,23.63206463483796,4.458880771067092,.7406228785811388,24.16537553349775,6.060737976652007,.9806776772562724
787,4,1,20.88165129295663,3.999654431967002,.7582141595852185,23.3977075673405,4.967908945157234,1.161936651189179
788,4,0,20.17842945088249,3.79233238509175,.6134166676699185,19.80908436127333,4.683555691456784,1.369758681498346
789,4,0,20.2987399149963,3.979590661655113,.6026669034229013,21.19529621768179,4.988284297886375,1.452592320457404
790,4,0,20.03399849421648,3.738648785002338,.7500994139887824,20.17996325883599,4.627687434856307,1.225086197192035
791,4,1,20.70280271131146,3.803481482893861,.3900101849939127,23.33089567833764,5.045485730716164,1.734929396689227
792,4,0,23.00433197472959,4.171924892770505,.7739554797516295,22.68014519137019,5.228003446800735,1.048620130213455
793,4,0,20.84733581114694,4.189605275463359,.7453714286148986,20.87952639994248,4.985352810683548,1.254301346643901
794,4,0,19.46733237214582,3.712506043843574,.7157176582243836,20.10152530821203,4.445743626520843,1.160348017404594
795,4,0,20.48872258672784,3.970055790816681,.6780564631625914,19.41218930909152,4.855701348353584,1.153609376363418
796,4,0,20.93391224363224,4.051261462760222,.6840931247815292,21.29345357818333,4.993699540513505,1.370017148802877
797,4,0,19.62644760716828,3.79657286359269,.5050926812779166,21.65461009224273,4.778188354120778,1.67587761741941
798,4,0,20.10749928815913,3.956290626686858,.8017532169302788,21.79400302286086,4.744250184111925,.9132525609472876
799,4,0,19.91671262956659,3.825373777881441,.5303471467346708,21.59527233171966,4.98047453003586,1.410420555334221
800,4,0,17.78213001526683,3.462195835356096,.4939670141085754,18.53794552022793,4.465604553142201,1.565160069823228
801,4,0,19.89934031361762,3.968570709611917,.7087254741716935,22.2558172910237,4.949908063605432,1.327225538117074
802,4,0,21.5150469165406,4.103508765442913,.6893778490874494,25.88717691940236,5.734274895572935,1.257372618908785
803,4,0,20.26394368645723,3.979575852078864,.779493173837841,21.2473306094022,4.989799494278214,.9697426492404999
804,4,0,19.02972082394162,3.725569350250546,.6697371208516997,20.50378436999088,5.069344707753494,1.372047841511808
805,4,0,23.85145662637573,4.395309583157483,.5282626414126262,23.71680428171943,5.040915815690786,1.464695635578475
806,4,1,19.91782043802003,3.958098313759771,.7318328738979581,20.01598122997836,5.033551903729097,1.300759882996622
807,4,0,21.05354642517984,3.922277877770233,.5459046201172149,21.59290956384547,4.628423598271973,1.597777908005075
808,4,0,19.92164878331702,3.853767004695439,.5920573707926686,22.03205535520878,4.794379381989838,1.507700864726181
809,4,0,22.16457205240095,4.045759132710613,.745762181313897,24.12157080035284,5.124601321027821,1.218431843577829
810,4,0,20.41635597075297,4.040466762552747,.7542236092369199,23.05935860708192,5.017136899756969,1.167355709163325
811,4,0,20.71233024379525,4.120136035954878,.7232930359641253,21.55231775806545,5.131521216644783,1.144214846542893
812,4,0,23.03082922857669,4.385137979842154,.7246556400150059,24.93481569690204,5.68274895514806,1.182724593827801
813,4,0,22.16460235721018,4.188234995287137,.673077137161694,21.21290678875257,5.044586618566005,1.287366948714595
814,4,0,19.08412936863224,3.737775638340423,.7793573446728073,20.66945468207199,4.8907785914051,1.278499767955209
815,4,0,20.74547734439508,3.9175091496983,.7219955066834141,21.59649673481932,4.76402407947078,1.239005596654391
816,4,0,20.63546358951822,3.989741348930989,.6313371495356012,21.76506533357293,4.886734942948252,1.308587523503053
817,4,1,20.89895369720456,3.969581675887078,.5190174578420541,20.28781556507985,4.691983821577831,1.511989229550754
818,4,0,19.68858755158032,3.956263124549629,.7730547275691977,21.65263576214723,5.215689730724005,.8995361926664805
819,4,0,22.04654263416437,4.342162205432626,.7199618052804779,21.80100542875357,5.136441772190026,1.294792826370324
820,4,0,20.26168984336089,3.882917711912807,.6456123173908097,21.93401227883854,4.881158496366688,1.481560725355025
821,4,0,22.8735412838356,4.399217411319002,.7599700762225682,23.68799070262796,5.648869744572899,1.44422830184072
822,4,0,19.46356348079551,3.803671582911761,.595113456331919,22.0640637599936,5.233651058590732,1.394563540034847
823,4,0,22.93050908499183,4.345309292359761,.6227215165067042,23.52860892505333,5.317446041581141,1.398948023094955
824,4,1,21.71245851446198,3.943172559579568,.5862340057340185,22.48521328595311,5.008180715642961,1.637114753676296
825,4,0,19.5000975877503,3.983718854137452,.8459282662515707,24.56678420463505,5.157253819838628,1.177409232521281
826,4,1,19.82315269304859,3.882823873383607,.7033896272363601,20.39139454233234,4.979348072643316,1.078787732512972
827,4,0,19.75130871068,4.022527800724381,.814969759157544,19.78936867453095,4.909627386919023,1.02290554819276
828,4,0,21.14811507191429,4.127727638405996,.6668519185597659,22.93131304217149,5.345729888185398,1.564310852055745
829,4,0,19.61234719459759,3.811686548610184,.6675004265507342,20.7914834259661,4.916139421871835,1.3602055400557
830,4,0,19.47560614453582,3.909826833403375,.7574141196557509,21.94630768543178,5.216759669121852,1.158424528347005
831,4,0,20.57549768816324,4.098744828083011,.7691828469674156,21.88186849290145,5.25297770923936,1.277597439070411
832,4,0,22.13967837542705,4.356707268467759,.6977571662578473,23.63907315363117,5.634274437522355,1.174558388023349
833,4,0,19.58874592975132,3.962675680658398,.6919307301960584,19.40648679350036,4.967895250984316,1.355980518493626
834,4,0,19.88818837603649,3.787950082193086,.7891095240020478,23.82539625122621,5.031594364011947,.8702418119893989
835,4,0,21.76566364200886,4.207348745334472,.8157807929935535,23.39954090193232,5.439450098345731,1.043478389495524
836,4,0,17.9622434278004,3.632990924909173,.7204446548204482,18.88220730262324,4.629985497083986,1.232466322520193
837,4,0,20.34550704836449,3.878164108355317,.6446163713244552,19.53048940942827,4.941147203175412,1.365436522943226
838,4,0,20.36206762677461,3.995329454494074,.7805546531267062,19.88995136519029,4.744927631136362,1.030456568277279
839,4,0,20.77383911596475,4.067441212799122,.5549119442419693,20.6996086688485,4.989909084378898,1.588643242631383
840,4,1,20.98910758624329,3.95344456936394,.6751649082853186,20.7014419876361,4.760303301730102,1.268830754985734
841,4,0,21.6100393874474,4.086418391209245,.6415561912865575,20.84421669497197,4.857265607294313,1.32072017981623
842,4,0,20.27261943443806,3.948597410567718,.7390235162627425,22.20387437715545,5.10050325426756,1.244463013252715
843,4,1,19.31514463136982,4.012449456250978,.6684441837597459,25.57966224927241,5.087343431766535,1.234601059657802
844,4,1,19.01002261099933,3.646260055948226,.7532022519320565,21.61032829696828,4.877318173765472,1.059490457161288
845,4,0,21.48894030817079,4.124005236108109,.7074576107967506,22.49137005804813,5.051724714874205,1.148699150618668
846,4,0,23.80151051062347,4.341880533123111,.6693127602764254,23.99926196910425,5.716313891501668,1.262764192677848
847,4,0,21.58509045844133,4.185690575555611,.5790170998742825,22.8537034027923,5.416919388317039,1.453377840757755
848,4,0,21.57893524081618,4.113524333233725,.7524734266864636,22.89815189782923,5.302043831865384,1.157825062346555
849,4,0,23.82705599826017,4.302505176671544,.7391228299037578,25.26118258822455,5.427023803384373,1.052110772687382
850,4,0,21.80057998197908,4.229325683680169,.6834033170421276,23.12988412753929,5.217866294935933,1.031625103085262
851,4,0,21.87373024688946,4.160280720634923,.6382465119342702,21.6839626468638,4.93984195815738,1.178090058854933
852,4,0,19.44134963862401,3.874074524193708,.8410976613594918,21.3056680486172,4.643871526788718,.9042089438116189
853,4,0,20.46341995275975,4.034795789590225,.8815604284957086,21.39982960427884,4.612640662318647,.7938637848162814
854,4,0,19.53370228636003,3.923612336052842,.8015973809603891,20.55275046654757,4.860218421918763,1.06646917349891
855,4,0,21.57138416759479,4.175367519621767,.6959384851122068,21.91686827303066,5.063907396707631,1.18290905775988
856,4,1,19.45916667922873,3.795074360919489,.6542557900093319,24.38557030382758,5.598500041293121,1.435399886590905
857,4,0,20.0905500059255,3.84423822615202,.7085828413382317,23.4196742995419,4.939521337917203,1.005792759921924
858,4,0,22.42794022088945,4.164401482217523,.6709954650468134,23.15301225698897,5.330861084897322,1.341060914814918
859,4,1,19.8331769611953,3.881282114302768,.5529421549178934,20.07144754098479,4.801174114555115,1.360400161578912
860,4,0,21.12810598988493,4.060850301008494,.7247519430501823,20.85359110400441,4.58940618813492,1.21108088378649
861,4,0,21.67407966093488,4.273996764935116,.7319926640456114,22.49924549099496,5.220603294795387,1.357214403491392
862,4,0,19.13420872734503,3.859919913201037,.8457183007308933,21.59006857355898,4.638596604227559,.9583620306977404
863,4,0,22.02740968262817,4.275164604934607,.7148593408628615,22.74756848057853,5.461671464334886,1.295246423365683
864,4,0,17.55289939936216,3.654631469505183,.7807319467692176,21.03708697797833,4.847756612450241,1.018051722882176
865,4,0,20.85403939782634,4.174052075939916,.8159575506079713,23.91004579015287,5.420561313746043,.9677063421426351
866,4,1,19.4204707984916,3.894100262729266,.6777336914161364,21.06036081786975,4.69812584332418,1.256998561253885
867,4,1,19.67785974918,3.909132835571167,.7725253713617981,20.00766107455802,4.708058743083893,1.028288418545108
868,4,0,19.50140035126932,3.804818666860684,.5378686660418045,19.97520540459531,4.424117816013728,1.455354246966628
869,4,0,20.3173534745831,3.921894529235304,.6922494963306113,22.56547232687226,5.1142695540665,1.296032747990723
870,4,0,20.19383406186533,4.062743043111944,.8008964300599035,21.32744846882995,5.050160510022025,1.155025959720789
871,4,1,22.15597163882055,4.174440468346972,.5672749214870878,23.95442269775959,5.44221619280238,1.35829715117959
872,4,0,21.29757356371652,4.137226346180784,.6541848815442656,22.30438095495508,5.276327860377838,1.393892916420426
873,4,0,21.59821532733116,4.277628499198736,.6255582232162142,21.70008564862611,5.453862549878369,1.470822832563786
874,4,0,19.79302682914144,3.894316433255647,.7731525931360426,23.62890151394533,5.098695635086715,1.249572168097265
875,4,0,21.70454869929518,4.136215680584365,.7404557039502369,22.79245475393848,4.870999965978008,1.18121274367486
876,4,0,22.08748505391947,4.098660502896591,.718021166997679,22.78398115895866,5.13710156397258,1.133484631334983
877,4,0,21.68359728251515,4.135321686228751,.7940873598762779,23.15176805940143,5.216539453692797,1.093467120809267
878,4,0,21.79134660182012,4.03977677559062,.771149792865775,24.64930839447975,5.219646472198489,1.14394750826037
879,4,0,20.24872550379631,4.014504796858263,.6794609203274926,19.47229325846979,4.75442537828728,1.220256871982591
880,4,0,22.45751115033121,4.179983674719531,.6948835329299827,24.86355362456669,5.338151057628085,1.305945990650634
881,4,0,22.70173844420199,4.176988408693237,.692224230609172,24.879014385636,5.104428468580026,1.238036630465209
882,4,0,21.87922134714924,4.356840032468215,.8626942335298049,23.42781535214126,5.417797022696165,.9350549401734598
883,4,0,21.32476373171066,4.149480145913465,.6250374671598106,23.77677793093708,5.283413549062726,1.384174113881752
884,4,1,18.85417326676856,3.643101966354498,.59879111412972,19.34457057857957,4.526375820668423,1.43677653382216
885,4,0,20.36852078326569,3.915619471281305,.7267795591540427,21.75053297449698,5.10758472946849,1.131819481112524
886,4,0,22.22932626804999,4.158900562715051,.7358166734939239,22.53990997536824,5.051002123343655,1.142626612513083
887,4,0,19.30335733297503,3.782380371953187,.6042665519278869,21.98874500461231,4.791648572125064,1.275776169095399
888,4,1,20.80728141710989,4.041701256374291,.7121915802929252,22.68607964406454,5.159006162493545,1.055225780167658
889,4,0,21.96313825891508,4.269779229491273,.7584498087069353,24.86998707903964,5.757697952882586,1.164473521058907
890,4,0,19.59974465363457,3.869527519926943,.6863411655480904,24.05435161628841,4.915560746912661,1.247940257440786
891,4,0,23.90682969897276,4.304482406702729,.6886357530694797,24.74586293911328,5.21881569401136,1.252396551842107
892,4,0,22.11058757188065,4.318207789275728,.6948121403073909,21.26877553950302,5.333450070823129,1.184026961707412
893,4,0,17.12995507345391,3.511077093329541,.8259456208734109,20.96584370756407,4.805563063698731,1.092229520436692
894,4,1,21.84963903609443,4.276450028212857,.7206022177410469,24.88124343161089,5.44600335296616,1.280605272473838
895,4,0,20.32173723175499,4.002620008162387,.7738632273511135,19.65282780314021,5.011283376696579,1.160826495556676
896,4,0,22.29862936634692,4.214944960560704,.5148208692040163,23.47945883846505,5.255207792587894,1.617111251417174
897,4,0,21.13945218068344,4.03201810500183,.8246147360318186,21.45015632231462,5.003045646925209,1.029041633416804
898,4,1,20.87436228743626,3.934002589526028,.7899373811207359,24.81737643060461,4.97705085738625,.9964096331899397
899,4,0,21.23070586546282,3.859427252090329,.6638473471513628,23.15014730823969,5.088177637072623,1.207236765238636
900,4,0,19.64650180901944,3.922457623514806,.7267855318054299,21.99005461601787,4.969518922766336,1.112943397750388
901,4,0,20.17485010043398,3.713534990171413,.7724482423516459,19.45346297549915,4.269837350666304,1.182905608018469
902,4,0,21.13082166467295,3.946619680546126,.5562554202191666,22.75501742385975,4.891971606554628,1.317507889805497
903,4,0,19.95791365862298,4.036237271889868,.6758882275258415,20.51371204283002,4.894428714202606,1.256488967250569
904,4,0,22.67221206076617,4.273297303585491,.5434230958597707,22.37169541421027,5.183315438860578,1.309221486558047
905,4,0,20.96536271121348,4.008491054931843,.6761802526903236,21.99451720953487,5.04191373234534,1.242787547658325
906,4,0,19.93875014806889,3.969308265865505,.7411486993233861,22.73016484476452,5.101827650232853,1.207763823635533
907,4,1,20.67559757119943,4.02901319811898,.7377093016425491,20.6509819624351,4.844213100082037,1.105940036775369
908,4,1,20.78785713219261,3.976442382851838,.6937075705553667,23.81378319871675,5.467570252923228,1.300231428028788
909,4,0,22.24859759279806,4.146706070033466,.7160083776293479,23.34533841357997,4.876907863426999,1.291945853786884
910,4,0,21.4422628750808,4.133862775960808,.7414937436754172,21.92139268324485,5.034753060651721,1.275220258981595
911,4,0,20.96103683034351,4.017595283112939,.7209731607994192,21.35991378907351,4.886785809290787,1.198959630826245
912,4,1,23.34245024787452,4.382373456560999,.6176911797132001,25.24752322382906,5.979216156011973,1.288559426151416
913,4,0,20.86709647353429,4.055276472283112,.7852725099394608,21.21430609120171,5.197437978054277,1.121158677494617
914,4,0,22.69116338017299,4.169607057870061,.6009583338646669,24.38323967631076,5.41538140912931,1.49222549456831
915,4,0,20.21100038318873,3.989372188521492,.7153853546307439,20.37028958753607,4.586993376902412,1.349180635764448
916,4,0,19.74657084182077,3.821910701558019,.794767178121617,20.05484666151094,4.953135564833142,.9068611184255473
917,4,0,19.6548976578978,3.793604200480142,.5269983863889041,19.40488005378659,4.709194342736678,1.644511121859727
918,4,0,20.30817946494044,3.989298983778511,.7487891895761227,22.46517549957846,4.940613670709243,1.282068923407418
919,4,0,21.46463232766427,4.2479027558353,.7423405688084457,25.6856833631479,5.808295572766363,1.0609099898907
920,4,0,21.4865253119691,4.065281629119052,.7650523181564131,22.48002835253851,4.948042959587936,1.014595670366978
921,4,0,18.88917901690306,3.728739152186988,.630580717199688,19.39967980003743,4.465608366896887,1.282172951885293
922,4,0,20.61067832072715,4.106376428297454,.6193259056403432,20.57145918335191,4.802300161119771,1.37750920889266
923,4,1,20.4630455330056,3.955712638129499,.7746779760760776,22.29458913376054,5.129753445857673,1.205969574554702
924,4,0,20.62007191690633,4.243379686922877,.8810010578712988,22.91220662888617,5.39946817017662,.9807108130233698
925,4,1,19.07592447519047,3.84465101714662,.7172553774752007,19.87937119130829,5.117741352096124,1.263908388914881
926,4,0,20.11996946912872,3.960891140581514,.6938002622006829,19.28577414081708,5.090035599054134,1.314715307048593
927,4,1,21.14179341591807,4.024971956752242,.6064718882975495,22.14909883077053,4.851528035205637,1.459331745699767
928,4,0,22.66853560090221,4.303862007815532,.7627305413193115,25.61960631419548,5.643838250499123,1.130166437102205
929,4,0,21.34317406471558,4.119837481861409,.7366746842516677,21.85154617125308,5.292438398658464,1.180192619952616
930,4,1,22.19524737720678,4.136444393334035,.5373079182738765,24.51365841652438,5.159269990502832,1.674673617561653
931,4,0,20.24441119332219,4.029590814415872,.6953909982621168,21.2079109059627,5.231569239047967,1.288706834446566
932,4,0,18.99441714502159,3.952622339792937,.788559645699467,22.56851811077198,4.945567583501452,.9864727558557641
933,4,0,21.19369164035348,3.993861884817839,.5002842674382975,23.38870148150242,4.970838223452025,1.613545712707162
934,4,0,21.33043677670285,4.006347814296993,.6843662536852571,20.28473227426541,5.111015526773346,1.159591926369661
935,4,0,19.19642288350818,3.697096239413074,.8227217289841151,18.24185730388286,4.303657376951039,1.072977889937457
936,4,0,21.02695192345637,3.955554515432663,.5319007795142537,21.4339347812069,5.055947708264023,1.52531688528912
937,4,0,23.97314223603356,4.341578232678128,.5132366418886337,25.1967245637683,5.285245256706607,1.68156284525471
938,4,0,22.13824688762563,4.230665059495633,.7492506490552635,22.32904898113895,5.416794293529568,1.151529293448354
939,4,0,23.10428621938176,4.25675684729424,.5570573781394614,24.85324164732873,5.578033516232089,1.534760448498007
940,4,0,20.21270711531687,4.013108197477587,.6108427019762678,24.1326931225535,5.389516677483232,1.291011099559247
941,4,1,19.08794976092706,3.792167171015836,.7079016563876187,21.17498380084181,4.892534895448112,1.395208542716658
942,4,0,21.03989900139071,4.069667832998919,.8005642051748901,21.70120201890941,4.952199804225841,.9214303588653354
943,4,1,20.23161816522581,4.021308511340171,.7142945928433144,21.34925265095437,4.810418217854032,1.188974255428126
944,4,0,20.52959510267826,3.870969250874242,.693167332275599,20.37626932196687,4.702764175302143,1.372598780978966
945,4,0,20.06296990557612,3.913162339942013,.676217993626651,18.04236491802263,5.025589229101789,1.235469862320411
946,4,1,20.58454738822677,4.056289313187507,.6748527071705945,21.45281387367168,5.400755556022877,1.216402522119249
947,4,0,20.76608855060923,4.027562320921287,.7807895723580085,22.35361859336633,5.024544554339766,.9829043743561112
948,4,0,21.50446446036422,4.128616281295656,.7635123654401732,22.59602594420172,4.941715630569947,1.191088410582884
949,4,0,21.43756173770474,4.138559351251942,.672738777141683,24.94444751957389,5.332631434159883,1.287542259576098
950,4,0,19.86027220332343,3.862464969862229,.8309665235849327,23.5639247093635,4.884097566485904,.9282436138950058
951,4,0,20.22897405308213,3.78975692832462,.616952790925274,21.8222217696772,4.84098946067877,1.505020914131198
952,4,1,19.82086095958774,3.830893212283288,.4992767053874985,19.89351350560079,4.794080113779764,1.752505976497316
953,4,0,18.37923744027712,3.714621922304976,.69440832197181,21.40078080674446,4.568963402935479,1.158789864710554
954,4,0,20.72183848665916,4.196809926433088,.7650721322282111,20.62122086269403,4.919252318321394,1.090842315091402
955,4,0,23.09889212621251,4.347626811902333,.7526890184587469,24.18135040649244,5.715980726244957,1.186158442967411
956,4,0,21.98847655594035,4.066505632106233,.7235043114868018,23.06266414181214,4.91990216058354,1.349743377401727
957,4,0,21.74169408213784,4.171563590903695,.7426340825230677,21.04753502747203,4.964448345273124,1.186207501236869
958,4,0,22.04147617875514,4.20680023980133,.6481485433162526,22.33507496058348,5.183346695439504,1.471165016062945
959,4,1,18.82613541318818,3.628228462417918,.6984135470684849,19.70147057767771,4.89907103531013,.9827924190389006
960,4,0,21.08826911983194,4.222813832796406,.7358974505469167,20.98306188878714,4.99116068374915,1.114663426578684
961,4,0,22.56747481461037,4.146450657766788,.5376275441967389,23.57637320603131,5.227953819462105,1.483534861981928
962,4,0,20.67785129081509,4.098139174438017,.7733203211890098,19.32803423790757,4.595099234837291,1.01110263459699
963,4,0,21.93627011892294,4.184779752277838,.7104448894382612,22.96817084709803,4.951607526056757,1.239799324316625
964,4,0,23.5599331521842,4.487287539766072,.8038664995483014,25.57726673289953,5.579502145216302,.9605601341574722
965,4,0,20.93872225861636,3.949179529079673,.5569723187416855,21.30791739970175,5.317599864531706,1.47228384827652
966,4,1,20.78757971055101,3.840358920869322,.8096072887268787,22.58651231513551,5.005170082421115,1.046652899819615
967,4,0,22.55761748898504,4.15383718151338,.712483424048838,24.00473134891004,5.066616812710375,1.15096194021936
968,4,0,19.68042521625368,3.88835118751745,.6049035915019602,23.24887738722308,4.792474388608571,1.263007880206018
969,4,0,19.58070276281664,3.829860856699553,.7822844693713322,20.56451491844009,4.678179852952835,.9173037317739874
970,4,0,19.70538344752665,3.937001200171135,.8508438214622845,22.90133983336917,4.635732414076811,.9079901353863119
971,4,0,19.28917652176569,3.765301867278247,.6081801587240742,20.88278034309431,4.851696491053437,1.263490020610129
972,4,0,20.41543821207414,4.095718934536136,.5651178855903211,23.65341898240781,5.217820504442708,1.376089021027003
973,4,0,18.40792643183948,3.583808132753799,.6876565200684326,24.22740398293494,4.996389115322107,1.403888103620416
974,4,0,20.43616873800657,3.863038885159865,.7597571329777155,20.83903825111082,4.797252826580205,1.192880944025659
975,4,1,18.25111446201498,3.859901932178671,.7269057834980852,22.04316754837214,4.881874728711754,1.137775497039975
976,4,0,22.37063364103097,4.231402851564676,.7420779537113227,24.63701441710744,5.605279105214098,1.100665746537262
977,4,0,18.77386109668563,3.757431723920715,.7068253996717008,21.56014504910777,4.723479994617927,1.186669864945005
978,4,0,20.07648284077205,4.282578814479613,.8675763518209416,22.44089225807133,5.398435352747058,1.03036281327641
979,4,1,18.64401413866937,3.717904540953584,.7444020676511885,21.3414679061719,5.036493688840828,1.189332471949686
980,4,0,21.73792637428036,4.082599283486156,.5142575044549753,22.47698772753586,5.272465395077477,1.579579773811508
981,4,0,20.03071824294244,3.810735254833006,.5607357588936446,21.69988527968932,5.107764128196006,1.373852382698594
982,4,0,21.86820436599682,3.979010789929366,.6935309004898209,23.31634543740336,5.053177852166384,1.299060632793696
983,4,1,20.50923996222938,4.01117370005506,.6841278989677532,24.00231510934777,5.196086364998827,1.18208375329671
984,4,0,21.82453591554523,3.984939156177238,.5051074221633458,22.19440335178242,5.066450509332863,1.699285066072377
985,4,0,18.24528184784327,3.758231390773401,.8188052656433873,18.89930307449731,4.434997677799132,.9455404854290732
986,4,0,21.91383127458028,4.186280117088631,.5943813221372976,22.55621423183221,4.814926917535291,1.42233995384574
987,4,1,18.90495341565607,3.643860903504075,.8540136063813791,21.81764472795292,4.803569803934157,.9347083148504616
988,4,0,22.64323880411872,4.217550917085242,.7630461310331489,23.97951168794309,5.108562885182982,1.2730714241631
989,4,0,19.99000330170585,3.990251592975745,.8401336245103965,20.16550804421313,4.913034244594499,.8961306422987764
990,4,0,24.95428804917148,4.499059164644331,.6050954089873704,25.55011994738566,5.306677783269979,1.470885613491626
991,4,0,21.71737915284135,4.01135838633951,.7224942103683117,23.37940115834494,4.967763383598276,1.21815323522271
992,4,0,20.42973068962848,3.817019596540391,.6601548498861053,20.580210839018,5.002405241952895,1.301700382814692
993,4,0,19.79190142907999,3.887595816705574,.7460445721933193,20.64348977661018,4.609312012082846,1.204478530366269
994,4,0,22.32169731533061,4.121182874897865,.7798444648646329,22.28255242074428,5.269971871843272,1.025630769132222
995,4,0,19.91156598298012,3.972848570241848,.8000654732493627,21.99359037244625,5.204828298606994,1.025719820412643
996,4,0,20.0021059229742,3.807742911030799,.6740393465648482,20.95394800250804,4.675437801474201,1.16177317413993
997,4,0,18.06885154213981,3.65510341769156,.8480331552587523,18.53837574550273,4.454434807383453,.9159696087695337
998,4,0,18.8612391804868,3.739225705129286,.77447165377007,21.79836592103906,4.949728677043479,1.275948582869732
999,4,0,19.13871847586856,3.80510799769084,.6527607214484994,19.29723223601697,4.605927837978276,1.361001327443481
1000,4,0,20.93720339944295,4.004767911981626,.8413230151619863,26.30707513600489,5.400142748524016,1.089439904900365
1,5,0,20.76908118909241,4.365166635256017,1.64816705050202,21.72643656427967,5.244308280648154,1.655276232859534
2,5,0,21.08882874325913,4.518111609652965,1.567793743961967,21.88479943606625,5.627242832581622,1.473806934883168
3,5,0,19.29609096214708,4.174645833445078,1.62005879018656,21.93401736107881,4.997480763820453,1.787443908142768
4,5,0,20.71839260534787,4.358405956727011,1.441765261703903,20.65102074922944,5.718156852435071,1.075473630945535
5,5,0,23.10228409376553,4.79589357252437,1.475927445195909,23.72073001924464,5.983893722892874,1.277424888580316
6,5,0,23.49824018335982,4.756282295149773,1.495458396984533,24.07060964189691,5.716558625978109,1.406001834370914
7,5,0,21.55448608716877,4.581308390177685,1.636152774312838,21.87447306827919,5.901320872975957,1.575178451208781
8,5,0,20.70613882604584,4.52307558562811,1.583916819281694,21.98944506522193,5.572320905780175,1.364253602055781
9,5,0,20.68603475111233,4.316813253267837,1.445433556441132,21.91990132035027,5.42252874451067,1.076467667852651
10,5,0,19.8057521180139,4.352923830932644,1.494419184659477,21.16174367304907,5.520979113235744,1.372385341014777
11,5,0,17.99841917800926,4.065043489114265,1.461509242202641,22.89943725353666,5.209643998548449,1.374236880535276
12,5,0,19.46070327322553,4.195008674652534,1.505543616571033,19.92238128814432,5.132478841822437,1.264636672196973
13,5,0,21.32009253864876,4.430162768812067,1.570350204909231,22.83121527022556,5.727515401362168,1.370749677255209
14,5,0,21.05080609547419,4.49238958793692,1.566097682645525,20.99733400576783,5.720965687475309,1.514621775376773
15,5,0,22.10288282448849,4.689595099626405,1.663114090272954,24.0117591790723,5.826677069070636,1.523860406332946
16,5,0,20.0781414580565,4.362895453115518,1.554804715033475,20.39167308737023,5.332048588644423,1.31197397287997
17,5,0,21.90429025002524,4.533043006456509,1.509259865912526,23.80361571940118,5.845455782094704,1.018748958531907
18,5,0,21.42730870569581,4.57090562553725,1.327872289534365,23.47779750899577,5.86526974609,1.178547727148427
19,5,0,20.79867112647893,4.488806337561781,1.569852079225198,20.98633445496239,5.635237574299885,1.451519115541903
20,5,0,21.26439984033177,4.445542508049078,1.493538643226024,22.40860580044526,5.608485358875094,1.249355993070496
21,5,0,24.97151538028758,5.053317436525115,1.578097716546331,27.35947102935744,6.900283233585675,1.409061188930953
22,5,0,18.76393145585885,3.958459816507006,1.452626053200153,19.21271751092048,4.819162781189152,.9412112063937209
23,5,0,22.00297841733922,4.63223530379252,1.560485495053541,21.28112166240598,5.726677221567627,1.46070636041706
24,5,0,21.65364240701978,4.690516015945546,1.639009270843868,22.38732325210905,5.865167046857588,1.540809791930078
25,5,0,19.8988479803446,4.221890810273451,1.469527769575066,20.49887522317217,5.253172534413271,1.398412374916822
26,5,0,21.75725457681989,4.618138498663818,1.497205233540358,22.05991073205572,5.709840954490632,1.351153057691894
27,5,0,18.91411783641584,4.025269614497869,1.43326513247962,23.25783391529847,5.547945167433924,1.209334412184181
28,5,0,24.1482586103909,5.024519671805977,1.617494426517136,25.75934320002922,6.623968095873485,1.40458420369905
29,5,0,20.91105872069519,4.24156080230362,1.429367533252176,23.36374775562199,5.450105500592484,1.111389793984128
30,5,0,21.02977348156717,4.454780552712367,1.564098211718022,23.21429941262745,5.48969820708253,1.396325675837763
31,5,0,20.7497284159486,4.574084505461938,1.612202577338219,22.97051261532108,5.844244468053178,1.52628728600815
32,5,0,19.8348186485835,4.289910516033027,1.570912267800941,20.21894970155815,5.396560453155432,1.319173958622807
33,5,0,23.16400485367176,4.75003564747111,1.636450638956263,25.07677746581138,6.157230791966799,1.594922393340239
34,5,0,22.4837094841359,4.650039201964271,1.5955622636642,23.06080639681666,5.756769770750264,1.50718124051117
35,5,0,21.49320486490479,4.677134609754269,1.613061839348247,20.56212393861334,5.632249352262147,1.594438493972677
36,5,0,21.08496521125267,4.284439035593642,1.36289144310873,19.73060751887204,5.264907653599129,.9183081246396445
37,5,0,22.27481648919358,4.656027228059,1.367834982196065,23.47530405843062,5.750894375577979,1.108532059421072
38,5,0,22.25462614178726,4.648329042276811,1.408517722891076,24.51197687199209,6.259261056573844,1.187367242650389
39,5,0,21.43955281987154,4.45757555605562,1.407498919727132,21.97711601552506,5.747339642268475,1.168850324964835
40,5,0,21.75670434516556,4.511395958753845,1.563398567339027,21.74203985791203,5.895632308995764,1.277262635227609
41,5,0,21.4213267577886,4.443608393440114,1.476179399474122,23.03563983590663,5.544432217739933,1.071923461058666
42,5,0,19.86966335842606,4.294352357913718,1.55104707838357,18.23405430598714,5.461421302472748,1.407963809770629
43,5,0,23.7183642511767,4.902746628303665,1.452935525521466,23.57510645718116,6.014320281239736,1.258841733062496
44,5,0,23.06667944984667,4.885243284017422,1.589758874202524,25.54370777304499,6.462961193621991,1.300441915589
45,5,0,24.77007725672309,4.811227891443872,1.442951002687022,25.67906399635209,5.944747402530646,1.260398784543347
46,5,0,20.32522516016108,4.436380059201465,1.43467977918015,22.26717600181814,5.320374234033799,1.096181109550248
47,5,0,21.00325628600888,4.345499379552053,1.510449913651567,21.84516707343558,5.402210361834289,1.3726460157384
48,5,0,19.03035545179886,4.274644030822601,1.479158169631656,19.250045044905,5.454281996063066,1.164003427838417
49,5,0,19.93450633591277,4.364931511720872,1.553269691932049,24.19981556146147,5.637385083538546,1.424653987168204
50,5,0,20.72401646833098,4.510613605766311,1.651017230076274,21.67861571244755,5.673217296347924,1.427405122914857
51,5,0,20.63958452788395,4.490198117723408,1.585118390273695,24.4373851245682,5.757001917749648,1.391439769860102
52,5,0,21.33357788632773,4.575885425110222,1.503336416733942,22.44004769905803,6.017740767283836,1.284776176918683
53,5,0,22.00016180423473,4.547640897481223,1.500153631466191,24.85524740175164,5.711934948965365,1.18566338369985
54,5,0,20.94326592193662,4.583330226503214,1.551906189488014,22.28676443287259,5.465371532368718,1.323659919199495
55,5,0,20.89178249320316,4.412290747851662,1.58129838916549,22.56613835825005,5.766245658435719,1.420931031988753
56,5,0,21.95923926071949,4.70353313590897,1.553770458811026,22.21665785240257,5.851238991547454,1.244584480415617
57,5,0,25.70852645602651,5.011382675599378,1.422582163744766,27.55750762157362,6.534808147100206,1.212911407821364
58,5,0,22.53780677723369,4.78174146776715,1.560834572935855,24.08247283271522,6.117703335895031,1.491385544933765
59,5,0,18.9461322153985,4.207066793099053,1.613014897674268,24.07831781325828,5.196724982456991,1.572045776539422
60,5,0,19.89846777120636,4.391071457693393,1.406693038960647,20.17836449953649,5.562562330097066,1.229282947343651
61,5,0,22.20888228347132,4.57587591566213,1.514394489040136,25.99486961031081,6.28365571722837,1.486629905558235
62,5,0,22.06890069073045,4.699828903641386,1.483242602839431,21.94032985094089,5.835330799186156,1.178504416294817
63,5,0,20.48051533582949,4.50576047461358,1.527614659138701,20.99760354619,5.372646100371427,1.392737402027702
64,5,0,18.87609278552418,4.264444595341494,1.375051458614084,20.55419038576864,5.578029242042244,1.256752796614471
65,5,0,19.48648694707313,4.150279413364225,1.501601291917552,19.11390053616265,4.682327902974281,1.226227449987598
66,5,0,23.19619889547036,4.672319225676822,1.474687289092629,25.7339819572394,6.065122309144444,1.314399198628639
67,5,0,22.94170709998904,4.684380048627322,1.549126547708785,24.15614035829286,5.803753707612802,1.436459415144218
68,5,0,20.07119532740015,4.419358234614754,1.513636345353731,20.08421347290552,5.553918093362912,1.367465754357471
69,5,0,20.41561505783307,4.443053765412375,1.495330591595688,19.81594149158354,5.696802758947469,1.23851392690123
70,5,0,20.85973581889794,4.573537337282167,1.663889138850279,24.22717301819634,6.18812675402354,1.674183027542066
71,5,0,20.86620301193591,4.454941741394792,1.480303750664576,20.39064350605922,5.592435157617552,1.451660745446453
72,5,0,22.08415359467737,4.604818623728573,1.425628129593112,22.65039053531987,5.575445465616536,1.03184255344271
73,5,0,20.55877921143241,4.35029372995771,1.547152314544306,21.89340642018698,5.431746132794001,1.409018468560208
74,5,0,20.21057700850565,4.314708528119684,1.538394001074373,21.71141176451819,5.262322158272225,1.333555532506799
75,5,0,22.18082088332696,4.542773667073044,1.447018708337945,23.21063366742105,5.826942483164799,1.285398857917189
76,5,0,22.80754318950222,4.674314551821754,1.273095889082695,23.6363635347763,6.144830911094417,.7552866052422265
77,5,0,20.36879120725358,4.307980910678905,1.479082578195884,19.20765800892836,5.046551526116804,1.205856893586312
78,5,0,23.64032248475629,4.772571953851349,1.309846880334551,24.67057315383823,6.312459592881367,.9379550807813143
79,5,0,21.11036580075185,4.466021713934284,1.541979420630326,22.71227725943908,5.937135007155172,1.564975703940992
80,5,0,21.50196157372122,4.598287836777184,1.5493947161677,24.74250722311014,5.93423695029186,1.332656565903832
81,5,0,21.55586882786866,4.579061413407099,1.295240896539254,24.40903081687966,5.596795448733145,1.017626177235415
82,5,0,19.05241565424002,4.186804803203849,1.529493164313139,22.72653938244421,5.300920540295929,1.488206482080105
83,5,1,20.8213379918272,4.405790932926955,1.61904750568527,22.64611126880071,5.538932033085399,1.276570727270574
84,5,0,24.2598066320795,4.773234706410025,1.454088642411034,27.41954103073639,5.973041065739115,1.16084456643821
85,5,0,20.36436256809133,4.563884100040035,1.562234467931694,22.536847847904,5.639717343978012,1.485602687308996
86,5,0,21.42241889636271,4.371931273195627,1.215151183967723,23.44126465723629,5.55273976764438,.8690052959451918
87,5,0,20.68454445585036,4.317713653266959,1.562197547264117,23.24127527886718,5.489993575470761,1.359563371667203
88,5,0,22.98253253059255,4.667610558934229,1.419626286748831,22.44992113098086,5.784024967547362,1.203898923931012
89,5,0,18.6759584853258,4.195599831672599,1.482495324023548,22.65860604152418,5.286316479893853,1.230355546942726
90,5,1,22.52469216940154,4.744145381311715,1.572764114164149,23.82630552082769,5.913419447356294,1.34596557124209
91,5,0,19.54431005034727,4.27856378885052,1.496279095924161,21.60511959705355,5.33079335729513,1.147032743988722
92,5,0,20.39083320400267,4.484119661759943,1.490003429248123,20.5619699270646,5.721858418533884,1.133015001655621
93,5,0,19.95903041588221,4.393143099434674,1.700369544059607,21.54400702334991,5.712492114487407,1.751011631871471
94,5,0,24.60151115710616,4.907676317490507,1.541370883582162,26.36422550311134,6.465473036515692,1.259292921697142
95,5,0,21.74125397700596,4.586689537165245,1.299452347463642,21.28756426152783,5.050628440053454,.8543048218569289
96,5,0,21.28601545798318,4.579669742106715,1.576463124266047,22.8889926970093,5.917318194832477,1.519337599005842
97,5,0,19.98361562421678,4.258206519507318,1.597028761844983,20.81299131808735,5.147656317708324,1.575279038143356
98,5,0,19.8498137676457,4.37335961519333,1.465903933917996,22.48857708830294,5.532390103295503,1.364766122263604
99,5,0,22.91016701841215,4.716507002999712,1.432369183339275,23.31122206594532,6.096683830444352,1.129637131928877
100,5,0,21.00745034650915,4.635324638113476,1.51406492992503,21.27435180160818,5.956760895202829,1.385398949852582
101,5,0,20.06832648551741,4.233796004784522,1.514612437621443,22.63651658296302,5.466077319226228,1.239234225765204
102,5,0,19.36009860670541,4.202643788156935,1.629849810617899,20.09023291496165,5.000419695388401,1.597702692015864
103,5,0,22.95890330308898,4.508349883888378,1.43358662315729,25.30794159417454,5.771832262843847,1.293867797410431
104,5,0,21.93630900973627,4.411677958888945,1.386381569488896,23.50321140104574,5.423516846282666,1.222356181427867
105,5,0,20.65095465847726,4.363173804372201,1.464855632751635,21.02767470118149,5.506691980160857,1.242877745674295
106,5,0,21.36052685417508,4.501382291355127,1.388721771286636,22.62005937774695,5.669183219213647,.9530466741962894
107,5,0,20.83473355733924,4.412973844912985,1.542173209876136,22.89331287656313,5.523243639432341,1.323988633741386
108,5,0,19.85702276437569,4.285215837109435,1.49277980055337,21.99728438152845,5.379099278586263,1.274240056072286
109,5,0,19.71019274687778,4.297532363730834,1.635632887536005,19.83246297996233,5.340023923507464,1.567106479143028
110,5,0,18.75404905576054,4.127839826059525,1.552072383429719,21.61654586126529,5.302966995611631,1.372158135953824
111,5,0,22.178449286313,4.663684271637337,1.525351438446222,23.45602582693106,5.995445959993527,1.441139815420042
112,5,0,19.27702456590756,4.261155228381398,1.488689916928667,20.95374706917692,5.598090920300423,1.140748255093924
113,5,0,22.11192467354021,4.378606397332553,1.410511199010819,23.94809488134255,5.706491301650011,.9625200092047796
114,5,0,21.76374624946655,4.645557325665753,1.479272728971958,22.66614440167675,5.995412816217365,1.209151739657405
115,5,0,20.17283875798604,4.293997868927948,1.494684076353312,22.63109022773215,5.226967029264981,1.447182016021165
116,5,0,22.74536728743997,4.576217991777479,1.409100017546256,23.05979910774886,6.005436785943685,1.013716163558839
117,5,0,22.1440722260913,4.667317561745769,1.493541539116696,24.56918084401994,5.771823858743374,1.309710101135281
118,5,0,21.44172509292827,4.573366504621095,1.449984842659161,22.89512709781227,5.832805775564639,1.26798732984445
119,5,0,19.44412364288309,4.275249773869972,1.576651992729611,22.41552939259406,5.477604064814797,1.344929314148573
120,5,0,22.69761605310588,4.685529375829038,1.611781582957191,23.68282821814155,5.906555954343345,1.66539861238695
121,5,0,20.77265195371597,4.502701690292434,1.588135629882116,21.00920765265779,5.822163523434419,1.573125498240952
122,5,0,20.50128184477132,4.413467533012395,1.443547199821118,22.53664425625578,5.380331647787686,1.191411219688871
123,5,0,18.61033037668588,4.329086375864169,1.691075935469254,20.93390614992311,5.293403060368759,1.888965918278032
124,5,0,24.07445463895044,4.901730864029826,1.554150914913486,27.80396788328045,6.41289362670537,1.446916581322672
125,5,0,22.43944093714493,4.648462457290274,1.66333383813688,25.53048952784129,5.779941684185551,1.472961054404448
126,5,0,20.0688769194599,4.463395413644863,1.599443595405518,19.94076098594411,5.420963820886976,1.48802706939935
127,5,0,19.22595193106748,4.166874073832318,1.460695062675973,17.91406519795599,5.108717754961312,1.241856265300683
128,5,0,22.69328702292502,4.581872683518489,1.499072648430666,26.44747657839207,5.755967053978294,1.383693711398233
129,5,0,20.93003507668487,4.422227660198037,1.640108196836589,23.771637305525,5.678921796745183,1.461894685274419
130,5,0,21.11078047868012,4.486175605998059,1.569816084910009,21.18146468554555,5.566552254814907,1.366867843746737
131,5,0,20.04975256941968,4.219928676848677,1.487729109407407,20.70091050014854,5.155467857441226,1.559946881071296
132,5,0,18.86016858377413,4.219089858742818,1.652075819702524,22.64358498306035,5.093078567238888,1.658305941836533
133,5,0,21.39218003163219,4.47167638138828,1.443027670350449,22.2255100543972,5.502699835078072,.9212531971438495
134,5,0,23.17462210152053,4.625952635298151,1.566333992054578,26.2660434924578,6.191962628539905,1.695438503313884
135,5,0,21.92075729685846,4.449923224324096,1.68026060278341,22.36404770003152,5.335858962981193,1.657797145914184
136,5,0,21.94632016212816,4.500740687957304,1.326403139853161,22.67208290985997,5.768664102808855,.9930004822901547
137,5,0,20.23518190730457,4.260614044679853,1.468296272964496,22.12112848121444,5.13968584030478,1.364921326036706
138,5,0,23.04326667177047,4.745013323957435,1.547862629523427,23.2855255821525,5.920855184577962,1.643956329005263
139,5,0,22.31429759660442,4.635151628431608,1.4633315539392,24.16404968388202,5.649286433576378,1.285163274137354
140,5,0,19.2671919857918,4.170756516345743,1.567537583220581,20.92680140582488,5.573489551541705,1.408917808301981
141,5,0,20.72801841706175,4.398387685055934,1.569003994660336,22.91838099143712,5.563093678173849,1.477941286922278
142,5,0,20.05162571532784,4.363273482794106,1.596592533786487,20.24708409018503,5.297525840479843,1.369844145923034
143,5,0,22.47657676759102,4.505518762850238,1.472573050992265,21.67423778042181,5.75433925427055,1.344150431405936
144,5,0,22.55736810255488,4.708289506938737,1.542350932798062,23.42477909671004,6.14070540627501,1.302615604328624
145,5,0,21.2570015692224,4.604013862551286,1.630352590014406,22.17709361558488,6.059675906167174,1.546422827041946
146,5,0,21.17197833992871,4.526014928685249,1.519852564769206,21.76000232068203,5.940749705278272,1.444584199094127
147,5,0,21.45480247335398,4.477937015267967,1.514253860211604,24.23427556671322,5.817794362383049,1.30310266380988
148,5,0,21.06767444958935,4.502333854996095,1.587085527201925,19.93044737355329,5.769182411077202,1.695336799282921
149,5,0,21.92078843360336,4.56576001028637,1.536594887876091,21.26862655891675,5.712579052657294,1.384642874692162
150,5,0,23.64667429602522,4.818223828027881,1.51449761074774,24.83888783297566,6.25211706199631,1.193714443829081
151,5,0,19.31474243207706,4.37108123592952,1.732621321923449,19.44180471796103,5.382768569228745,1.617125483574992
152,5,0,21.97437107465965,4.542235057659885,1.430884452803703,23.43646228657763,5.650648031123146,1.192494534310428
153,5,0,23.08882972579453,4.668242751536506,1.292450455468349,23.78254805540014,5.853005238307579,.7878452702521918
154,5,0,20.89488311052138,4.555931061037363,1.531734928774089,22.14697294856002,5.958205689660121,1.390741681612832
155,5,0,20.27824796246332,4.569647576768467,1.685460060958566,21.42239119466532,5.659360866053576,1.63154698069311
156,5,0,19.40868776740191,4.36027494089528,1.653773734375277,20.16316930934591,5.044114768257095,1.503263884270256
157,5,0,19.49772350683456,4.318027491371466,1.601066306148724,23.44363556258247,5.383277120772115,1.424997538553756
158,5,0,19.05227886208549,4.20982074498751,1.488857068800355,21.63705453237357,5.174969756755484,1.294774561833254
159,5,0,19.89378869597454,4.372109801192772,1.418037793205476,20.89179091249338,5.186850216096649,1.111800605926099
160,5,0,19.62321397907084,4.289617109513907,1.524164664472301,22.56233138144415,5.640537972162713,1.309987035000014
161,5,0,21.28731442946987,4.479903760262842,1.491291765200785,22.94897295611283,5.781299388846033,1.432459812194698
162,5,0,20.65588016798614,4.366960896540847,1.464228024086545,21.79185008670211,5.850946734932821,1.174611979892135
163,5,0,20.61606664813013,4.44248793478436,1.578476806785095,22.04408314029801,5.759352703299835,1.368764885201397
164,5,0,19.4940764075601,4.122202474415761,1.349066394074646,23.50701371619025,4.968158994629563,1.166208428334813
165,5,0,20.63761342920137,4.387232108159931,1.663366390672043,22.98012524534752,5.962548406727832,1.642271618396884
166,5,0,21.3322980644149,4.683294512362086,1.57646975634792,21.34570101442144,5.622906236876958,1.459694484057163
167,5,0,20.17062609666894,4.392487251637731,1.52424135663417,21.83997891093107,5.515404384227071,1.337211337816091
168,5,0,22.07414210730034,4.760836263685531,1.641982859393442,21.92214099293465,6.18621954042989,1.610887132782021
169,5,0,20.63366146955759,4.443992304177533,1.668600298907823,21.38646332871505,5.441061821024582,1.609295230463792
170,5,1,17.99572455470869,4.13506526628649,1.492825439187246,20.67463474709022,5.128686530820679,1.286435126804037
171,5,0,21.55864957449217,4.419922837183252,1.559849514060634,23.00932011255527,5.957031154438901,1.638329998896048
172,5,0,22.46416955519577,4.515791282599495,1.373366407214681,22.81765594088416,5.53573985266247,1.064188585374304
173,5,0,20.37625589182953,4.356924681111753,1.633289791711289,20.17248919575127,5.127366937419742,1.444033483377768
174,5,0,19.0459823760204,4.032342382245419,1.673050015477251,22.13075350407359,4.989506465359639,1.523074825056421
175,5,0,20.14162718286937,4.277563941135821,1.46092440697197,22.47699476730542,5.234840521665987,1.097866843662769
176,5,0,21.92999694723504,4.598493045649122,1.469683808037365,22.90140859335552,6.012635131257905,1.175343415874796
177,5,0,20.74557097088029,4.456458450771357,1.502421868049362,22.85903613420034,5.816570742431292,1.196964875913392
178,5,0,18.43373542093704,4.125231225091133,1.594102949253163,20.703481338086,5.22175329710463,1.555725477106767
179,5,0,21.37320849015964,4.440671629233279,1.454709332741827,21.6799847096308,5.577558662410431,1.228855216520196
180,5,0,19.18398914665651,4.086306799822124,1.585135712391645,22.43592685324673,5.232393389803677,1.248936875131306
181,5,0,19.98518810003016,4.504226044948821,1.616909260671605,21.33765868681397,5.534766079417611,1.357860555972882
182,5,1,21.98968589263557,4.709952242449605,1.448461797863883,22.6072943807109,6.165722683903426,1.238099811851121
183,5,1,21.38317727369229,4.406032116160125,1.352977447105147,21.23012182896225,5.630368809743679,.8366781403964935
184,5,0,20.46710145860495,4.418917107263679,1.466079739642721,21.55297885686286,5.221876986656945,1.253644795386395
185,5,0,19.76902483633302,4.309695895662355,1.47960167824764,19.61947838760982,5.170714179932061,1.254998153351869
186,5,0,21.99896328715032,4.437431603327929,1.424116811619434,23.76277553287714,5.456159201400638,1.041970292558113
187,5,0,20.77368565848994,4.412819181401105,1.391694037463888,20.56243904222152,5.222006891779112,1.071320023719697
188,5,0,21.03706461108951,4.568341994398372,1.532759188648944,20.27278128536102,5.541986815969238,1.356627110225854
189,5,0,20.67122537842683,4.313711234528832,1.58471952360469,22.30529769108001,5.474778579744912,1.446271452943535
190,5,0,21.65133361111358,4.723915739195113,1.634330329058049,22.24411016880666,5.757932350361607,1.480377111855473
191,5,0,19.72316960545181,4.249626099424778,1.532671581227613,24.02539359414959,5.487949854370836,1.353104870344772
192,5,0,22.15010472595382,4.564965423824491,1.437352582041295,23.53408769909261,5.488523843072348,1.182444831992534
193,5,0,21.75625980233992,4.511690997238915,1.449188766424909,23.91330711880086,5.922733463151976,1.363847959011882
194,5,0,21.69902345574858,4.406041452052364,1.303502286376235,22.66254624774901,5.362450540393655,1.007278039284833
195,5,0,21.9018444079795,4.428831319729711,1.269425477721912,22.75541789125523,5.798494837302407,.8813563596279224
196,5,0,21.99899829166353,4.701622066830879,1.442422445742668,23.51777139124136,6.420140638200427,1.138494637212186
197,5,0,22.46498588792751,4.831328536108436,1.626953845903506,24.02088110082398,6.462508448962525,1.391737823081027
198,5,0,19.63243226889998,4.225293045183358,1.471961790423833,19.31930408525557,5.249880496484597,1.216994293876591
199,5,0,20.95664867991817,4.562382728762719,1.607388207495283,22.61705532318921,5.729070111542093,1.555635347230835
200,5,0,20.65214240244917,4.448982771533968,1.800683571035093,21.09138987371078,5.631416783479807,1.930522493006639
201,5,0,19.18877820580475,4.275045650333422,1.450930074965272,21.75497335694497,5.316112285446274,1.200226983995917
202,5,0,23.49621433712854,4.79396371981233,1.48426253834623,25.58641587950406,6.385235706849937,1.451535737418151
203,5,0,23.37174059665601,4.735839069074782,1.460052804875929,24.90501429759837,5.981895639948507,.9952764112714146
204,5,0,20.86919088961938,4.465939442253682,1.631474433313353,20.84319652942638,5.63266491251083,1.541988787942665
205,5,0,20.8480373111906,4.269255658570354,1.443442224407058,22.57801973613019,5.160087369995048,1.205255592913101
206,5,0,22.87651324728503,4.658847018962827,1.571060288787671,24.76259964053176,5.985198008861337,1.292050991378642
207,5,0,20.40613172683766,4.50461655475845,1.609621466687746,20.91388598304035,5.585601878202798,1.451547869134759
208,5,0,22.15598052477976,4.57516337824601,1.391777402092807,23.55156651516863,5.991642153455093,.9756158144673163
209,5,0,21.27435053958433,4.452866213795054,1.503631371882615,20.63189757237563,5.319776888829933,1.385366341092737
210,5,0,23.09602013012581,4.925092728307644,1.668793636567079,25.82991110218734,6.428704723553149,1.507281053668635
211,5,0,19.12783902567826,4.136530593224267,1.436392919865399,22.25462391897664,5.486681471611874,1.05525287939117
212,5,0,21.69985206203649,4.519253268959881,1.335059397488948,23.65023351203482,5.752319399494652,1.060317889405826
213,5,0,22.96972621127514,4.897338002261071,1.729362700741689,24.55525051527357,6.234469537170816,1.777955056077976
214,5,0,21.08656986781056,4.405179381616587,1.291131522393742,22.24976968107367,5.577366187250935,1.01433132037485
215,5,0,19.4991879823346,4.201118229415347,1.439192312790845,19.44450515972451,5.202259852956526,1.244273440273642
216,5,0,18.94967739060544,4.247526282153392,1.535498277626623,24.92384321788132,5.651340224299056,1.392477436023392
217,5,0,21.66445425486318,4.659928148965249,1.423892219714954,24.17361707377248,6.293772676715349,1.094706743971209
218,5,0,22.66628710319308,4.655505572727256,1.408867326581342,25.81265129441703,5.903137349230541,1.003251190982989
219,5,0,19.94064388623617,4.208500816678693,1.49762850253312,19.51323879698338,5.148416301241856,1.336797322964293
220,5,0,20.94633800241209,4.30167105906644,1.361220421278111,21.3308547429233,5.358684618025653,1.126065943891891
221,5,0,22.62653851204082,4.692358657010733,1.460277910232925,23.63726983371819,5.848283437311585,1.295625568783027
222,5,0,22.23183634672307,4.724917114463877,1.45398647362908,22.52964171586809,6.218959287220225,1.070823203127367
223,5,0,21.53265975752007,4.614815247299696,1.502717735811633,24.7441425951393,5.90726296663194,1.359441199285238
224,5,0,20.23827733928285,4.279477615230767,1.633723935727642,20.71758663553618,5.314425880027818,1.583150519277963
225,5,0,23.70150084815799,4.886057020638641,1.532839650208406,23.10491728956269,6.151231528932245,1.412378983445975
226,5,0,18.83257973771725,4.186158808745233,1.666957725144166,20.13922849597546,4.903414281123923,1.592361405591498
227,5,0,21.34543707496346,4.506138168550453,1.489003452594916,22.89627157415475,5.979283690417547,1.308048269796403
228,5,0,22.80490922224004,4.849542415053469,1.594793315501521,25.00659446654628,6.287620439122887,1.513695439361966
229,5,0,20.21558168150704,4.468493968829358,1.534592520270519,23.86462031971178,5.883589682978223,1.440722324128968
230,5,0,23.60820934667049,4.592228536839217,1.5078330203478,27.22211762543376,6.018033806539709,1.312655608002732
231,5,0,21.20950196190004,4.45839588436099,1.594110056421971,24.46523598355238,5.835195053744352,1.450651632906542
232,5,0,18.20859796101224,4.118818083688284,1.32836493462694,18.37340044256332,4.925570931818403,1.166444337240108
233,5,0,22.50456161706982,4.63087787926154,1.4489058025307,22.49948035460009,6.275266412655323,1.354883768924052
234,5,0,19.75451193623352,4.498215936283665,1.770625809169171,20.47428864486643,5.917695612880311,1.841976272560072
235,5,0,21.47941890801255,4.517272025405896,1.531183549300016,22.58072169186213,5.767808685859405,1.497311543901437
236,5,0,22.65480986388154,4.696867893496196,1.496588185289431,24.04181331492544,6.072139880508638,1.44506482354159
237,5,0,20.25870667187727,4.64419188670663,1.683305229178697,21.00887721185285,5.659639431754814,1.755058777510277
238,5,0,20.64271891098143,4.469638358420223,1.495573848944912,23.36011039473141,5.969092983966202,1.504860279407739
239,5,0,24.808482127031,4.862229041179702,1.395185924842219,27.15901884088299,6.381696833137309,1.159486721546828
240,5,0,22.15477776921929,4.577816249060984,1.480031358070728,22.01879633329461,5.728563005830161,1.216937830044768
241,5,0,24.34197347809106,4.807399754432003,1.387036775502648,26.98073149570039,6.645788487724487,1.104496510349513
242,5,0,23.09766190924651,4.866201396723719,1.602261685756581,23.82711104807932,6.193580766810014,1.477578051615015
243,5,0,18.52135555240839,4.037098802704842,1.54193301885573,19.6564404398543,5.07883495921827,1.356500160282998
244,5,0,21.32470449057235,4.3368359494927,1.51682459296915,23.23116078449204,5.551600048040732,1.415303271983293
245,5,0,21.49340843208335,4.485388811225181,1.5245449165793,19.50769055610208,5.534275335274883,1.306305384744236
246,5,0,20.63241505038121,4.389263201894357,1.466257754294324,21.20586931978474,5.520697119255322,1.237579394056349
247,5,0,22.61771425099095,4.713204933874213,1.383726323777162,23.36265234545599,6.438583799244435,1.09187983813949
248,5,0,22.09097504046843,4.635278864710172,1.434858391814374,24.34424629959449,5.697573992801104,1.248713917376726
249,5,0,21.0973903113253,4.522504979039727,1.564240749933155,20.29122387644007,5.514796066279497,1.27600651694816
250,5,0,19.92786364197743,4.205990650945148,1.408357812687346,19.90286475676342,5.047749232292712,1.17504427832826
251,5,0,21.9926783568687,4.527472390375652,1.439941918452265,22.06872969241631,5.444338049853688,1.201895424677928
252,5,0,19.3582741612452,4.382143901691435,1.430686263214477,20.87610384360404,5.557018406349294,1.238500272163993
253,5,0,20.39978237043399,4.512951850448066,1.520971694725267,19.75501762814168,5.430108744597898,1.227668405925187
254,5,0,25.11816965402112,4.892697635886988,1.29589317269539,27.04067690298307,6.321517610832163,.7934011612750994
255,5,0,23.07102395108999,4.709309145114135,1.517242650492077,23.76227433231375,5.955789935930465,1.279652612742846
256,5,0,23.25607443629995,4.88877998191152,1.49992834533366,23.95130069075647,6.125998475634892,1.174688832080792
257,5,0,20.91820136612308,4.430132905073174,1.468681008770953,23.8754406663024,5.520145797517626,1.385375512589252
258,5,0,19.84507311562327,4.176182121287367,1.427271307519411,20.27281466893172,4.928162547228746,1.147017595053818
259,5,0,21.9078480341808,4.652952876954346,1.426647004561131,22.31388055640838,6.054826989293611,1.110051809939928
260,5,0,21.98870380867405,4.772503858483791,1.473788483683936,21.49331340697866,5.985704014702649,1.40276009847565
261,5,0,20.5475708588295,4.280219306423623,1.496127275224493,21.98798543153305,5.034924213994393,1.284222897815394
262,5,0,19.39994697909115,4.128962611340266,1.570540129446033,23.26079218731581,5.427774308068926,1.536874575510998
263,5,0,19.63659554438453,4.180951426658754,1.522191741028333,20.7819535413618,5.026608502125105,1.504019597807732
264,5,0,21.63849848620028,4.64068505772435,1.593020597577607,21.38341613865407,5.77700813582873,1.391079810706319
265,5,0,21.71299994109621,4.44836410086536,1.472256600118642,22.55007546597466,5.399098960381425,1.086809652652212
266,5,0,22.23727303983432,4.668338081828979,1.556196677248189,22.47123261469793,5.843264219770583,1.482591672413763
267,5,0,22.87640883808011,4.665823095535714,1.422017786526462,23.35935038565232,5.707644995319308,1.290937775500888
268,5,0,19.73374531755503,4.371420207855861,1.46790508725509,21.15226003871334,5.268011689994061,1.174749909815913
269,5,0,21.57438156849472,4.400495017688714,1.285698400338638,22.49472795524471,5.485924287554366,.9049181215843107
270,5,0,21.10392343236857,4.494057368243125,1.26237396319517,22.06155578312264,5.671469487236678,.7404809174851912
271,5,0,19.63589096598497,4.309101449069706,1.598165839507418,19.97186147906559,5.153635038427657,1.649450986538456
272,5,0,21.26711905891717,4.573377091052231,1.635085371400068,20.35430404107512,5.593169588295845,1.450990090051969
273,5,0,20.88098313168813,4.442510375392751,1.41731887311141,22.83188685530443,5.731611599490509,1.287977607529188
274,5,0,21.47958090605989,4.577520362239367,1.456724810358934,21.8738417958908,5.571795700913045,1.431123392948326
275,5,0,18.74257372501769,4.162435286846597,1.547373151050387,22.64272661464834,5.566569043231232,1.610852756119521
276,5,0,21.52952056361673,4.434373421793225,1.483863752682822,23.92579236487375,5.577354291580768,1.267594893229637
277,5,0,22.79904649744548,4.782214158100169,1.5796388409174,24.53506791478483,6.134603359467362,1.398017025844264
278,5,0,22.48520377380451,4.513449991066675,1.393279799816826,25.13046635722764,5.925313638469884,1.147385623350266
279,5,0,21.74247546527533,4.621952557655978,1.43729210128754,21.24233941783415,5.784903940111386,1.248838568881315
280,5,0,20.68441742272356,4.239907244677116,1.335358305168094,23.15793327029735,5.42261496763533,.916618498188275
281,5,0,23.08907249122547,4.712576360983141,1.33708789086643,23.95879916323353,5.716694826434369,1.046482664640302
282,5,0,23.92652459278205,4.78109918492915,1.480197405428151,24.64139908050911,6.136474401086391,1.454129747045129
283,5,0,21.32133713295782,4.502659620917139,1.596925615525531,22.40014762960144,5.789743390703999,1.304314137806576
284,5,0,19.54085157580198,4.183130586526121,1.504425028619645,19.14693834181905,5.232398595383434,1.43605648421239
285,5,0,21.42467188215985,4.681807013327079,1.560036147992019,21.88206424511792,6.083731479029185,1.264739716957248
286,5,0,22.54620145107377,4.65570718131067,1.49012642656887,23.92232108169037,5.879256877875976,1.397306501054457
287,5,0,20.73520790788469,4.517302343227288,1.589100982300673,20.61279004964032,5.391614005089252,1.563143566649947
288,5,0,22.35435192182474,4.622668145459104,1.524280324433528,22.5713655474166,5.720749089295878,1.386112232209885
289,5,0,20.4326599134984,4.415261439083626,1.551717221565336,21.77734119230682,5.544000223644781,1.489826618393679
290,5,0,20.73214578092632,4.462093621506457,1.535120927093314,25.3208663362674,5.751625820495871,1.246554040686925
291,5,0,21.50849217028432,4.575734913354887,1.50575211510133,22.93162066884319,5.594920593643258,1.17375969131351
292,5,0,23.26199544656298,4.730186254564604,1.359353586653937,25.181706521964,6.074315191143267,.9851268091020471
293,5,0,21.1212444288165,4.526925392254435,1.656114340991266,24.92871398440973,6.190929633880055,1.463771367794411
294,5,0,20.61357073561284,4.549679991175521,1.379897711253341,20.1831834269987,5.314113810288821,1.086878153750577
295,5,0,21.76578429933277,4.357184733481996,1.447530927407415,22.77351009928732,5.369336610795193,.9908413901783647
296,5,0,25.57752847686808,4.987970059943406,1.493778109318384,26.57844274931561,6.07994387089217,1.290751953145404
297,5,0,21.07567210898326,4.569670025836657,1.534785816040181,23.32159855250158,5.76968838164252,1.444171442848655
298,5,0,23.8666923694314,4.879289078543524,1.48657790785076,27.95808102763917,6.60588838602273,1.308167179620142
299,5,0,20.69094954897196,4.527338850649127,1.55853101367423,21.98177783795558,5.604300784835374,1.358804623281921
300,5,0,22.84820157600866,4.628193382889822,1.469465967567595,23.43495514904717,5.830093663576432,1.14892668085339
301,5,0,19.54826776029832,4.420011312776175,1.51910859500959,20.45956260083457,5.059460496653321,1.456776392697694
302,5,0,21.04756944805235,4.511697215213565,1.600207135923294,21.8926998587796,5.491715330385155,1.363791834902579
303,5,0,20.50170284522878,4.595497015906362,1.394439036347919,22.1430365872067,5.246747573013943,1.256307227219319
304,5,0,24.0099774559519,4.725893954186267,1.415359569123336,23.45092358189856,5.667798067660841,1.094655793754824
305,5,0,21.88460388761597,4.438729861942565,1.222214714758228,23.21653647714435,5.589435750105822,.8534017788215484
306,5,0,22.79945888264772,4.578005072630125,1.37643817713882,24.87655529050481,5.888670881835077,1.059405529270244
307,5,0,22.7675111946999,4.681569610121655,1.207444047293545,22.75113728329057,5.863786807783764,.8073735692840984
308,5,0,22.89384767715554,4.657452612355636,1.506080340134924,23.79751870010674,6.044758181720709,1.122204683453093
309,5,0,21.02192471511198,4.643508130005638,1.362108869990736,21.40370712333997,5.974448778611247,1.082685415037911
310,5,0,20.3400829942215,4.556202761783262,1.561006207583991,21.48639170118696,5.535710458339332,1.338284105620206
311,5,0,20.18073459133372,4.494979829886269,1.547009649612833,20.84345611307751,5.251976206632031,1.322601677039538
312,5,0,20.67313137304241,4.360937034250609,1.454327921958664,25.33967924233691,5.656118904014593,1.352356166789292
313,5,0,22.51969023089047,4.639259917205097,1.329533536140375,21.88547573220545,5.710459004581683,.9516977333707877
314,5,0,23.16815706640285,4.93287588799517,1.617985074348929,24.6171239512904,6.414237270083795,1.398033874138725
315,5,0,22.15323503831487,4.456705023689806,1.471037866377543,25.12283361052685,5.805563011855805,1.279389901421114
316,5,0,21.87288104570204,4.562350467720911,1.318914760023817,22.72886375822146,5.694149559913349,.8458504386910944
317,5,0,21.23024703114337,4.334268256229642,1.483483354499889,23.36399912344902,5.106112735747677,1.152195647242583
318,5,0,21.26230735010548,4.367709965083436,1.363286260207709,25.30623035521671,5.480447601705764,1.022595375337098
319,5,0,21.57103255818095,4.474989172659426,1.413427728067139,21.53763753533984,5.759707980918789,1.264230567936761
320,5,0,21.94105079658312,4.503876137018842,1.466053098464704,24.77610088634543,6.13471754490429,1.207155365096209
321,5,0,25.87949655199314,5.032427746921639,1.594491501464688,26.6731025152622,6.218453284345287,1.461593722049777
322,5,0,21.44659013728825,4.605984810408525,1.490680195445467,23.6292408347637,5.800142832742808,1.160348474818412
323,5,0,21.06909074260152,4.479730180145088,1.478238695826656,21.44883904160911,5.717912099326091,1.266935633082157
324,5,0,23.27561418030966,4.702724471709071,1.480746285766848,23.70172279005165,5.504104197576168,1.301599897208372
325,5,0,22.28192629092575,4.438271876904277,1.402265801614778,23.67065610391863,5.871976358819639,1.147339209353619
326,5,0,22.50555887611786,4.671597774432854,1.57510373731227,23.89174245360266,5.793703148240833,1.436730594304699
327,5,0,19.33139126064332,4.404770633207217,1.6831328473615,18.42591337599517,5.52967767842186,1.584398184269359
328,5,0,20.64076003635329,4.137368819507021,1.436185996192729,22.63767801256237,5.263548498207424,.9663252342947574
329,5,0,20.33866199522909,4.374698570131363,1.453188058173684,26.51333395236709,5.391606155913283,1.308396795491153
330,5,0,19.99629533693014,4.328218087016057,1.537338677629228,20.67362461512494,5.422944024174518,1.184788656158926
331,5,0,18.65997335850601,3.996937105144774,1.401883559934633,22.47752737871771,5.143119003052055,1.034687384431937
332,5,0,21.55036637485295,4.640290333746488,1.391123002648222,23.89322719913052,6.161391543171136,1.044148326342471
333,5,0,21.84843686561076,4.516909741831383,1.422892391159248,23.41486017047652,5.362857216671796,1.167230679581557
334,5,0,22.20452361535528,4.667107362644001,1.503111962153977,25.06919666249772,6.13296354963957,1.353743080917032
335,5,0,22.18470093708742,4.372691280954143,1.400116770354131,24.77355741580982,5.416396288423729,1.030589271398782
336,5,0,21.66789906894968,4.637557737726558,1.453090853751375,22.11810881039664,5.684095742175178,1.163671514425729
337,5,0,23.7236432546782,4.872006040804809,1.511611220636701,27.97518233952615,6.495200601542789,1.376181053691155
338,5,0,22.9793955581876,4.656230398742938,1.331547703619353,23.45288133063928,5.81318759382995,.9060309687755927
339,5,0,19.15419146848036,4.27597033163576,1.467774813068715,21.73837732932374,5.359970676348289,1.17366716285932
340,5,0,22.10363964727909,4.540870319251214,1.41363307642298,23.08118614155645,5.868028145494385,1.221678320656252
341,5,0,22.30231399086353,4.611860445472193,1.420363214642777,22.43681092437688,5.868436422620744,1.138755116356165
342,5,0,20.91755130592339,4.56296219350428,1.502099869498903,22.48136326651626,5.974177483288887,1.402351235666159
343,5,0,21.12863456019632,4.643189783042806,1.474406149330825,21.69563431123396,5.857681860510785,1.14120398650686
344,5,0,23.49368828856169,4.734629982078232,1.611911698295716,24.38135491131153,5.936459516590354,1.614635808211193
345,5,0,22.49210522352749,4.695915896431218,1.237728537047051,22.59194573460124,5.520215369817167,.9077575603044138
346,5,0,21.93968574016554,4.584824786711599,1.509518872597595,23.2143119249025,6.039138106012351,1.300683696329957
347,5,0,21.53775357609923,4.568306522303747,1.450138286076814,20.60249764315602,5.880435262223725,1.06547674654423
348,5,0,19.99572102916321,4.186491051912418,1.386531808204147,18.0189419510855,4.743916459190245,1.271255343869448
349,5,0,23.36449391964974,4.727013780013664,1.417151717383994,25.66052278057928,6.385094971264402,1.179382037023688
350,5,0,20.7942227755985,4.359047107939066,1.296786601143774,22.34622753313417,5.434381593220134,.9669718380563661
351,5,0,20.75958572210436,4.484648688784178,1.4503146592631,21.97920712067965,5.467832017791819,1.046478728929492
352,5,0,19.97078797907568,4.432064619279344,1.542843906383965,22.13169321304361,5.829963667486507,1.373336334799727
353,5,0,18.5511020696836,4.12275129448187,1.435133130802226,20.23609166688823,5.060125672770166,1.115265114973004
354,5,0,18.49170180839462,4.199370864051943,1.538917003922309,20.34680769962589,5.363371889915739,1.345879045328983
355,5,0,21.31511632209354,4.381328960263719,1.421179313289881,25.47650242772473,5.621794944401383,1.192055120984027
356,5,0,19.72640373197741,4.237619731813927,1.503456984963613,21.30349916215835,5.442367109726177,1.397074688419925
357,5,1,20.39381612718891,4.296961488205637,1.405414202553875,21.92368264970359,5.163213056505385,1.2344479543356
358,5,0,22.28748471248191,4.601936914290976,1.439873426901086,23.26151943656328,5.575186904413012,1.295752788805479
359,5,0,19.89989892077912,4.169711421910236,1.388474850400581,21.90238638680909,5.285932763699918,1.23435560173756
360,5,0,21.42321173988654,4.362277543194438,1.457817646570419,23.23397076984436,5.227439437754518,1.168841585351394
361,5,0,22.48010089010422,4.660335642720036,1.31013082479717,22.30889804508974,5.999827751962594,1.011116889510427
362,5,0,21.23675672758692,4.610196430325278,1.410133865645219,21.6135982359855,5.935190541123651,1.183152402363758
363,5,0,19.11303650390642,4.185128917191641,1.677772143896417,19.07704256182818,5.123920399646909,1.790566357808882
364,5,0,21.78977974203655,4.542039454755881,1.298560202950616,23.7691127999207,5.765604704972117,1.034720256755405
365,5,0,19.3892821615531,4.238189479170991,1.565262011978895,21.36390319263242,5.386475282501042,1.492764676146429
366,5,0,19.78130865991007,4.25292894985707,1.484587434830537,21.26631663109553,5.382123603884529,1.314293390601508
367,5,0,21.9218001279667,4.521373294934632,1.489436293166953,23.42939378956035,5.664064534023922,1.374993375653199
368,5,0,21.14675089777895,4.512673684290625,1.53494769947676,21.48809363535025,5.572228734048306,1.321599632889507
369,5,0,20.48308650359077,4.444179232430751,1.580862918795646,21.07633060944768,5.36588354381507,1.378817798764426
370,5,0,21.8828897616866,4.63169101373802,1.511162347596185,23.32657305829913,5.77544413543345,1.243204510942917
371,5,0,20.89099715172552,4.313020167849652,1.426421713861734,22.07952370383329,5.514510608589178,1.126383175772697
372,5,0,19.38326845567343,4.340972626726846,1.525009954855626,21.44434533650213,5.245910817460976,1.240919110271335
373,5,0,22.12234632020537,4.683843201134795,1.562806751002904,24.32140970681859,5.825857626690136,1.519283200643802
374,5,0,21.88697890485867,4.470227582232224,1.451945824867543,25.99023588467721,5.489051410290529,1.278710115301387
375,5,0,23.42219947261358,4.727269511083149,1.407614170108498,23.01329284866605,5.794533591926948,.9461843453851647
376,5,0,22.71537270029226,4.455905743869839,1.39574448790292,24.03075922724623,5.966261410664996,1.108723639111125
377,5,0,24.36687601829536,4.939247555886194,1.35889351542775,24.64797108006151,6.054021658921119,1.14735217363784
378,5,0,24.60837779929154,4.947535656116024,1.660715158854609,27.18653739813799,6.285152895161159,1.587466249332284
379,5,0,23.16829191001591,4.683112800404156,1.549648774332832,24.41656136578857,6.054898823780401,1.538757180232498
380,5,0,23.04681989529859,4.662000635403062,1.366015611277069,24.1837429260373,5.717101164343907,1.140809290690915
381,5,0,22.63620300616007,4.636479968266006,1.561528161944135,23.1499376598249,5.81489467855133,1.278755821545946
382,5,0,20.32765263742681,4.423718020788654,1.67115691257239,23.23645321370035,5.599084519876071,1.490475704054496
383,5,0,20.84284610375786,4.501426860427708,1.691515978254443,20.41250355961708,5.5722181300104,1.632501849904893
384,5,0,23.39336530205209,4.65313170805687,1.470570755612834,23.91770203972026,5.391928093153254,1.166611116848441
385,5,0,20.30045054678204,4.373299737337913,1.348298859178977,21.77022570847691,5.448048639727832,.8422304978038614
386,5,0,21.64341255955437,4.493177047337962,1.584780243698638,22.62121587010177,5.679048903184639,1.673319315894372
387,5,0,19.3044573875016,4.264703704797264,1.603553218349237,21.6077251385581,5.254599637865653,1.338388648205516
388,5,0,19.85886367981521,4.216258105902495,1.389764288966066,23.84098629139558,5.373743322387996,1.084200407193438
389,5,0,23.44799967644679,4.724753819043315,1.505538614569478,24.45758868733489,5.969072441778212,1.309816521129424
390,5,0,22.04120092839668,4.619778543123664,1.51619643594799,23.7239209324927,5.932044253250479,1.386541098490283
391,5,0,21.12778462059942,4.516972155508667,1.704077722708483,21.64834312530426,5.741882974738652,1.760980902944093
392,5,0,20.79327092810122,4.632752437921947,1.425675727312946,22.18150987884394,5.900687816030384,1.246755607942224
393,5,0,21.96756360408682,4.532342945597183,1.669395577608594,23.21087055906539,5.505834980800407,1.718888685370183
394,5,0,21.08618775002061,4.582460017509934,1.568862845960306,22.74378191161765,5.574911518718451,1.329143024252871
395,5,0,20.1422016644345,4.536333407244586,1.657322965540962,21.8802803758916,5.702534922916036,1.803011684409612
396,5,0,21.56010922888393,4.494396362517236,1.456809470123218,20.98452549515232,5.457814283547777,1.309025410095177
397,5,0,19.0285095234498,4.226347003935046,1.498512888914656,21.22055342400467,5.577355139956945,1.247841187899951
398,5,0,20.29337151384724,4.283904737294741,1.592157208712466,21.32887134607498,5.544842630458968,1.315876213101758
399,5,1,22.5359568498038,4.558349508527162,1.456281351455816,25.03084893941435,5.742290600321608,1.165493194970817
400,5,0,21.82878442172387,4.580733748759395,1.432884396403285,22.46824328712722,5.611491995129365,1.123547646479907
401,5,0,22.10670572603143,4.514234931853713,1.51663363400329,21.79116965616864,5.390767876964095,1.341109663703871
402,5,0,23.15547191391173,4.650714878295347,1.525698541634598,27.0818701818047,5.808474065554283,1.431612123375165
403,5,0,23.13794088478781,4.902857829070634,1.529237114022642,23.42624394836152,6.50866288071783,1.233189395386304
404,5,0,20.25376795228907,4.255916731104839,1.614358293457908,19.68208450434908,4.947906922034409,1.500731767424891
405,5,1,20.82058443910227,4.320629766674651,1.337889982730918,24.55621072775366,5.410174998552098,1.013089360743473
406,5,0,18.45533691454362,4.134773256029444,1.690947484925479,25.34229738291243,5.430026877548181,1.63563009192726
407,5,0,20.28051572694525,4.226557294873755,1.521537871811292,24.32520651096772,5.290955033411655,1.260896852616531
408,5,0,20.94145150636528,4.399921052629595,1.365663000044161,21.07793589617277,5.271160223562305,1.017403585455704
409,5,0,21.87362078131113,4.614699300249916,1.557497834262071,23.19579688076836,6.062285859738697,1.188050317514053
410,5,0,19.4768658054986,4.150205303312362,1.554335394180929,20.80259003353294,4.947736290636644,1.419694244257773
411,5,0,22.6157623242386,4.606566772287398,1.43108583255555,22.43488188695954,5.505490711023463,1.157851341271775
412,5,0,21.67545714087262,4.4777979215123,1.523937791157268,21.20997354858969,5.317066512064508,1.511382325022013
413,5,0,20.09089473384391,4.286995669956728,1.482902734340312,25.5116069113623,5.457611112424074,1.200790377558385
414,5,0,20.89083942583549,4.682951105345435,1.440838923387063,19.76989572687536,5.865060571420512,1.145160013865742
415,5,0,20.14185906408527,4.459928049794364,1.571290607662296,21.7810643133846,5.606222664114806,1.39156983202103
416,5,0,22.03717189597848,4.513200428250971,1.417523811615372,22.26489316123207,6.125544506707561,1.185073687137117
417,5,0,21.38503395979151,4.579329917299088,1.592055982970416,22.99793949187758,5.72649426517623,1.484963004541205
418,5,0,20.91794729371374,4.136516734025607,1.308251060959353,24.42395778985467,5.084196933236729,1.140350837413443
419,5,0,22.14165246577526,4.501318923737991,1.456745504582696,22.68483042161524,5.740684573345324,1.272201800099929
420,5,0,21.17173155826807,4.375904793575664,1.492483670582723,21.90973777355377,5.360323897979094,1.253043838963785
421,5,0,21.26363987491057,4.48796674835739,1.605089897533819,22.90924394834217,5.492384293345129,1.700627358796427
422,5,1,19.71652691035803,4.243755015287668,1.574220961073766,20.09905997218803,5.086568865950926,1.439246565322048
423,5,0,21.61274525005252,4.437526183798719,1.29988282591768,22.29471145797967,5.582043795677271,.7833304781619683
424,5,0,21.91313009076056,4.671265861416457,1.31653819082373,23.93512072519328,6.105062023152652,1.023817089982762
425,5,0,21.83166976090253,4.436277804960993,1.341634971156,24.88245425136202,5.361274890267035,1.086527618452706
426,5,0,21.94724468911795,4.736344470898167,1.547968845764618,24.0023691289065,6.139767856265882,1.289501767574522
427,5,0,18.47305627069584,4.053547738563737,1.422831280053667,18.93751883445862,4.620036936217345,1.027723476649694
428,5,0,21.79690301446168,4.612452195202343,1.508170646560235,21.36123854595879,5.369287959049585,1.369013648241594
429,5,0,19.37369248805692,4.205018577082356,1.522353416627137,21.20125950482132,5.339147790061946,1.38011796322192
430,5,0,21.67923586846684,4.549734078464644,1.481711220811679,22.01651301941451,5.912659382208529,1.266083701166099
431,5,0,21.44457001431836,4.524864260642828,1.437233104673174,21.54535612333645,5.73993925954789,1.208595315801141
432,5,0,18.89276899837029,4.10755395889874,1.321069002840115,19.6986396413694,4.89449262194451,1.011751907833939
433,5,0,22.01013432001236,4.651659086071086,1.477386612216897,22.82506628165775,6.299619527581554,1.196459508220133
434,5,0,20.90165596278558,4.3098463938402,1.654596293645696,19.614532795916,5.153689658737166,1.54369691813566
435,5,0,21.34951973861372,4.434955134926308,1.332209805943404,22.64454705764401,5.591297930259053,1.047936989364898
436,5,0,18.34809678689187,4.176560398436354,1.630110950901466,20.86535496260046,5.556653786845402,1.557056385617438
437,5,0,21.33310568567707,4.48632185054662,1.428296071939818,20.493370799065,5.600852591536476,1.150652474863799
438,5,0,20.11818544350182,4.280033438838158,1.602091957093387,19.40221991689011,5.313937783775853,1.691454757723504
439,5,0,20.04644321237704,4.365437136239322,1.387500237633209,19.72622648829357,5.087419684032819,.9746790822419901
440,5,0,21.67469215606065,4.564009999841428,1.574968280538988,22.22624507352865,5.662959621239328,1.39724767764614
441,5,0,19.17587094295546,4.143527934214195,1.598657841590538,21.28356801029752,5.054126955114895,1.33665231442235
442,5,0,21.74986877223564,4.495884434624692,1.331522288670102,23.32891579853112,5.75132782829616,1.038508816174276
443,5,0,21.22520336269698,4.542492569744212,1.547341241397829,24.57002733131539,5.956188987558513,1.437725972231924
444,5,0,21.22266771266058,4.59291879891422,1.469680174389365,20.97227231907092,5.9910729869593,1.249576524166093
445,5,0,22.29486725523918,4.641814388043619,1.580790553691472,23.03090908691909,5.965121013756878,1.469304545986221
446,5,0,22.57865602256544,4.602809946173117,1.357544030649917,23.98515749731213,6.130130755733708,1.198539660698621
447,5,0,24.81441213953224,5.004312718289741,1.509933026408462,26.13631260211642,6.207567114367772,1.161157623830671
448,5,0,22.14356580710037,4.526870112738975,1.473188141705205,23.29775983709875,5.62946299014719,1.436435347781464
449,5,0,22.15749825130954,4.616410914093413,1.314609974338441,22.76011131853171,5.609431532954375,1.022316868613786
450,5,0,21.82373200510337,4.461089875509877,1.417602692799932,21.80154842605189,5.885139771421652,.9388670448949279
451,5,0,20.27051017202193,4.458101298947766,1.455945312565828,23.1961134284205,5.404741207728038,1.286825184812544
452,5,0,22.73127117989397,4.789353806720106,1.451089426939171,26.22043662038861,6.055577592649601,1.043335706243867
453,5,0,19.32267634260716,4.243552762242575,1.600365442854968,21.70883174839617,5.504255376475423,1.420401011954538
454,5,0,20.08912161623432,4.262847790613495,1.407882544851834,21.92340591677379,5.64623239498031,1.142629713391358
455,5,0,21.69424085606392,4.644191654517245,1.453354010835922,22.46964066061323,5.865637849825045,1.149133650407033
456,5,0,21.89633205537319,4.491011212273411,1.43621399613553,24.30157890963082,5.716671855076106,1.186104937668553
457,5,0,21.9004037494132,4.591511196558141,1.403428484095076,23.2077237673533,6.034286647331273,1.390049794958715
458,5,0,22.44053866055817,4.693580568883342,1.423685315975264,25.03627186252089,6.160296590544808,1.201039323606868
459,5,0,24.54874939943208,4.828351442022452,1.344370787108122,28.13367122938183,6.368852951466287,1.023915882391084
460,5,0,22.02150936963312,4.621581372921614,1.638640851263895,22.09933357692788,5.784945402152299,1.610162249618977
461,5,0,21.19271189257244,4.61615538136592,1.720608216029025,23.88156103790804,5.802545246822982,1.8224806492473
462,5,0,21.14411574401998,4.393402123505594,1.416433018182211,19.50873295227265,5.418289547142744,1.281937825586531
463,5,0,19.82437483682172,4.305319925225413,1.482219523469265,23.11381673604524,5.487981357230802,1.216184093005291
464,5,0,24.64287056683635,5.022545767307943,1.548654640305265,26.59466828319712,6.148186377058773,1.413514077375887
465,5,0,21.70115909734889,4.652591574369907,1.560901416891513,23.30386644739436,6.028947242967586,1.324573806319161
466,5,0,23.01805427153395,4.722517040447468,1.372495533678256,24.03915839816462,5.608574350506141,1.050055483012765
467,5,0,20.64815698466158,4.448496852541925,1.46613782208875,23.20787955485815,5.572575696571439,1.319122856280381
468,5,0,24.24104791924469,4.785594030378637,1.401953593723805,24.38639254866834,6.112854810537188,1.165904119495999
469,5,0,22.65238454218675,4.612389683066757,1.477540243230631,24.71311278407659,6.040825240488162,1.170424026214527
470,5,0,21.34098280092448,4.549149692768921,1.565365011922437,22.31157294702474,5.501009652483923,1.354525951105386
471,5,0,21.19703441164533,4.489458198893969,1.574323715562946,22.91963599625941,5.890136461443414,1.455769366841209
472,5,0,22.55284029262864,4.539527609219975,1.339933145062017,24.69962493622614,5.598952442268445,.9408662836939624
473,5,0,18.71187720967121,4.176745420622606,1.71743309725124,21.91925754001404,5.330190105542733,1.776571100700595
474,5,0,20.1652101306781,4.337257566922363,1.451133661204157,21.52854384871764,5.117616109947913,1.292213907150197
475,5,0,21.16617760490035,4.367955883659424,1.4314576049289,22.77480927119515,5.368429771654153,1.288757768105305
476,5,0,21.64674074689637,4.544500949436944,1.539585968175583,24.66140555610085,6.020670817080648,1.384159812421205
477,5,0,21.73450635187118,4.640764743389912,1.615704719427307,23.86246561852671,6.00428633813824,1.621291549128812
478,5,0,23.18399737786144,4.788963861495929,1.509665636738688,25.89457004278486,6.626331289144981,1.41088737456806
479,5,0,21.50212465722697,4.688853516052729,1.692258113237249,22.54677910410209,5.837574917247457,1.728887551814528
480,5,0,22.11606584796209,4.697385368143246,1.677666832832082,22.77224133442929,6.023220687052792,1.575460678657091
481,5,0,18.72800245817962,4.237333851786253,1.675728442204715,20.94875683151871,5.460124803068442,1.636966848397774
482,5,0,22.56672551164706,4.721168587317166,1.45369429127758,21.98632422649096,5.732313354343811,1.334020601103856
483,5,0,21.61821826005657,4.590046073325166,1.595609250265525,22.86819904703477,5.810128547683623,1.583430644973738
484,5,0,20.80170061838175,4.549661045226023,1.385287657664816,20.65853980872582,5.510294931006713,1.238199980843528
485,5,0,20.37235844047787,4.537799532015015,1.656457048979533,22.66459548498155,5.708851296017833,1.55194480440187
486,5,0,20.3025383431329,4.362351419194454,1.442355600322599,20.95868670814093,5.548595939888449,1.200140035437061
487,5,0,23.19308511103924,4.784200946891728,1.607612999350554,26.45665070748235,6.280458113527643,1.426478417628236
488,5,0,20.83396818262127,4.607988131242778,1.52907474366392,21.57877289603136,6.101421977639486,1.326906231369269
489,5,0,20.94521771000201,4.277993997138888,1.406600767475289,25.14659149408487,5.472231580896057,1.126368424279094
490,5,0,21.22665555005256,4.466512962519144,1.43207746738618,22.08899745712884,5.437575059126625,1.274956725885139
491,5,0,21.05971365523734,4.618770971764573,1.677936641724906,20.03175956383472,5.838982209328993,1.716791182444104
492,5,0,19.51783698027977,4.504647016722988,1.734774963036112,20.84717267376349,5.915166689585711,1.879545524110295
493,5,0,19.73800248478194,4.291499956449132,1.609323429551278,20.86850286532284,5.491612749883493,1.420889256424752
494,5,0,22.97767226986821,4.756991331513933,1.384336298187718,25.30762399804165,6.037591259398838,1.1976515135865
495,5,0,22.02792740423602,4.743986497242882,1.711103549927797,23.73334249563148,6.460471371095929,1.563982612878165
496,5,1,20.83159814335637,4.613459498125794,1.469555942017573,21.47086433600182,5.992480424859616,1.250481857031926
497,5,0,22.8941234521043,4.623395511094934,1.468933048554011,24.41665803426455,5.915379495099845,1.244911765574349
498,5,0,20.70665961291964,4.554060946610119,1.436677239522801,21.09883660465265,5.482064503318946,.9826052757371756
499,5,0,21.08706486456691,4.275762059790283,1.412996235678022,22.74756305824083,5.583027618885397,1.330473993140254
500,5,0,19.86167450067366,4.329525422064957,1.496305017912216,20.06048087562893,5.670867153680208,1.075548619524313
501,5,0,21.749788367381,4.424933621535938,1.432295202246369,22.55399108026376,5.414610989280725,.9369186771982332
502,5,0,21.1285853720092,4.485804634830935,1.395835384524063,21.47526532849128,5.562183069185787,1.041570829252318
503,5,0,21.94467226373231,4.711269413188966,1.531503847027502,24.26571925561658,6.325531287259294,1.382278956725529
504,5,0,19.58901813406032,4.331427750413702,1.718595631902063,20.84904381109078,5.645683916874781,1.652045936920041
505,5,0,20.96567982010167,4.227657526445626,1.421073876941642,22.40509244163315,5.348195544489799,1.057285884973686
506,5,0,23.05458146552473,4.791558062157227,1.423636488149676,23.49315509766528,6.116424022349596,1.152920597830835
507,5,0,18.68814166518688,4.28142338253887,1.489697511686303,20.76193388530799,5.229400499173229,1.29736580613949
508,5,0,20.95550223296566,4.40568728469676,1.464438004942556,21.35274611636559,5.234073142385396,1.18753794851782
509,5,0,24.27467493561435,4.904320699676614,1.498882679642472,24.37625704563389,6.288462398481898,1.41770335008477
510,5,0,22.7187329504434,4.68938277638384,1.531401687273058,22.44358800255972,5.70319526066286,1.539066982175097
511,5,0,19.84710793777746,4.189179389045478,1.653469410899895,19.22449835887684,4.570237160876764,1.839113555064456
512,5,0,18.57847035410077,4.315448472208843,1.53228899659226,23.21405301454222,5.749113032062324,1.441345487399078
513,5,0,21.59769428532613,4.454810127800811,1.350226481900395,24.30795580070104,5.82000084181459,.8104536727725409
514,5,0,22.19134200878773,4.725138043977284,1.528039897279885,22.63055841354824,5.971895035557942,1.292129577184101
515,5,0,21.68205140744744,4.504119064407413,1.632320877440419,22.93616600308135,5.732526911979456,1.37012607567171
516,5,0,19.30605714876598,4.273768969744497,1.442188254672124,20.86585150773275,5.323171031935603,1.34555267911139
517,5,0,24.21582659814034,4.909059425660582,1.426087382859179,26.13569623140998,6.502228557123495,.9788049716242875
518,5,0,21.58133054125195,4.566076228862657,1.472408398186773,22.58524199096318,5.757342376779539,1.175689129291227
519,5,0,19.68819886248839,4.270365469758229,1.353985117329612,21.90684962330075,5.518439114777943,.9063845010841005
520,5,0,20.45160771058547,4.469216234450708,1.665319831710421,24.26913243119146,5.813225229038302,1.569865631652952
521,5,1,18.36211262195346,4.383648156429531,1.55044647128704,23.25577263261032,5.87008178891702,1.358103677068634
522,5,0,23.21036781987121,4.732780444572082,1.64636190372627,22.82571904980372,5.639072715165091,1.513493657841205
523,5,0,24.35225822235402,4.77446499895059,1.324477826437226,25.4873806150731,6.251020173033238,.9728655852992047
524,5,1,20.30099160923368,4.345247857073955,1.421026422406949,20.35903323672002,5.420407404067903,1.154044879148779
525,5,0,23.11725716423229,4.752293134432216,1.434384040991255,25.83048530429322,6.037202450568977,1.078439028346544
526,5,0,21.63783709591091,4.380194009555728,1.52764877612587,23.29202033763849,4.992878864607037,1.3321834201743
527,5,0,20.53065235445507,4.546915080487148,1.566817210413555,20.90989554306706,5.732626562155246,1.460797899294745
528,5,0,21.06899978294003,4.382494890132042,1.470419839266926,23.35717377336039,5.369037831441878,1.311859467536851
529,5,0,19.68043805182513,4.376664713685265,1.482137061433213,21.38632231435777,5.695296155933459,1.213140252113236
530,5,0,21.32819321085806,4.46580321214981,1.559072992272587,23.79095848522618,5.798959996429072,1.480261663404838
531,5,0,24.10598346611053,4.729196991844042,1.467464402854415,25.77932870588343,6.315423845708604,1.159680392178218
532,5,0,18.47761811941879,4.144003447670638,1.580186196321967,19.18296459514314,5.373453465416561,1.308568928540771
533,5,0,19.13029226781741,4.101397828741494,1.454967489132505,20.96247146427857,4.851472241648922,1.112671614105204
534,5,0,24.1301738336969,4.677467093497077,1.409786827813153,23.7458949721247,5.609019073933451,1.104415478068068
535,5,0,22.67572161707658,4.563472823923625,1.506822616091617,23.86659829471784,5.738552104136162,1.065714448632805
536,5,0,21.2561518351662,4.616600770164425,1.32467681813049,21.61085218772052,5.597854378433682,.9294129631203737
537,5,0,21.69663847165016,4.552149103544235,1.482082896666315,22.66120424988843,5.607970066355049,1.203912770073751
538,5,0,19.75918745638407,4.351408291250577,1.48764270246668,20.29029797932248,5.208504782260685,1.202898379100514
539,5,0,21.04209993693523,4.392007912376403,1.478750703667268,21.81923958571502,5.294425222003913,1.374820873259099
540,5,0,21.15167227260291,4.345841082579482,1.365844506443283,21.19185347592332,5.341598079397918,1.205182670403274
541,5,0,21.70883728252849,4.464234166509418,1.406282259191737,23.47999692392204,5.408175762622679,1.179791972200197
542,5,0,19.9996956483097,4.346688336970038,1.387794135286647,21.20021751511991,5.533158169230135,.929635302653426
543,5,0,24.86936831498742,4.993423457643447,1.517241896566692,27.6606734658586,6.560877038783984,1.367222295730828
544,5,0,23.22878686084326,4.819168807560458,1.454822671915153,24.68408887080426,6.327751132525977,1.182869172949498
545,5,1,21.10002644567136,4.208624373342662,1.384216296598272,22.28192231898099,5.184192343334812,1.221231769918141
546,5,0,19.21131445250189,4.1349387000942,1.400794287454015,20.36990229535444,4.974438065704066,1.027704204563679
547,5,0,21.93918330090393,4.544434851154139,1.270976731065994,23.18813804220158,5.932427639324257,.7604026402954351
548,5,0,19.79649525462607,4.296188006088583,1.515776942496857,22.75920419363552,5.404455791133896,1.482294269649968
549,5,0,21.92931217574942,4.430534152228452,1.490029807022918,22.73500263384278,5.448312130780201,1.451219488385808
550,5,0,21.49157151653802,4.437016618853871,1.455510463632045,22.01380667436963,5.672351699412549,1.110432494608875
551,5,0,21.84202015611846,4.489450153751865,1.352986959525751,21.70086863335693,5.848505663096818,.8991356663556132
552,5,0,21.608369764906,4.295200903838374,1.464691150919736,22.64833648846527,5.45070261072487,1.258527357858073
553,5,0,20.70310462622442,4.542983560224593,1.740270841754691,23.85253507993626,5.875210190853198,1.746366070394326
554,5,0,18.63949396235259,4.166456819030715,1.52590994618803,20.63254733590583,4.873371582052451,1.440727723497304
555,5,1,20.83436923595403,4.506887834757354,1.410900003275309,21.07370340411103,5.710715192992406,1.070207971846568
556,5,0,18.72462998585562,4.288435455580385,1.528893928972781,22.80374864374753,5.716485845723327,1.277265319569009
557,5,0,21.49463628270855,4.408891017332753,1.577170860989114,22.04297019823587,5.443099415541094,1.491901657613364
558,5,0,20.90278856684428,4.38480615676678,1.424245242781558,20.58946271839936,5.438217010905333,1.093624290037517
559,5,0,21.39790445361724,4.390105847840705,1.421325424862545,22.84040309031865,5.190221004198976,1.247599228148169
560,5,0,23.35779684868371,4.829139997191355,1.557236484105485,23.56758785695615,6.168945481288182,1.406519412272134
561,5,0,21.65655134305756,4.680798864501357,1.618693016383129,22.16405485375773,6.050955741402925,1.55832881214628
562,5,0,19.60211233011472,4.203123739120339,1.518111678318838,20.25962454063374,4.876485354854345,1.308129211342599
563,5,0,21.81539007798307,4.56686152566752,1.516607614191981,23.10350207663442,5.502434025091429,1.231834261363194
564,5,0,23.04112956355156,4.617334835280156,1.417080803896995,25.1542061950287,5.993467987245466,1.156232696871892
565,5,0,21.37953365151854,4.322715548621913,1.489485250204597,22.8258346051413,5.436874514469742,1.420244445122085
566,5,0,22.14454858444877,4.641702821964134,1.561146385299364,22.61316499309874,5.632495534184534,1.597782800643804
567,5,0,21.89414790871433,4.595348394133982,1.394780269839435,24.15877180526179,5.985019751166603,1.103952421270313
568,5,0,22.17764776155392,4.542074430814695,1.470768188540176,23.2910248714953,5.748752811282173,1.198157793763076
569,5,0,23.61974342667236,5.010365608808494,1.565622358361082,25.11176430153611,6.615559683074427,1.586453563060957
570,5,0,20.86336444971207,4.492451202115243,1.364884033652876,22.40707973918649,5.804420982464483,1.060625910371158
571,5,0,23.01754282552588,4.587486309878933,1.540274984006291,24.74871010093991,5.791284916503517,1.287238033696175
572,5,0,19.41054882854955,4.262020364648549,1.563775118115013,21.16395972262,5.208987164105975,1.405011870408269
573,5,0,21.85596406922537,4.643213059004845,1.423958291359414,21.27158451613789,5.688906764980128,1.301240479761742
574,5,0,21.90179250607332,4.529268101686138,1.498860390036051,21.97460716920421,5.531337108781547,1.206866751718099
575,5,0,22.75857981447584,4.844238689181386,1.589846970802466,23.03169723547141,6.119868564995704,1.471828611014016
576,5,0,20.07071230341766,4.364349775310539,1.482153293176348,22.56439138239005,5.396571524547676,1.20971102963922
577,5,0,22.11366961499476,4.625031218664656,1.535411826026125,22.53555244572642,5.651662848806746,1.382855173633912
578,5,0,21.74019469169082,4.445688826245763,1.457718143287912,23.54254952676936,5.438634033626983,1.37711332383097
579,5,0,22.18814104671424,4.820457106849199,1.599748002277644,24.73861496709733,6.730060293612807,1.473449852221218
580,5,0,19.9468258819128,4.193695238398857,1.475600450183057,19.58817481782778,5.083019940871815,1.421097730586473
581,5,0,23.42173606449216,4.812026379817631,1.416189443789788,25.29741831450226,5.860581596096582,.9956367265116601
582,5,0,20.68822333032183,4.372546717681598,1.647584126404289,22.4774752101486,5.495182152654474,1.560580407005683
583,5,0,21.44996709668496,4.543133711998676,1.460122984218762,21.42379293675549,5.5423003488658,1.281672546385298
584,5,0,19.73610375182636,4.283800956660968,1.386791150340367,22.12976594128566,5.46941161879449,1.10592673112221
585,5,0,19.77305790339224,4.348868371178564,1.504290703225644,22.26348525584276,5.641519097478418,1.241049568456661
586,5,0,22.03770280710489,4.578901809405015,1.39776635459431,21.97698877355139,5.696914902124793,1.104755717391756
587,5,0,21.21452907265281,4.36179993020244,1.38134555250285,23.19662301444264,5.372000334945488,1.030187048876307
588,5,0,21.79357913673484,4.552159308478518,1.592262937281241,23.02190856527157,5.771645942389959,1.427352563926205
589,5,0,20.87749964559943,4.530838630245675,1.761875185056205,21.43260647918681,5.878154075751712,1.923634148629004
590,5,0,23.02548073372278,4.761919188721397,1.374967400446266,25.05493600547282,6.104219125561782,.9734368311110346
591,5,0,21.49222464114072,4.712500870083671,1.555494851380968,23.00942716791502,5.989986635834568,1.377942560039654
592,5,0,21.53424362273798,4.473342937690926,1.450610537182533,22.5992482256866,5.463319502237534,1.190489170643531
593,5,0,22.45209034580035,4.533972909224777,1.380627033315032,24.00276184362962,5.609362825645595,1.133115751167858
594,5,0,20.68940199532891,4.579099266744234,1.51807148174719,21.13303545468776,6.147306501442737,1.45040721620064
595,5,0,20.51908818152664,4.352450170839794,1.354109911109192,22.59682583041563,5.625167814525482,.92830096455156
596,5,0,19.70581929462555,4.301277007373247,1.525262010181235,22.34920390953349,5.468694271098167,1.232163022502097
597,5,0,21.0084319528604,4.570368811855329,1.56575808136778,20.89098135509467,5.834973267514966,1.484959550658173
598,5,0,20.99385257820287,4.523014416101902,1.660639051297735,20.51515177329983,5.550996199408769,1.61670090796659
599,5,0,20.00920870877112,4.163805547662149,1.436846211807707,19.20163860899125,4.84212861439372,.9939672817768769
600,5,0,21.4006562307788,4.471227727658308,1.396008233384587,20.4249015742616,5.756348651456958,1.145772443814674
601,5,0,22.10947176057126,4.61682374001997,1.65416084447315,22.73601857779071,5.707674338054443,1.720196338650813
602,5,0,22.31904290951325,4.647962787796065,1.507403480941082,22.97367398684722,5.734407073612898,1.268026813672602
603,5,1,22.95175680291695,4.732413872162632,1.49791736804792,22.90224575239004,6.248177732104269,1.155618503574633
604,5,0,22.92757624679201,4.822676269881427,1.590395484627756,21.88463971156687,5.762780998001263,1.487072320380587
605,5,0,19.52242138824016,4.332382702640124,1.429520065965281,22.18094946082385,5.720613618845951,1.101115910954791
606,5,0,18.30982897088005,4.150530989539596,1.55376035876736,21.60511104145492,4.960738968402021,1.438252030076563
607,5,0,19.1382979870669,3.974400470467944,1.474434337714414,19.64782749272034,5.270269632402894,1.171201816520969
608,5,0,20.96049554706351,4.474160059137836,1.428411306827423,22.55574579764679,5.890394339273499,1.117972140593417
609,5,0,21.5182294603208,4.47893973179397,1.440651733803824,22.11977014758926,5.496890859731358,1.239498236635917
610,5,0,19.95954015808156,4.365005233197288,1.40552832226935,22.09765061110403,5.394995376972277,1.195125047906956
611,5,0,19.52564853235522,4.326143689158299,1.608842780185271,21.33538550599845,5.132529582877368,1.598268520940658
612,5,0,20.0337964956815,4.352122721414736,1.466584841518861,21.38430192072825,5.28061138245199,1.23374819542356
613,5,0,21.62357944887816,4.393471978029448,1.410018316720096,22.41645918300352,5.305296284020411,1.23675352258713
614,5,0,21.52094130146189,4.478817740293422,1.580881652176167,22.87389057668154,5.616657643930938,1.361787915967867
615,5,0,19.30334650548767,4.243455693937176,1.543525619160603,20.62810367619725,5.324573503574204,1.466172972453314
616,5,0,19.98034293975703,4.453830301389683,1.568743079786346,21.46753444757767,5.501252519380176,1.440318255103952
617,5,0,20.31649676699234,4.384497509444926,1.477552976371638,22.82088786122618,5.513246694874484,1.211939715526697
618,5,0,21.48503396613585,4.510050257791741,1.392869559207548,21.88018197200304,5.37385294131222,1.179870398390821
619,5,0,22.81636742248224,4.808846170786621,1.532542015580938,23.66164662874599,6.029567392420807,1.415795393956672
620,5,0,22.1097060922502,4.61669206764082,1.677065374291804,23.18794884343203,5.608664628195616,1.610397735870272
621,5,0,22.64700891497927,4.608241248029645,1.498432576901048,22.91187562554772,5.708776645547336,1.323656612131183
622,5,0,20.63203642490667,4.425939792932994,1.56801166582788,22.74189995898696,5.295632109631177,1.507499482974362
623,5,0,22.7397296690733,4.654931114342184,1.48370563858179,23.1452205225489,5.967545141561895,1.241090938640244
624,5,0,22.23689828631166,4.575860373254843,1.239560062643989,21.77488429488563,5.408362249123086,.7562219356004108
625,5,0,21.44878946792189,4.57697780145803,1.422703966588255,22.64872640275136,5.936788821733919,1.275868012455275
626,5,0,18.59898611775895,4.217281554173852,1.521780010847164,19.42549371542798,5.232198823032665,1.322621949468391
627,5,0,22.57834158793444,4.634479488795523,1.415296950956588,23.48967492958856,5.716867156137488,1.081067052222992
628,5,0,21.88586025827276,4.56296890646849,1.378860445788235,22.87411249784106,5.610337147289128,1.229416324397516
629,5,0,20.98768080665423,4.438583078614375,1.478637611274198,23.7056852509603,6.019432729500994,1.314357334033187
630,5,0,21.01963766989142,4.470768650304968,1.328788079639183,23.67529054376196,5.582301848211553,.8756154871372619
631,5,0,20.9488080819072,4.507102578716895,1.564384411583451,21.61242722449611,5.832356575381745,1.311630371086222
632,5,0,22.55390317446526,4.690487835164562,1.529535640220857,24.05547436647623,5.871986289414714,1.356283907589557
633,5,0,21.33967852942904,4.486527374927053,1.430292279780917,23.36571227150582,5.489402281830515,1.054727789772883
634,5,0,18.94792996448118,3.968892734357075,1.313763471023028,19.35968457149742,4.9555506366902,.7889720912195982
635,5,0,20.7968949744205,4.40009474371194,1.664628107294134,22.406191408967,5.68332972999179,1.589708722704608
636,5,0,20.47025254849666,4.293175389982925,1.389034901834087,20.9709774226821,5.13658376252537,1.143802974052777
637,5,0,21.91653464223909,4.433929965416118,1.360388935718812,21.83762027603677,5.421262777992022,.9801255803245655
638,5,0,19.75062289863896,4.403017914141298,1.50060309836252,20.17347082164161,5.528344187863187,1.2972372798412
639,5,0,20.65152923355473,4.521962699362709,1.517931481922918,21.87975255364668,5.74159294200401,1.271207696055104
640,5,0,22.53475484406641,4.780790657861906,1.475201252123493,23.14597061149363,6.248815094844192,1.151366403576314
641,5,0,21.20776181444145,4.566872966416748,1.551830400167043,23.9702014220733,5.738111838600614,1.410529255118577
642,5,0,21.93553666598486,4.658283459276332,1.457575726976959,23.65390845581525,5.891961272497495,1.156855893118015
643,5,0,22.9657465508435,4.710938606749893,1.408873546966598,25.47266965162389,6.192945842536808,1.117084640046441
644,5,0,21.80693764714262,4.625111437092131,1.50501772513592,21.92216189015161,6.178326701078742,1.346722340208663
645,5,0,21.2889721686397,4.701185586438626,1.510581677715112,23.48152755180329,5.86691742418915,1.331027222740808
646,5,0,22.1514185438049,4.60130502505547,1.541901351690843,22.14851226278977,5.751798012969265,1.533820302469746
647,5,0,22.34698059367448,4.659054984911405,1.486744303068651,25.36265335476643,5.990506877621843,1.254371454917174
648,5,0,22.62135646124068,4.558083265869405,1.535654956287766,22.36020559968332,5.423826450392564,1.247517379695054
649,5,0,21.54992328942126,4.625330386192753,1.620593084779366,21.85260325090071,5.693969641064879,1.516605615071462
650,5,0,20.87735374549175,4.563506588299828,1.459449973025049,20.74705477747671,5.84444325629698,1.445863893378979
651,5,0,21.4463112272715,4.608040280927149,1.542542888393317,22.34380001426648,5.700476079519335,1.249297671111715
652,5,0,23.43146899912275,4.769012310744104,1.531454882027067,24.87971488818998,6.105865163294377,1.532929721789849
653,5,0,22.32346755532038,4.902905881209812,1.679210312508028,23.29512653839055,6.341855845481216,1.605880127800319
654,5,0,20.69085175214362,4.588842130171428,1.561125782418102,22.30607663759078,5.941135077158013,1.493487138882085
655,5,0,21.81585749518953,4.439220663678745,1.366520712408332,22.52680098245883,5.235194344097843,1.078698898263019
656,5,0,21.52722642752174,4.556192772476551,1.621748594707774,23.07167598848959,5.860769437949446,1.484732023654489
657,5,0,23.11927172164414,4.580775535237033,1.60486112161862,26.17157801064664,5.792287035426145,1.737481577616604
658,5,1,20.30530935192821,4.294939918588788,1.600713166140584,21.02334198894639,5.550498730041206,1.607300466737387
659,5,0,21.8913758507211,4.573360671904457,1.473626604270636,24.22863774912519,6.045260489793948,1.401165809137095
660,5,0,21.95134926592731,4.456840204301255,1.525770882441789,22.78734388786932,5.526538126983925,1.358000092591692
661,5,0,20.88466479363981,4.439686167824396,1.462916447047106,23.30339056169615,5.502568930331909,1.20943808903582
662,5,0,22.02431901712588,4.648947049031044,1.495578504748035,22.86845163479362,5.944686958483893,1.230591906712053
663,5,0,20.23854486743286,4.402889843964216,1.516942943050528,21.08997678408091,5.215438292262784,1.40459452115883
664,5,0,20.802471119883,4.280669507206484,1.492848913409772,21.31692505441685,5.007495484981863,1.362938808598695
665,5,0,21.97245509810114,4.525386216287536,1.407577137638449,22.21846839258402,5.746583578381895,1.18276212092561
666,5,0,21.88098144213894,4.480343742632118,1.472195215028641,22.49927490661007,5.518505822902657,1.048443281797569
667,5,0,20.16508226979405,4.360338867371424,1.485953183933788,21.07491060144451,5.392464849107824,1.027793701101043
668,5,0,20.85787480619954,4.310327274945268,1.464983513438546,24.47241604874175,5.592862495153415,1.172473316695565
669,5,0,19.66784720965818,4.34149903372579,1.536659180567201,22.35593168675298,5.301769469249224,1.457970450707955
670,5,0,20.73359639509565,4.337137401660031,1.463507642598797,22.18843559538184,5.459597830579664,1.154644599835356
671,5,0,22.55438834471288,4.755329274625816,1.54684237591072,23.3648809548571,6.048094476423712,1.453918233300163
672,5,0,19.5141467387019,4.286627075096465,1.546096025855608,21.34090053916799,5.345257067195723,1.555337462756318
673,5,0,20.04697320106812,4.444121447797703,1.565175987943967,22.51506227578641,5.476730366312226,1.43913483428599
674,5,0,22.20040500556425,4.659659357244226,1.530506861840595,24.98880997260252,6.003326490207743,1.239043741736402
675,5,0,23.77994913911587,4.714873615012546,1.283190433648755,24.79687691057831,5.798164774236144,.9994437176541081
676,5,0,19.459127288564,4.320209371692543,1.441661249876975,20.00573296290652,5.674076782769005,1.109657793761175
677,5,0,22.88712343388573,4.623296506968328,1.530227847966394,25.36983281229916,5.913792823310899,1.411100852702574
678,5,0,20.94904361893739,4.554566859987268,1.578622065714298,23.24390478821965,5.599963601984006,1.492496514844889
679,5,0,18.39584140471992,4.146651985111688,1.556358357092424,22.4298864538776,5.232875868881337,1.308892942741755
680,5,0,22.31065916785534,4.689810273914713,1.471511724802602,23.70382299606443,6.233725011621067,1.23259621468711
681,5,0,19.56092389688547,4.231749784333694,1.590603282141787,22.18463407510297,5.396320085246616,1.566700662430257
682,5,0,22.71320240050822,4.640316585376166,1.393413517599787,24.79339534454937,6.033827345816523,.9938505321225685
683,5,0,21.07352821917638,4.409199550615992,1.601733843325935,21.78809869891908,5.704477513636809,1.394727607222184
684,5,0,20.97985622893002,4.58323634408503,1.537858556576371,23.07551449594099,5.742983831376652,1.514056063494816
685,5,0,22.34416802774615,4.551523179161993,1.445063113146011,24.623800321633,5.931004260073954,1.197189837220113
686,5,0,20.54441457608035,4.274701059695841,1.23555462029754,22.75134113943532,5.387126130842752,.8307876257721358
687,5,0,20.84933024673339,4.446641500278533,1.431061572332064,23.55511193754435,5.541629510731243,1.319386549058736
688,5,0,18.60063299286216,4.186126896447518,1.600324351618778,21.72313382416385,5.285899794407324,1.679529717882817
689,5,0,21.02465276999776,4.473460415283723,1.602046470487979,20.26970623541824,5.386071910048218,1.544929770642909
690,5,0,21.88658553650628,4.609407112377807,1.46609393293216,23.99594791730329,6.11862503238003,1.244763146341507
691,5,0,20.74235931831365,4.297926129454255,1.349839338631308,25.33126337433673,5.435522098729027,1.11246044407551
692,5,0,19.38261465073224,4.341911822730639,1.554627036812365,21.2199566739904,5.456084785033331,1.163916713273423
693,5,0,20.98723479939764,4.471632972390521,1.438068418304291,20.55144242133039,5.416501667584538,1.240412910784976
694,5,0,20.35419759220044,4.30914345113516,1.459420589641728,22.16615499984873,5.592107802249163,1.360855249651883
695,5,0,21.96268590281017,4.650946906863965,1.573380129249907,22.7277807546192,5.830969825828745,1.36943680396318
696,5,0,22.15729787358505,4.655465243192197,1.527338524618725,23.34985786544702,5.826860476322893,1.351434739009288
697,5,0,21.96494609385872,4.720642838503315,1.623089769082887,23.19143145766868,5.896755785681704,1.585418253720824
698,5,0,19.81854064551915,4.349799755453067,1.674623180426672,21.37244399076808,5.613483359829378,1.624393763376957
699,5,0,21.48036997343701,4.552476696296176,1.363629145347014,24.00071417668339,5.883681433180624,1.209896757048311
700,5,0,19.96493643594294,4.483940997045316,1.498537761864,23.23217653246596,5.996763385701527,1.406833437683319
701,5,0,21.98481361959767,4.532964140474249,1.390920676608863,24.32350690975239,5.731203856829328,1.104359576791964
702,5,0,20.72042711465931,4.416883573688613,1.549589824056298,22.8302760253314,5.626968435595406,1.415093206703541
703,5,0,22.73364889961436,4.785251363408598,1.604396776544167,26.6128708865187,6.253594497104473,1.549472538700382
704,5,0,22.34875735077157,4.616204034382521,1.342113653862222,24.14280185223814,5.735194713649697,.9466890666138288
705,5,0,21.66431305474983,4.346736486140536,1.43936946256463,22.44173717099548,5.476424766447495,1.224199094786468
706,5,0,22.26653223387867,4.548599710033435,1.382424111814704,23.95872951150719,5.476822619959997,1.043852191523358
707,5,0,21.11647081950218,4.387689114093682,1.681019611712948,22.20178421257337,5.315146532050065,1.570078766088099
708,5,0,21.80902129438541,4.563995215486182,1.468359471999522,22.33608395802383,5.677114079251952,1.253985456357721
709,5,0,21.62591669459257,4.547413522747754,1.611100177267752,24.94009127554989,5.703056406933131,1.543668289596926
710,5,0,20.62192750176932,4.43807991000101,1.547681964995886,22.54961180135864,5.537732448006166,1.465676289291648
711,5,0,24.27931718514623,4.725961644574955,1.483929288336933,27.37869615632724,6.025191002561039,1.299277714708519
712,5,0,21.75997248948824,4.49851432449973,1.494493565619715,21.85112083267098,5.289938798366092,1.217455147027743
713,5,0,22.73928997467129,4.746470207038661,1.48893008245398,24.10075807823605,6.327037371198721,1.462807515943094
714,5,0,20.72852871076503,4.498016854926057,1.475120539647122,22.08483220292418,5.734819263085037,1.263247485645795
715,5,0,19.72401276095104,4.28641629149213,1.436912521210539,21.6436807921901,5.124645130675383,1.057874974666192
716,5,0,23.37473534927967,4.754678111887683,1.505353700501081,25.30264115935156,6.158445211731773,1.25354157855322
717,5,1,18.94440111560927,4.190786613129167,1.487186842943671,20.56925833672477,5.056015322108799,1.200793920881926
718,5,0,20.07700630990526,4.466976987784952,1.417988150180308,20.36783188694026,5.673255283830023,1.262196114828691
719,5,0,20.49593249306573,4.305574759214996,1.414482030721148,22.68556099576463,5.697857575882477,1.254445533322587
720,5,0,21.95974608148785,4.707341953922586,1.615388235088433,23.29330809234257,6.236431211039473,1.598663688256703
721,5,0,21.80731460834227,4.570469134595915,1.529586462044493,22.13595586081507,5.660879248815728,1.353059725090305
722,5,0,22.0365989459453,4.563130162089899,1.401211721382285,22.68601174701379,5.85873160571872,1.155658436297621
723,5,0,20.52216612020103,4.470677719265785,1.721840821149758,21.92099039955424,5.593106154226391,1.700505733936577
724,5,1,20.2978386133099,4.424413588963708,1.53167762210754,23.40568118104649,5.532172302139449,1.268399843810814
725,5,0,20.07366038734494,4.581916258227853,1.517455004520745,23.27794861762393,5.874539795915875,1.355704916780397
726,5,0,23.17246990807279,4.807640199280628,1.605246234952969,24.46620825443243,6.214889596049133,1.51056174817162
727,5,0,20.64745638807015,4.429662577425418,1.766403716757676,20.2934858619413,5.52333413707667,1.674536235821394
728,5,0,19.94082737574476,4.210743362562225,1.488445073488731,21.19903258485882,5.290960918573986,1.207734853685094
729,5,0,20.13071564819911,4.43830452872368,1.548981868617919,18.87118706141237,5.400978358161626,1.344916794309907
730,5,0,23.39689018336497,4.805602649906392,1.417678594971649,23.80881917006053,5.795930665960425,1.000692991897745
731,5,0,22.7145030523451,4.84182566401866,1.518042233640275,25.33062752952559,6.309420438093802,1.343091425460767
732,5,0,22.43832610719808,4.614589336689423,1.31562709387119,25.82227101867469,5.996585878833306,.8732115103155312
733,5,0,21.24339714066608,4.610216701010828,1.4431961858597,23.17754310339659,5.655241414701499,1.216892873051244
734,5,0,19.79096856919456,4.290550519212602,1.527023109616285,22.46817561117983,5.575105722781339,1.337175724329154
735,5,0,22.03550216253397,4.559695974220665,1.559262009536357,22.87384203498171,5.581967055062792,1.392409953492832
736,5,0,20.77913713397182,4.517800791460266,1.358815733202168,21.44309078218129,5.734537052983623,1.02601743307382
737,5,0,20.78598482360589,4.479362535329277,1.638737839928492,20.77196609642075,5.574140663580363,1.505226731610236
738,5,0,21.85960344267072,4.311168154568446,1.394047919158202,20.68229674083473,5.167042008069339,1.0776462970582
739,5,0,18.21826502677094,4.249633467218986,1.590873229387297,19.55293467980651,5.702523594698377,1.610977061945792
740,5,0,22.1142806770006,4.623991639162035,1.621833025960326,24.8290428756479,5.96790641679083,1.591213650765273
741,5,0,19.21424450251854,4.274148698050774,1.651565697037797,23.37032279562506,5.449177237921651,1.619758891421203
742,5,0,21.50161306447907,4.517047566450317,1.327099720649796,23.38797294658217,5.813638610478693,.9472757651175659
743,5,0,20.26501307769295,4.305734202483015,1.468384808360782,22.75164530303093,5.661292083351108,1.174169560949278
744,5,0,21.71713231296426,4.559391450816592,1.491116600429501,22.84027750111038,5.593105227664692,1.18120853223757
745,5,0,23.17235657460255,4.610184139998307,1.327570408986996,23.60927956400475,5.721946798896087,1.008768799109785
746,5,0,20.47243564855582,4.317289479052328,1.438200489468295,23.24852591167899,5.472529854210564,1.369277143448779
747,5,0,20.74519934606387,4.410825304586825,1.421630949735112,22.93761713940343,5.457748657353821,1.043926384605844
748,5,0,21.78936620018534,4.684951352084529,1.595776673576928,21.9951814413868,5.836205180418699,1.676467810869307
749,5,0,20.25881727620957,4.403881284003976,1.559188776144675,19.45004025227081,5.731029415227635,1.61354624832042
750,5,0,22.27281389540645,4.516793232708634,1.559599003045975,23.57181634306982,5.808777341441187,1.309086494195831
751,5,0,19.24398041676445,4.289019867660312,1.62326094235346,22.42633026347659,5.079953214863425,1.60795445475578
752,5,0,19.57181013966381,4.312971798402566,1.663166027954375,22.19918555561318,5.574880620498416,1.716405218923528
753,5,0,19.55763762851203,4.28578179975205,1.474952064660736,21.8781030552911,5.470583330866352,1.168846956769813
754,5,0,21.53459239616859,4.632259535100454,1.527041659211077,22.05407165438062,6.132610189650807,1.386741974588845
755,5,0,22.57349946771088,4.646153821353439,1.30593222014144,23.8707405073477,5.858543111868015,.9832295176927098
756,5,0,23.97048625579077,4.89385176990894,1.619156749876832,24.81855347201471,6.087726080002986,1.379711788408978
757,5,0,22.19282187955779,4.677262505762328,1.634208733705116,22.66737790189101,5.790100277904033,1.638331530208371
758,5,0,21.00391338172192,4.304213030359948,1.30562280027469,21.6199314863514,5.11415095508461,.9094629674529688
759,5,0,21.33692383530341,4.551621260182067,1.643118391963889,23.31879416321614,5.603154080134968,1.644678812841857
760,5,0,17.99190565037482,4.107306545210486,1.644537649034375,21.11881683685759,5.114567459688943,1.568802941837808
761,5,0,20.334605273562,4.27871133536517,1.522679941969399,21.67091568471056,5.257572630852948,1.511556246314333
762,5,0,22.97131709346007,4.683868842472626,1.54557564050995,23.80747457702751,6.003030161544323,1.482007882176929
763,5,0,20.10110515898414,4.290882365344062,1.559070239848676,18.69191294084418,5.161524041414626,1.492163752849497
764,5,0,20.06409222657989,4.378877785782294,1.503153718099222,22.09287897883022,5.525359392870631,1.507381943297849
765,5,0,20.34148778508116,4.362725409977477,1.558026677921901,20.13161729364914,5.301540570850546,1.272869323694518
766,5,0,23.86954976709176,4.970006688112828,1.556750902952269,25.34283840918663,6.171519653424997,1.331158848597758
767,5,0,20.63200667349854,4.613774618529164,1.531079350522243,23.88017233658675,5.364845461675737,1.432184288755537
768,5,0,21.50293669358846,4.430773046601512,1.542541947056586,24.17216287025078,5.543244369160357,1.367356979042295
769,5,0,24.28494420392604,4.971459777443914,1.534669730022546,26.33256073958056,6.52036678042758,1.357074843978393
770,5,0,21.0422707156442,4.544037531309066,1.630310807812798,23.7551154657792,5.812677830491295,1.643344106833814
771,5,0,21.76741870812387,4.522541798023707,1.4224530134532,24.32224728501048,5.829861152645066,1.121379020454944
772,5,0,19.42390920788105,4.171986093913031,1.431239929897676,22.17637256990377,5.33342248386908,1.166959207972312
773,5,0,21.23604525822554,4.651560797552716,1.494469202372202,23.5246328484466,6.227666579268546,1.254085738215435
774,5,0,19.51722138601275,4.19293462578072,1.647560482031496,20.52863436514555,5.283073888299302,1.519778583735435
775,5,0,21.19040458335203,4.663955589839357,1.605382120700551,23.90009005464263,6.012026577722806,1.496003475501063
776,5,0,21.99099476684324,4.696949925624671,1.661118489765638,23.6213457927702,6.087047164984304,1.464391555970885
777,5,0,19.62097531319715,4.248834457342015,1.62547193045097,21.11688366476033,5.32907459844815,1.536315300987119
778,5,0,22.98349009473589,4.7165701151451,1.429340788894761,22.80550703652109,6.220048597360933,1.100909572167316
779,5,0,22.43233729933721,4.637565016970747,1.444403361310088,22.23960911838512,5.671761617847672,1.150944167799004
780,5,0,21.85025242683898,4.519288605774998,1.495839885811536,21.04757366261143,5.287195134212626,1.249068058798827
781,5,0,23.14356607836924,4.77422220051179,1.41993777318607,23.72496058450472,6.141373865726043,1.160920757301897
782,5,0,21.00436513207347,4.283884297996979,1.454421890687767,20.4470865078177,5.100063866154732,1.214393001540331
783,5,0,20.05790519904647,4.318901775253884,1.374066570532514,22.55755801522123,5.500156395871396,1.155597916789611
784,5,0,21.5805362870247,4.537702406142711,1.486593127290051,22.96568580577435,5.250978807945438,1.285471236430522
785,5,0,21.70975223567132,4.633474678457907,1.54290735630352,22.25395780800949,5.905742250035578,1.354780343816528
786,5,0,22.09856012217725,4.57512661363802,1.193862696237357,22.33020686183688,6.231216088910302,.6548125125554023
787,5,0,22.67858633368152,4.604091370835059,1.352505363264126,24.66532936745751,5.713352285021647,1.038472525270683
788,5,0,22.40459651238969,4.485491854633222,1.401036072713123,22.07539841813724,5.586047487287519,1.08757812852881
789,5,0,23.48430001071949,4.611636569193667,1.37475288184129,24.33693033312099,5.828195885687202,.9735639742128583
790,5,0,21.01977308879756,4.496096476619363,1.53511506912708,21.03273618572634,5.576852380045962,1.278711799345256
791,5,0,21.86998428297767,4.577085180915575,1.596950033947491,24.11038965052401,5.974131085468042,1.802065549604593
792,5,0,21.34827623088645,4.606146657283424,1.507028619272341,20.89832687781792,5.84428710080618,1.324744178319242
793,5,0,20.88376521020547,4.559072483348913,1.578947312195058,20.90883755912426,5.46561216899326,1.328249624759487
794,5,0,21.58361485602301,4.456274457749705,1.461613996615804,21.74735403365839,5.327013336765433,1.179017202688631
795,5,0,21.313819271974,4.463590163155431,1.394220762704285,20.18551539421236,5.50015298801573,1.135655015180683
796,5,0,20.47362845140701,4.540214416721569,1.602146137434485,20.89458844837464,5.645089303602986,1.444888109186348
797,5,0,21.02127507057044,4.495922652348416,1.453861351255316,22.61540792761445,5.641917294965045,1.223284287073281
798,5,0,20.14440158751064,4.313626784248877,1.517228433161641,21.81526437992161,5.174035543595955,1.300821467122513
799,5,0,22.14307857790724,4.433430488214881,1.462347729451918,23.3826841275559,5.735132347623992,1.317248179336009
800,5,0,21.35345623874027,4.552343606371431,1.472236252867688,21.21597366809183,5.733647688111015,1.386175844832636
801,5,0,20.63463405045187,4.455037281773408,1.555828345633796,22.65656382681347,5.549071307903401,1.570345875833871
802,5,0,21.77464695825035,4.57781765147232,1.443975091430504,26.05179630511751,6.32905598863114,1.160728935819753
803,5,0,19.48814517993224,4.262502825538569,1.493416535955107,20.75995143725445,5.337922689938851,1.147120252435064
804,5,0,19.63483887470002,4.351564135840198,1.597893697284658,20.81084727195034,5.797906811802466,1.49110400397083
805,5,0,20.46587281474347,4.284101994577077,1.49082510281467,19.88960435141728,4.888653314977951,1.354299672787803
806,5,0,19.41420637429929,4.248309757142311,1.534308618060497,19.66915883822541,5.391397752451543,1.262083111603853
807,5,0,20.07146870184379,4.353076589395595,1.507794384960425,20.81472408484924,5.180258116245573,1.332156430499392
808,5,0,19.0296930711393,4.187686991550082,1.667090245108387,21.69909194334422,5.171213568723002,1.836550990497403
809,5,0,21.38936561408015,4.68256971840986,1.531821952672842,23.51937473926405,5.958071105796761,1.288960438306394
810,5,1,21.10956086384119,4.465642955714111,1.54406148656192,23.50620259912282,5.524770577150008,1.276250791288551
811,5,0,20.20610093114837,4.223123698479299,1.420660615465229,21.19495962216288,5.259214553621292,1.12743410938075
812,5,0,19.44278329959037,3.979561134613361,1.455460608307573,22.31272917519359,5.18802015311168,1.200427754200132
813,5,0,22.77248656839598,4.837169245217971,1.50271049763935,21.97543296031754,5.991000815484422,1.347894623777907
814,5,0,19.04194280118202,4.340060780222857,1.612083254136175,20.64953489988082,5.636628679959307,1.470842353303188
815,5,0,20.70580444646546,4.372730551962741,1.561884863737868,21.56363675594616,5.355838804706677,1.262033010713954
816,5,0,20.83720294275271,4.495732333532318,1.530200045526505,21.91178548794818,5.539428128634905,1.36717013901588
817,5,0,20.96524361430689,4.241122327803788,1.376038378140426,20.35183158863969,5.048046371010044,1.164545365524298
818,5,0,22.16528244201255,4.489691830850226,1.442429130931628,23.66213589594011,5.887500198334248,1.119352895214795
819,5,0,20.56037363268299,4.565237665153775,1.654569721382033,20.44499084091098,5.455721471611104,1.543580313695803
820,5,0,21.98238769548768,4.619065862046689,1.691887319254961,23.17275567665192,5.790233129479173,1.802700752201452
821,5,0,21.66060585130854,4.670910620431984,1.548617554914151,22.44879800384116,6.035298670442434,1.297973862942471
822,5,0,25.18620366947621,5.131256048612408,1.474258122019524,27.35933846574014,6.991808084429324,1.291916999293137
823,5,0,21.38241080613205,4.376217953899745,1.458702476107298,21.90040867004169,5.360515103337194,1.333764868719534
824,5,0,21.4252971910729,4.621361423219945,1.546918404551268,22.23944898735613,5.871720236173481,1.444150026063944
825,5,0,18.41752114042511,4.179625130723458,1.730255648509896,24.41982802415328,5.369594089067514,1.711251005733499
826,5,0,22.16955907074422,4.556446285516222,1.360348550523344,22.51189965467583,5.873822064101152,1.005890585930586
827,5,0,21.77337563596813,4.414325757170719,1.529960821413717,21.6221419888308,5.427374566762547,1.273112569780848
828,5,0,20.55678655715579,4.501565459888204,1.675683428171757,22.47821242421248,5.826204723785344,1.70497350610999
829,5,0,23.67689588015504,4.859459442479954,1.672837291538119,24.6545375859243,6.301987220945922,1.639798465219425
830,5,0,22.55817878883163,4.604901834621793,1.443905449277048,24.30933830418708,6.127616432778699,1.257165541460008
831,5,0,22.1546499155458,4.61829636343036,1.625547749637061,23.34280599808801,5.950625821031459,1.516241312310715
832,5,0,23.32192290454238,4.829184453706715,1.422443542756995,24.72993054031569,6.311036591247688,1.101727643872644
833,5,0,20.38462260608484,4.40990679562874,1.573686653955953,20.05025119604618,5.569550775772541,1.489951842217743
834,5,0,20.4327861137692,4.219543625691925,1.288852299305482,24.0853482276432,5.511579503046107,.9168466519431385
835,5,0,20.86359970060129,4.448588388856858,1.454523269467417,22.64875681599549,5.764200888070441,1.101235566844758
836,5,0,22.31324247741108,4.490895348857975,1.544261539057819,22.41727960011983,5.664079070526802,1.353642268132169
837,5,0,20.49486460712064,4.509376231511177,1.614115515665684,19.67180921578597,5.792999412282619,1.630603281910102
838,5,0,21.89736091965985,4.583903973805438,1.521765068933554,21.4466953456829,5.56128583952531,1.302972880549382
839,5,0,23.4755987390863,4.755950806809733,1.47117199852312,23.74243654685083,5.952402461282926,1.289825014765966
840,5,0,20.87430610593963,4.344168113738177,1.448521221077927,20.58678064431544,5.271355146068035,1.193002236586651
841,5,0,21.53483668924838,4.481808751370034,1.47597172129036,20.76332066255315,5.40316069517867,1.412186717415068
842,5,0,21.01620610717062,4.37850394888015,1.522913881209067,22.72832526402939,5.622137494590056,1.329712132172258
843,5,0,18.53960792887754,4.068511911619672,1.498028967856037,25.48897431357352,5.145949445283523,1.274454235276583
844,5,0,21.99392208537735,4.525843970273132,1.520546801747987,23.59577336854831,5.878686527646853,1.327796461416545
845,5,0,20.01011826325035,4.164513762611351,1.46188655790797,21.35690190006983,5.101944941837598,1.257081360356184
846,5,0,21.30948408443793,4.440398928745277,1.467146872367081,20.89533784427734,5.858297505998186,1.191221818611946
847,5,0,20.99411428780011,4.485595812984823,1.404274620727941,22.38246495810976,5.816134748639813,1.137592720065161
848,5,0,22.02907801465152,4.484094931614137,1.472171497904278,23.3072664723031,5.802059549190934,1.209775805200197
849,5,0,21.60182161744256,4.587392010155338,1.480653950004707,23.05668443021563,5.813091954834473,1.26806483554325
850,5,0,22.18808374899709,4.363488596939789,1.343556421536416,23.46489364003716,5.386363586341819,.9786139861670199
851,5,0,19.8671896658365,4.163253475569719,1.441926207100078,19.78547455111036,4.943793332300387,1.311463806207951
852,5,0,21.35709150466339,4.500917952128805,1.435571260883545,22.52581818493303,5.397798876597768,1.16453357347025
853,5,0,21.76162654210453,4.579342064762163,1.453962552114249,22.372327047986,5.314591644090892,.996015975180724
854,5,0,22.54318353295718,4.625032896702677,1.471362801433672,23.07015672066482,5.770973790234228,1.170754969006147
855,5,0,21.81669658226336,4.630576879775606,1.456535581152807,22.15890781643703,5.705991726188156,1.197495183436439
856,5,0,24.18555815151065,4.869368759243613,1.517662870281331,27.68333577401054,6.936035549221653,1.23031328281105
857,5,0,20.42922765904661,4.400797600401513,1.465365839206584,23.58279123349929,5.557975181240604,1.330919921340139
858,5,0,22.4855612438978,4.639977984886238,1.467099698585101,23.21623066642053,5.983102122747601,1.193604772939366
859,5,0,20.05871176233889,4.280236353111241,1.50835862285188,20.22595511397275,5.280418362860368,1.527840285371808
860,5,0,18.77704805750152,4.491882633469232,1.664956676779881,19.22861476842096,5.148152836048175,1.641634599715969
861,5,0,21.87187326192145,4.753877217336429,1.705081917718487,22.67133666607108,5.871998702332254,1.611239237864663
862,5,0,21.46126553468738,4.541093234772689,1.484906284097165,22.89702723730737,5.469395359299202,1.252844160462403
863,5,0,20.08137235881195,4.345008395941155,1.538677208881977,21.1976892290635,5.554608517699591,1.383197306154207
864,5,0,22.17201090228468,4.629407236758953,1.432763753207317,23.72556668737429,6.022821052475258,1.096885423853855
865,5,0,20.85006503746744,4.357610047886399,1.458340729811625,23.90772723331669,5.64136925328417,1.069930951673367
866,5,0,22.55846523909463,4.627272844892654,1.438885183202815,23.3711795204893,5.617309440059457,1.270939064189554
867,5,0,21.46887897231854,4.601999402101464,1.55545359982897,21.47956508868082,5.585293356510541,1.380199076948839
868,5,0,21.1281681790086,4.522602277336752,1.461128231725049,21.17541406348911,5.329813076777142,1.368675617821364
869,5,0,21.02847570796624,4.352498915754911,1.39220694216355,23.02468213567818,5.637750794637474,1.027980320888692
870,5,0,21.33240590473825,4.449155959804111,1.47173603713849,22.16837633245767,5.53619456798399,1.181081946125539
871,5,0,21.76113895186873,4.58390388401774,1.535151931987056,23.61744847034508,6.009324338528768,1.485064800209968
872,5,0,24.0719732016301,4.897343191553306,1.526424438026905,25.24328529591827,6.359983001765075,1.475573258233052
873,5,0,23.64713165595245,4.833083681047313,1.509448935688526,23.91528500002165,6.207353007804873,1.359146864076806
874,5,0,23.69676416121038,4.857102332399483,1.659862694075501,26.40514829895968,6.285423405300228,1.407918479776059
875,5,0,20.64702256721333,4.383506833612387,1.486453172193879,21.93699308370954,5.193387553269669,1.244722128891568
876,5,0,23.40230323707836,4.758190793145811,1.426424442851637,24.17672010025454,6.047586768733397,1.081984347562126
877,5,0,22.05144629544175,4.638531901800857,1.530450760480577,23.46463531765287,5.880962490038385,1.299204046731108
878,5,0,18.97620015479193,4.176638188859664,1.658080724116469,23.14579359093075,5.381639691241697,1.670563835401105
879,5,0,23.31629900758092,4.838511774752742,1.563086949569842,22.87584949213011,5.914355279162998,1.410064093259301
880,5,0,22.09460635949159,4.654364155707209,1.641913975728164,24.57743177739207,5.967843179089849,1.595076376921383
881,5,0,19.38693119091553,4.195017508802811,1.592059570578381,22.65424747152208,5.127685348002524,1.510892891734302
882,5,0,22.3313205221014,4.676832018234882,1.531901391014669,23.81059477117778,5.84982676801902,1.264689179839728
883,5,0,20.64170679000603,4.26844954393877,1.580801294651929,23.37012885359622,5.424818904701522,1.481567387488804
884,5,0,20.44889391668874,4.332333597132873,1.556793629297728,20.49281838493188,5.360766006451639,1.464732328079404
885,5,0,20.43302434394037,4.442274405424437,1.51124799078969,21.79496536334996,5.739380789854637,1.271121718159812
886,5,0,21.00825362020416,4.394592800775658,1.417237198493771,21.50594259568624,5.334182747644456,1.093102875319972
887,5,0,21.28261297246083,4.474190934484376,1.400175395025883,23.14722127638459,5.62799264075224,1.272312442208701
888,5,0,22.557944569974,4.875588143430337,1.486268102702823,24.1024857531232,6.247401048906885,1.347098625331696
889,5,0,21.83703013369993,4.715444722253177,1.659267285424621,24.77629727696782,6.339640799160927,1.733881604043549
890,5,0,19.38207288814665,4.286007372252256,1.498406334839543,24.00292958064917,5.338259182008108,1.195032427638458
891,5,0,21.87118956220195,4.787540529182904,1.63599139549886,22.67619912962653,5.918429418947479,1.62941499883466
892,5,0,20.37126823851695,4.342610977765132,1.604888122508357,19.37087359519331,5.368689824924283,1.552498329870346
893,5,0,22.00857377835941,4.591305966106829,1.531089865918087,23.58668731401754,6.009683299221307,1.281649140262168
894,5,0,18.6788938659373,4.272240951610573,1.504917368107126,23.23736225357369,5.440645003494809,1.23608655890735
895,5,0,21.96655356810603,4.730975381159728,1.60007455352595,21.37708385075629,6.036444210782725,1.608869417365671
896,5,1,22.77144189620572,4.687468965985489,1.547119174430704,23.89842656786126,5.852687618961186,1.468920190096314
897,5,0,21.58719376717933,4.499778534848316,1.579788066934362,21.88518517044569,5.619227057355607,1.367249069103845
898,5,0,21.34456702164182,4.356883318342262,1.365472308174383,25.05979669247025,5.460512111480008,.9890110516993164
899,5,0,22.72689681183227,4.630283161768253,1.29181350081935,24.42266320198732,6.048404418963057,.7288562321149693
900,5,0,21.64690227020018,4.429228716387029,1.414560908823061,23.25721915212636,5.60178246291671,1.164320216617407
901,5,0,20.22493928913524,4.351524128637128,1.543038866852277,19.49687984217197,5.036215894456048,1.365514649146769
902,5,0,19.71216070563737,4.120351807735366,1.453136535077783,21.92677485037465,5.08890574167529,1.361852721600229
903,5,0,19.58414221124003,4.240710582225679,1.585426633910294,20.29806571028965,5.145831334057521,1.502020074733778
904,5,0,22.12309711827819,4.589593446073511,1.3188288466593,21.72248219421557,5.62907759899914,1.166521934582865
905,5,0,22.37693277839874,4.634255575969292,1.470738663572871,23.27425797704826,5.864947053298351,1.187314920398247
906,5,0,20.76586260209598,4.582308206640107,1.592733513281892,23.17995938490365,5.853453404153612,1.318097361770113
907,5,0,20.5406892075045,4.465512837017563,1.473576368735214,20.53489911019872,5.43541346881361,1.293246384805585
908,5,0,20.7330995311392,4.446645801173015,1.681115315854152,23.78383936389948,6.030359447804396,1.653825968409721
909,5,0,23.06646291189147,4.812739331676908,1.50918835809544,24.14649172819905,5.756508129532977,1.391039642482266
910,5,0,21.8550900945887,4.64891430078919,1.635351267855673,22.29722800500327,5.698803137194577,1.438517345006287
911,5,0,22.80998142227734,4.667280944220762,1.569437084163687,23.15534466220804,5.749059161858456,1.338010454654714
912,5,0,19.78589267188442,4.320804594236349,1.402048554014887,22.53464361763653,5.897175440486587,1.035883214182482
913,5,0,22.04079174852751,4.733913591384925,1.562980461443163,22.35961098760356,6.131018394516668,1.335514209796706
914,5,0,21.24040638773981,4.436218161495204,1.596504439208537,23.03642413495881,5.777119253180594,1.497440823562793
915,5,0,24.02735047177505,4.833710181930983,1.540163169873509,24.34727429457496,5.748475249064955,1.332596212187673
916,5,0,20.48898781866445,4.181666332968607,1.342868593071139,20.64308120276342,5.377173398235941,.9101499504210965
917,5,0,22.51992124549666,4.849501705491001,1.603667785021602,22.3294871296634,6.153946906847274,1.530772424551
918,5,0,23.01938859163552,4.660574015740479,1.504976622050152,24.67040419669145,5.809390777190026,1.245519147495396
919,5,0,23.03336701317333,4.873356046610164,1.503876470479646,26.77304700022477,6.639454788371245,1.349422783144909
920,5,0,21.10287627697368,4.330140264501112,1.434093621506461,22.16755662230117,5.283314065475412,1.105714593527142
921,5,0,20.82244868156421,4.411823951102489,1.392998961714299,20.63852764374355,5.252756154185926,1.1469340557575
922,5,0,21.69475876096687,4.627834575851171,1.499607554118086,21.53792141900398,5.488665491264738,1.318618482293916
923,5,0,18.39715499579036,4.315334233947808,1.543784097460657,21.25959011333753,5.583234272486954,1.218956825960456
924,5,0,19.44133269422562,4.146980759890662,1.562844420051201,22.2856743869441,5.280366725416213,1.353284158553309
925,5,0,21.02584669992213,4.449962888097909,1.584934486818743,21.18056962308647,5.881491972177392,1.581113614763382
926,5,0,21.60605317913067,4.486661637707694,1.491083498255575,20.88108906469831,5.815414084506438,1.171247938508907
927,5,0,19.51745931810899,4.327212263182878,1.568578246488713,21.04190566562766,5.236855067953964,1.608338058919707
928,5,0,18.60952472728173,4.17485670802952,1.4399164447288,23.14516513894259,5.485656669607907,1.091936662302754
929,5,0,21.72925837799565,4.591089093577319,1.473894767199436,22.25034194919741,5.950806611289234,1.076601208654521
930,5,0,19.45704736795115,4.337971318906399,1.544774313046313,22.85583703232297,5.405154344413056,1.396174681799451
931,5,0,21.45019047192906,4.636240066613837,1.652958898600685,22.18156570995583,6.053367748166028,1.61151170878477
932,5,0,21.15502984497069,4.502667540890822,1.555588100752868,23.5433494432534,5.61489448912869,1.392897950965517
933,5,0,19.73853164779992,4.262687228170823,1.383174542988413,22.59618467203238,5.275057167954111,1.142106095941377
934,5,1,19.28367164126164,4.335405502958954,1.464567548535907,18.26027844321511,5.550386826003081,1.151363448627811
935,5,0,21.43975620542497,4.40664530745577,1.472712933091333,20.27431890958444,5.181028765751424,1.140761214866093
936,5,0,23.83822369427102,4.570644074850401,1.527031887653914,24.45833411799857,5.846228426137366,1.480690515751884
937,5,0,22.99331927170817,4.7494026851284,1.531247695499269,24.10593434458894,5.849791695660822,1.392855066670749
938,5,0,23.18883065389552,4.879618370137349,1.558028497693899,23.52462886509225,6.364415446627011,1.379901250440179
939,5,0,20.68183378039648,4.349429963207956,1.507776493460192,22.60863965834366,5.707530671592352,1.446995882874388
940,5,0,21.96522867306812,4.711470653886073,1.515451025106366,25.19514713890934,6.28046907444453,1.419073821343432
941,5,0,20.85485981491009,4.524627673120136,1.555870345687241,22.21271431819711,5.7628122728562,1.31901705533484
942,5,0,21.6028283963073,4.561355604891734,1.345861528103323,22.19165492668716,5.609689076549941,.9797145250871364
943,5,0,19.59623787741443,4.225104678512696,1.572433364669468,20.96168815017693,5.061831822503921,1.31785505998225
944,5,0,20.54192891393529,4.363397788312501,1.537541295365098,20.38679312896944,5.288333476935574,1.246312061418261
945,5,0,20.23210331457621,4.519287142952233,1.536524251712966,18.25542636864823,5.919783986639926,1.310706451017055
946,5,0,21.58938952069211,4.490780076243106,1.437046156325774,22.23934085957843,5.938971496726252,1.164544986461584
947,5,0,20.56615105943226,4.419878998610541,1.427627709801499,22.20939309832493,5.526244616842022,1.06450145149052
948,5,0,22.08185601722717,4.520211982388301,1.461858995413565,23.09536275915855,5.457626992140924,1.227759877423304
949,5,0,21.75406648703577,4.600889376763708,1.385186150793054,25.14360700253634,5.906566457076436,1.129637798472689
950,5,0,21.45277216900531,4.525938869178786,1.475584244053064,24.40685625668312,5.674471045936361,1.083015209187289
951,5,0,20.37642580081813,4.440071092485685,1.668421628574827,21.91511404450659,5.611580613929839,1.664829480636315
952,5,0,20.72644750467123,4.442258457540833,1.603102009075546,20.64014633526848,5.579094256081984,1.597548971880337
953,5,0,23.12117760676627,4.693083966118341,1.362950570020454,24.56562292924213,5.728162019475955,1.032277828128609
954,5,0,20.57679348431709,4.550812998544939,1.600319854122727,20.50131123452994,5.387802503572417,1.472776595516406
955,5,0,21.77691811729585,4.384030377636154,1.459322787994995,22.81064117308839,5.763771564624354,1.198138187470208
956,5,0,21.21563658829073,4.502131150275009,1.548565248575379,22.41710017547763,5.480276027527628,1.36298019019406
957,5,0,20.5269603461564,4.417818080030198,1.502128484689065,19.86767691013218,5.293849864566308,1.332499625350057
958,5,0,19.9035491196918,4.63643269945178,1.583535915378288,20.46808261212205,5.771423765138254,1.391461694436902
959,5,0,21.44320243076956,4.505404768177964,1.37235139517572,21.72204790412288,6.006681323371613,1.084254802364788
960,5,0,19.74688504660832,4.112799985588394,1.402112627920454,19.95934726725471,4.851661446172312,1.078410877592243
961,5,0,21.89558803832499,4.84033775063834,1.548775969979613,22.90278262500871,6.243673133458258,1.634099025729402
962,5,0,22.31452816307023,4.492975479401967,1.389945661043264,21.15969155609675,5.144992247668644,1.061651820551705
963,5,0,21.59794726725991,4.565673902238093,1.550754589272821,22.6629145246892,5.462002281949006,1.307370934940513
964,5,0,21.96209056278862,4.480657295619867,1.360282062114033,24.08035011207794,5.570925728183281,.9585870834594977
965,5,0,21.04609689565992,4.622964038289505,1.558601661343535,21.4067776362575,6.242629371168502,1.544507824955379
966,5,0,20.69623806452559,4.464333669614955,1.541459731282112,22.51765887030913,5.775158329742055,1.272179535542516
967,5,0,20.32560704233378,4.460638882746506,1.563799974868381,22.31840362033947,5.479080240670009,1.589496985015306
968,5,0,18.85130917001613,4.093973695630905,1.525774546937723,22.9747937605373,5.011962409725409,1.4931470859465
969,5,0,22.23536514536004,4.692906549747655,1.427077323942013,22.61000045330981,5.796823299867694,1.104385184041484
970,5,0,19.63699296390368,4.310182888498394,1.47851170590767,22.87793598049054,5.057663761854625,1.101054862787626
971,5,0,23.50097992654687,4.761527968274888,1.35202029907818,24.63818525803563,6.123641229598164,1.074281071022113
972,5,0,20.94751252838225,4.392115556395347,1.521291359871586,23.96686390859182,5.586465926391759,1.496562981881437
973,5,0,21.81286386196378,4.616026471789543,1.55782181952121,25.72682438063401,6.130587601026915,1.356001076861447
974,5,0,20.55321672204423,4.515933519022361,1.510611189579758,20.93720245735502,5.66610947941877,1.286423809076738
975,5,0,21.16661030362394,4.551248324804352,1.480969819142233,23.31973495017146,5.678948499046413,1.220909667984623
976,5,0,22.73562120357144,4.712027572778501,1.381184664101188,24.9579052589703,6.253692051578723,1.082924905045435
977,5,0,24.17899145998296,4.933803740001187,1.31369495218073,25.77551465481609,6.188919377002792,1.13832490076719
978,5,0,22.71269520808659,4.574338439955111,1.544885018736014,24.43267381502661,5.790176121423958,1.261051769909537
979,5,0,21.43865547860253,4.714453418803358,1.412156276283972,23.23609805724368,6.318586308781501,.9582584851298913
980,5,0,22.08843707133737,4.524275506329974,1.526119320349495,22.81909851155065,5.860809928145761,1.395270729546769
981,5,0,23.73167882459985,4.97452476798095,1.49643412528195,25.15082987279614,6.653945876151998,1.388381469580765
982,5,0,19.71371194039539,4.314324654012105,1.601149861347009,21.73904098458469,5.466507938541942,1.414486514674309
983,5,0,23.34949608455665,4.742459150166724,1.48175547185565,25.92755629893896,6.102540900272045,1.248570865985092
984,5,0,20.95975818359418,4.593236459145494,1.603714109475959,21.43762079005278,5.852651920214607,1.598333299600177
985,5,0,21.39579619591071,4.539136329174719,1.496430260050422,21.12861496918007,5.379484843420828,1.177046973816372
986,5,0,21.30497879777479,4.395649593190477,1.537633435874353,22.05366267238745,5.092377772502844,1.470808135493746
987,5,0,22.17640137981789,4.67881536572546,1.454537885568414,23.94998069883447,6.053334548676048,1.157764712984826
988,5,1,20.78536131854214,4.523777192487397,1.733854850570782,22.60415662618377,5.492836972706436,1.717415401662391
989,5,0,21.70254733194835,4.473600128141627,1.331392794045461,21.64228786970613,5.541156203919448,.8647997206560554
990,5,0,20.79666185359445,4.455835665460286,1.645760610872176,20.89149598848206,5.24692588322213,1.707364327313203
991,5,0,20.09537459838327,4.319471260207377,1.595563848528954,22.27853630338706,5.347047662456227,1.466616800967175
992,5,0,19.07237641382898,4.361679652907617,1.538293264597353,19.60900135237128,5.722393662450358,1.557864998435166
993,5,0,21.65383949243772,4.467798367779835,1.511525999472831,22.04423707067945,5.328844828666043,1.356844999106335
994,5,0,23.42634875533447,4.874039997482706,1.486437786583455,23.51365046224628,6.334830868126229,1.312090656563029
995,5,0,21.07159949502998,4.561206012986761,1.427788494815803,22.7747102333578,5.948302814820497,1.078645881938387
996,5,0,22.00136901911528,4.494462363809345,1.339686164072143,22.6116391327323,5.523342907155955,.9781079870432978
997,5,0,21.60572602461819,4.662073745167968,1.561642263525208,21.06278966597358,5.677628550211524,1.318851404899455
998,5,0,20.87946178952754,4.542978033138041,1.699733837048567,22.87061346459262,5.893782580878067,1.557598682376216
999,5,0,23.0471684993463,4.713557187813087,1.518780437238157,23.24991266643412,5.835098372948636,1.351368528595785
1000,5,1,19.40933240429944,4.317061824000065,1.574322919766026,25.85387015055981,5.742180508797319,1.376055683075366
1,6,0,34.11114771624015,5.931294396829975,1.0214051782799,44.87111484168936,8.111252909892725,.8718959600170477
2,6,0,33.29958951952423,5.833344928586353,1.038388662080362,42.1289828937389,8.015596566612393,.9618794776999346
3,6,0,35.7772209557365,6.123886241581498,.7416382810973721,48.26056047932041,8.481953072050789,1.219696692614552
4,6,0,32.30562957423645,6.118671918460984,.9846794433540501,40.64045519775881,8.83615832405356,.6919785066248337
5,6,0,34.24530600368509,5.946237247354983,.9188613300980202,43.68327495225024,8.101608346508668,.7648886524510515
6,6,0,34.16044426953545,5.927660632524795,1.047009503170961,43.36697267751891,7.885843402925477,.7897674802838167
7,6,0,32.67562800055876,6.027665128736222,.9184604193127602,41.27093758541902,8.554623945353521,.9767854347746907
8,6,0,34.65259965166678,6.007614960295669,.9384172263415894,45.57251497423941,8.269717140589256,.8078548671167064
9,6,0,34.18449407409057,6.093892017118048,1.055374316527379,44.91058353862179,8.620446893980365,.6513510737221269
10,6,0,33.46739259535815,5.94845803270361,.9962025882508141,44.16082326031912,8.405925895223707,.8285793091643007
11,6,0,36.84453868299691,6.232897945307607,.9193506591059406,51.01281155978577,9.021804707797527,.9398344670289861
12,6,0,32.57958170144845,5.97625336962918,1.057927735825992,41.47787674879506,8.295256126671093,.7722511144003583
13,6,0,34.62843739600262,5.892237632103581,.9391255192064509,45.93518331612744,8.394237651530652,.8307138290485175
14,6,0,32.38155360185793,5.693225855022051,.9309736023116533,40.44702056717332,7.878427886401377,.9776069076570323
15,6,0,35.51949790025269,6.117656866355405,1.069539881373815,46.50137182876073,8.400271699946266,.9081181050982065
16,6,0,32.53339282185722,5.683710731472948,1.07143093670231,41.8307842929065,7.768847203295564,.7547445793827744
17,6,0,34.98065880619881,6.009396611134562,.9925607056233654,46.82080219379593,8.545144503958106,.8249568904910457
18,6,0,36.06895569558048,6.236356759556838,.8485113305484624,48.45680871856145,8.90064082956639,.8099821376461878
19,6,0,31.91699608445173,5.824546581214639,1.128885088060875,40.22369550877826,8.111081696667327,.9422587098287681
20,6,0,34.27160775879736,5.982353444819982,.9199113413861573,44.65282338367239,8.383229555040433,.8877325136250139
21,6,0,35.91074386889799,6.146542882729615,1.088334850167229,47.45221639929139,8.951988495940203,.884704415656409
22,6,0,32.31663312401872,5.93164349597685,1.030745516922433,41.66267510747068,8.301538860120568,.6204309138441713
23,6,0,31.1580926137348,5.725560369823155,1.090811379341381,37.31210325597571,7.718544103028409,.9256708754605045
24,6,0,34.49487602638731,6.061121614596696,1.039653914181038,44.56818105424664,8.385960091585551,.997142964973467
25,6,0,33.02223299598556,6.04800436422734,.9423087910423722,42.62941342734514,8.541784133047837,.865107374979217
26,6,0,34.07423213887438,5.850890588411885,.9920931906066203,43.28660979878034,7.957514970887277,.7904009545190119
27,6,0,36.79964166653777,6.372728209804549,1.13689957725208,51.63460623241094,9.712612643351857,.8748153844569914
28,6,0,34.69624491470684,6.249987602383744,1.208312702403122,44.90416301135107,8.91354602949888,.8406853310657462
29,6,0,35.80499968678575,6.156097942692578,1.057968366383669,48.07451983226824,8.812143819830494,.8422781564628549
30,6,0,36.10867169662742,6.11665853701425,1.029978895423175,48.32234033243617,8.468025817485787,.8413808300768386
31,6,0,35.53296976663451,6.216381536624502,1.163835963839471,47.25532527431112,8.8123656042105,.8195104809514407
32,6,0,32.26122715741647,5.859258525876657,.9640934857335164,41.32595695451363,8.226813795794492,.819483476205534
33,6,0,34.66123559537771,6.031442030385084,.9283830910643476,46.13241517992742,8.566371299717462,.8855966927089092
34,6,0,33.56986749867912,5.931588593094611,1.111931178477095,42.55184309085497,8.108498091119865,.9575157822877989
35,6,0,30.70579507872335,5.575321690342412,.988983314000264,36.72448099473945,7.295412817412846,.9748730326117527
36,6,0,30.07452980875331,5.495089845172704,1.142263505075121,35.82926391457634,7.465036355708265,.665658501684299
37,6,0,34.98915892184954,6.130077985563354,1.042051375012247,45.79630339681007,8.452291720206684,.6984501121822361
38,6,0,35.82304809987426,6.043063525358916,.8271770197046688,48.65549428012356,8.843258305510583,.9769827821054117
39,6,0,32.38695741748928,5.941377199986205,1.059591211562847,41.58010448658199,8.476200508405178,.7968874050178274
40,6,0,30.93548483575807,5.727459021569498,1.150645515336082,38.03828368205872,8.115505662255011,.7582154783990093
41,6,0,35.44077629902849,6.105878055966571,1.136172398766663,46.92234003380183,8.532326522199877,.7333649405650867
42,6,0,28.78368595388249,5.415657006550725,1.028832608256137,33.59513061281269,7.496237528996346,.786083395456583
43,6,0,31.56859992856765,5.709378858558108,1.104010570951311,38.03371958026899,7.524253455714926,.8036165556641928
44,6,0,35.50168567653714,6.352740885597931,1.111545422540555,48.40797565775634,9.232539284382732,.7454969679180431
45,6,0,33.9884858677094,6.007108978212969,.9154695631564507,42.59213671446967,8.143473980300058,.9874257428118435
46,6,0,35.44364080027012,6.062935503797488,1.04924852803892,47.62500942394622,8.266394399576475,.6746543033444136
47,6,0,33.90269416175828,5.857456871668719,.9643605279456089,44.32891135786669,8.156245463285074,.8905549818612003
48,6,0,31.69475595761172,5.934752403860681,1.042659087589041,40.47441803410257,8.449976592589652,.7980852445046038
49,6,0,38.20369964008015,6.328455626097264,.96836110838765,54.41472848449604,9.21049717949303,.8204269298542165
50,6,0,33.94364785598835,6.160708110343441,1.165391620720436,44.03339713079735,8.663258246077529,.867156911643125
51,6,0,37.83030741926955,6.171929403972902,1.019054123476686,53.54505643878045,8.860817535742049,.858929998411787
52,6,0,33.44222335245968,5.876868745628052,.9877319935996067,44.07848978087393,8.443198391816439,.8241248040080108
53,6,0,37.7541326885603,6.406814317063389,.9683204690436626,52.0297954360756,9.101836180249869,.8543322384688533
54,6,0,34.94161530390316,6.076453602030673,1.089846829395352,46.02374013171567,8.194021418057694,.7566607270882812
55,6,0,34.73695978910403,6.133766743861794,.9547328186678258,46.39075721852132,8.899377121455821,.9010619465189627
56,6,0,33.25537663404725,6.02691929289728,1.13758744727978,42.16138687684097,8.292606283730599,.7296629925343209
57,6,0,32.98572697968605,5.875354233719794,.9032009716991487,41.3373109596831,8.161414870213909,.9783616275390329
58,6,0,34.84681579441288,6.035929120252164,.8674976716109442,45.84014106711772,8.443155124326966,.9914013650067761
59,6,0,38.651922347572,6.440889326190151,1.086872498238749,55.86591155455996,9.273001235339885,.8923276730463547
60,6,0,32.82037026366952,5.917579215384683,1.110745626976113,41.89540018320547,8.348187930010308,.9171323386134503
61,6,0,38.18056229544742,6.319580996075005,.8460017998934206,53.63551050290614,9.468210144116192,.9748801877428522
62,6,0,32.52914754293842,5.985141578328578,1.178813797627474,40.36071224259359,8.169609812805287,.7353874505914361
63,6,0,33.70456065792701,5.967153223411326,.8856326398901502,43.04466242204997,8.008758406843699,.940632600142245
64,6,0,33.4328263678577,5.93905574965923,.9538211811413377,44.31605863629775,8.622561705877699,.9216885335025755
65,6,0,31.30411394811837,5.581824241721723,1.032555036485537,38.48189331402097,7.199765587293669,.8277216409034197
66,6,0,36.32724690459015,6.134650510712968,.893623903548966,49.57818837454847,8.799428971044245,.8718390712888914
67,6,0,34.58424389013132,5.97441899362619,1.027508378014499,44.82573868201177,8.163811751059511,1.015816555939578
68,6,0,31.89817614323275,5.891736991890167,.9544237351419975,40.67052683430058,8.282448647299654,.9631593593354234
69,6,0,29.8622323367622,5.496057381592478,1.031754079583235,36.57352874348153,7.631563409872281,.8965152026129221
70,6,0,37.7883955693178,6.328839862247697,1.034265032011794,52.49218827745805,9.375954370857784,.9268298520025633
71,6,0,31.52071421064288,5.773154007662088,.8615937860924218,38.02376275678407,7.955295849514835,.9018199550126588
72,6,0,33.96448737986474,6.031835080757028,.9594714785123706,43.63491131931988,8.180195562324419,.6859542688098099
73,6,0,34.65120584145637,6.047249908118196,.9517827217182716,45.66854062877007,8.487019088745363,.9759672053888937
74,6,0,34.79938317018368,6.068665600502589,.9473085508194776,45.95088973351508,8.404811377116376,.705354979382453
75,6,0,34.43173045723619,6.075577828346859,1.037741136001832,44.51744755494436,8.624339632925791,.8713503625017289
76,6,0,33.34773309256117,5.988460007885494,1.07603079812171,42.74087614511698,8.565364633478408,.6304827545067153
77,6,0,30.97613960621031,5.744486023762756,1.143901663746041,37.20928151782036,7.615563201090455,.8786778425001043
78,6,0,33.96022419271467,6.179171883154489,1.115905683756276,42.95076521119764,8.897150371083523,.7143836384165841
79,6,0,34.75601796355216,6.164055668271416,.9665480322869606,46.43136555112567,9.05657960246501,.9589801869722266
80,6,0,37.74230655272414,6.25361722733324,.9600810540743732,52.32041358291196,8.940830894531929,.737318367266393
81,6,0,37.50234599705745,6.256563730757246,.947787436271062,51.53211792161435,8.654206805270199,.741442155526346
82,6,0,36.63274861053529,6.015561473105423,1.017139594789703,51.0058958650737,8.591623534886528,.8774301067839655
83,6,0,35.03395254763904,6.002717614417636,1.107807984952902,46.67805620369931,8.426708708171912,.7315657974796507
84,6,0,37.7311851597223,6.472597441935511,1.071205185316343,52.04243967409072,9.155992317987215,.7468190874721033
85,6,0,35.61677305247749,6.123784394284499,.9788665851209188,47.53560641755788,8.484854643728575,.8633795124700561
86,6,0,35.58793375978929,6.087544430509142,1.071338709136118,47.98708298001453,8.679703529173349,.7539818063044268
87,6,0,36.17678798493772,6.213874956588799,1.031561488396722,49.44293571237591,8.90627903133567,.8517388191509783
88,6,0,31.02525479707399,5.819085256864836,1.124344335654205,36.50686535472578,7.86128040995103,.85379180285089
89,6,0,36.50991474038481,6.252467206785849,1.062958834131023,50.41205531954238,8.934881533831978,.8208546669893628
90,6,0,34.05126905671267,5.898081880786606,1.004954084397607,44.83681793645688,8.080515997275105,.6618873867064901
91,6,0,34.75152543218879,6.027337229072832,1.162034541444639,46.88479933297861,8.474729131447877,.7375550442483657
92,6,0,32.08688881902432,5.850984238535148,.8560109516209808,41.22192119036126,8.257373322671274,1.050710155134612
93,6,0,34.14085232083503,5.998407132341402,.8342035912040267,45.42834759494981,8.647712499145474,1.053019980310016
94,6,0,34.17394925461524,6.072235353362577,.979474129744021,44.11492588310606,8.631073963940034,.883884784338922
95,6,0,32.84758559034717,5.874582641512695,.9557319332957335,40.54248350832311,7.378747557207255,.5580021993458891
96,6,0,34.87245165838259,6.014465791351705,.8969371645480665,46.33532932155629,8.566860774544379,.9062634170684526
97,6,0,34.04389890677955,5.919227316146577,.7889987656929188,44.77735025617322,8.129386699781499,.9863716696347594
98,6,0,36.30296226746957,6.270961952500167,.949110611619882,49.80136316763748,9.008772122822331,.8133162364998444
99,6,0,31.92916348630516,5.930938887124729,1.001979796129028,39.47622216450899,8.326442089089582,.7338086435305126
100,6,0,32.47280257534698,5.804710964318548,.9014568003548784,40.90243666993881,8.075640091468955,.9078391857937452
101,6,0,35.63413677778711,5.973529138440066,1.027905348257131,48.99733139249386,8.627278986707198,.6687916999232542
102,6,0,33.36893536896316,5.810276421232709,1.089251048672905,42.62551068502759,7.829744833584001,.9303543703283664
103,6,0,37.01490061408283,6.212651294792007,.724662308636941,50.19057095123001,8.868105076170053,1.251020172417396
104,6,0,35.22818718224642,6.10693624015541,.9504413349019711,46.48829050263514,8.482477453916601,.9790154400455099
105,6,0,32.66387922945928,5.932120198904092,1.049191139128819,42.26816359544834,8.391662790898978,.7462508517886708
106,6,0,33.7939200803293,5.814712033213595,.9914596741516175,43.66624845031,8.024384394278401,.7693165479871181
107,6,0,35.33379360061245,6.079685809549286,.9070613984291833,47.41228356371948,8.582189715120297,.8614314422163333
108,6,0,34.7505795336868,5.916158341710759,1.004012598318778,45.86494502339576,8.272728468039089,.8286524661434793
109,6,0,32.12925006796652,5.868686042826954,1.044760145087456,40.95455022310542,8.20430790508308,.8211976239179926
110,6,0,35.26782536213148,6.046204828630825,1.120149668883819,47.83774705431779,8.688567957944528,.9152083542521574
111,6,0,35.32587553584154,6.209770150490053,1.052202370361282,46.3099742997948,8.826755236246624,.8772234219877947
112,6,0,34.49755171854129,5.958456866654143,.9549494752187102,46.17391817867014,8.676095941160323,.6825394083607667
113,6,0,35.02359342564879,6.100641763113168,1.044757034273194,46.93196626415271,8.820975001506204,.7109302441775331
114,6,0,33.6283963138772,5.897663565960089,1.048044636749466,42.98182959588664,8.274293337530569,.7570751382715243
115,6,1,36.0718318156261,5.904884099858826,.7717040038527621,48.62615682066745,8.111538589240778,.9622603476285674
116,6,0,31.18519251993425,5.863713427328882,1.181750860893208,38.10808385164628,8.326599575018992,.7190235667329553
117,6,0,36.76765273577409,6.062020415337424,.935905825880666,49.7407189761566,8.343733066404409,.8066868253029658
118,6,0,35.25774551541344,5.959151193104733,1.013546209913153,46.5191352569238,8.353075628628538,.8845174647955377
119,6,0,35.56158914663926,6.202415650506861,1.132571071866745,47.66511021458273,8.893332501606839,.8788340365307278
120,6,0,34.41825819574964,6.120030513591146,.9091270789160414,44.86352186892676,8.557811540213526,.9719530888828688
121,6,0,32.53694585827203,5.605738245233088,.8126263572407291,41.30657220930298,7.857324720550082,1.106284092012151
122,6,0,35.39876048471887,6.099285228641674,.7267666589341104,46.87848804868255,8.413335142967004,1.067043983729698
123,6,0,35.01189415775888,6.00524106781178,.8374622035956305,46.02034621016561,8.256213300772826,1.056116140691512
124,6,1,39.69041281354095,6.507649478638902,.9191776141111202,55.24132993726395,9.378413658268792,1.015463852917776
125,6,0,37.39658335717255,6.22979325303221,1.072973247396199,52.01244542528512,8.722039281909254,.8274372940527036
126,6,0,32.43035869701148,5.995216139733758,1.13668780403759,40.65599603791058,8.179624321685267,.8837614901710238
127,6,0,30.15387732630766,5.727350045622468,.9710888084125288,35.7109875960159,7.867065577299933,.8158243439722603
128,6,0,39.34341363583228,6.438149887536795,.849134866744355,55.21019873092319,9.170604052251255,1.028267849352914
129,6,0,36.88260491110692,6.231497292984401,.9865382258630193,49.91683164489867,8.877399817582507,.8756884158610352
130,6,1,32.41306065746132,5.994910104945058,.9624584383444927,41.14782271866954,8.353989837303475,.9295867230223298
131,6,0,32.97109908363043,5.864225023562079,.8497331557348308,42.52350966035707,8.123397216824889,1.060643262680733
132,6,0,36.99475466107934,6.102990512811119,.8740433950379598,50.86309976028151,8.434234612289536,1.021385481567118
133,6,0,33.36583767709462,5.915736258662083,1.044173548456477,43.60672630616635,8.182735192173835,.6151101208768659
134,6,0,36.89720107754213,6.263246833588102,.7595118081541715,50.96359854508464,9.238518635611047,1.068884867808169
135,6,0,33.13414996322679,5.934904831777543,.9710392843864736,42.3538211262048,8.073861596971675,.9322058935252684
136,6,0,32.95716572067437,5.772349946274067,1.007781784843095,41.96952278189653,8.085319685857874,.7883100912975604
137,6,0,35.55419896731829,6.201500733419138,.9574610592426192,47.48128458694012,8.608119591723751,.8325709808711217
138,6,0,33.13736814846152,6.093019914827821,.9939866879914251,41.41514130488327,8.388743832215074,1.014908527519481
139,6,0,36.3532800433028,6.104837610346092,.9203188499782835,48.42876742962407,8.355719675798966,.7950105801566205
140,6,0,33.69201116883843,5.964853065021593,.9190185696124942,45.12793498931268,8.79454883745025,.8624296319947367
141,6,0,35.72986759389661,6.275954416772877,.987581645897124,47.43978270557787,8.911193594544308,.898930423683412
142,6,0,32.39684873145639,5.697588704287382,1.072684329759111,40.83105628804554,7.692082219362655,.8555024816815646
143,6,0,30.2950427883701,5.675870040700927,.9909732162459075,35.64243939915671,7.867968095321497,.9136669625844654
144,6,0,34.67765445405254,6.148845483905453,1.141099917184697,45.26921049099674,8.819859739729834,.8702218412914033
145,6,0,33.13535054437961,5.796374425504962,.9618221800842243,42.39352005111913,8.213748069454221,.990368414836724
146,6,0,32.83671828926212,5.914400615102362,1.01704066054891,41.75825483993485,8.497738242042088,.8341166080383712
147,6,0,36.88231111592533,6.100519693513845,.9208383483092428,50.94888500406513,8.783225188865062,.9395189822923163
148,6,0,30.41064611353024,5.543296160510394,.8689915483346007,36.10024000566337,7.623113017610777,1.009980081159091
149,6,0,31.24611576848996,5.751176711080828,1.015901244924086,37.97821970176481,7.872509326586204,.7878102497270896
150,6,0,32.39208138926188,5.843175978641376,.9891156020547944,41.234104124213,8.183950761975991,.7982283125659435
151,6,0,31.74725566157668,6.050833443733956,1.070979435349822,39.13438812749008,8.380724780379623,1.030865002384184
152,6,0,35.04862108500296,6.094066641567112,1.008762776881085,46.42908249378506,8.49907129522451,.7505622445629799
153,6,0,33.53924720362173,5.975390953487743,1.086744017893367,42.39680429277895,8.217425229423794,.6425390112564572
154,6,0,34.54762618788867,6.062620853035868,.9603600755670559,45.35593241280493,8.704242775289099,.9552960229783469
155,6,0,33.82880288511485,5.925792662142984,.8951289685495789,44.3773217903474,8.139496541958072,1.041296462921875
156,6,0,33.58153582304325,6.052927221474489,1.143117760194921,43.63279379650008,8.134791070137416,.9150927932407
157,6,0,37.55945710655648,6.185952997056964,.8697336353186765,52.13114658048966,8.727653145928048,.9965042538441249
158,6,0,34.85309889404758,6.00626951241397,.9743363562699803,46.50360429275858,8.354950311074809,.8330853845917658
159,6,0,34.36223019763873,5.837288612927373,.8821385876034767,45.33650183223477,7.82657601400213,.886136511975862
160,6,0,35.70036343994605,6.112846024921783,.952621475844428,49.1074093785471,8.967261551113628,.8464452547748822
161,6,0,35.97615381051924,6.244230594815376,1.111913980407948,47.95197712110204,8.956284809112775,.8837935583577474
162,6,0,33.55700008761546,5.970071054056678,1.123974330490365,43.8358626894906,8.744297496518714,.7488666571669751
163,6,0,33.94972383643579,5.901042252139322,.930560438733127,44.46067546609577,8.393275628181545,1.006003467075051
164,6,1,37.68440320509216,6.145584025463071,.9259171384137311,53.02614118750538,8.598876303356819,.8818595472123837
165,6,0,35.11789152698457,6.134290707221019,1.148815877552353,47.97229747588308,9.163339272771285,.8751651396122765
166,6,0,32.59931941411979,5.963717338989439,1.077292691238661,40.63658583099387,7.98994157766174,.8467431395689715
167,6,0,34.62906532830603,6.043206625839743,.8818097066743849,46.49782084280967,8.539281975370589,.9556274888365275
168,6,0,31.48738194530671,5.808793806970301,1.119598912389018,38.75819573880638,8.128045363339782,.8771116506986715
169,6,0,34.14280222358953,5.931223126131483,.9130721364712623,44.22440816551038,8.134176780037373,1.021361922202125
170,6,0,33.8515720672034,5.956171963246862,1.146180390815588,44.92653714650433,8.31176877693524,.8207542506635244
171,6,0,34.15728971217792,5.983739989728007,.8857365836783546,45.53445586334315,8.847225959382737,1.100729183865583
172,6,0,33.84831541343962,5.925017383626533,.9263195535696704,42.82812336269953,8.090269983287433,.7613108950490095
173,6,0,32.07571686878796,5.987288953000264,1.083162837803584,39.77132269494468,8.06089071804888,.8638613012664155
174,6,0,35.73223599486066,6.154938401937486,1.078458694618346,48.48931594130536,8.667768129340008,.9125416001430519
175,6,0,36.19300594751262,6.162833207581055,1.015314624404104,49.00738903533309,8.616437989064812,.6914932537383316
176,6,0,34.0582926062253,5.995439554707022,.9528928227627278,44.3573124787472,8.57699559559153,.8475247809774836
177,6,0,35.24191136648327,6.035346820523598,1.008091019191991,47.37816075531565,8.702752048798652,.7774052904279334
178,6,0,34.25693815520604,6.081513498098746,1.006550732459708,45.65965464320425,8.683122574018562,.9704106746107111
179,6,0,33.03814526924261,5.853888801091451,.8808990761035989,42.2432060099061,8.165668349792071,.9198774867971635
180,6,0,35.37933685587198,6.267352242845455,.9597243204585165,47.33862973817783,8.927336057377824,.8429098104313046
181,6,0,33.94619030657474,5.917434431745034,.9541738163752942,45.01682686401126,8.123725787475104,.8905571209415716
182,6,0,33.51240471166155,6.006472395809765,1.140803302125051,42.69803129264013,8.53548627924881,.7930850137716996
183,6,0,32.14335586391487,5.7442373421666,1.023646751852288,40.24468281873904,8.053441736211562,.5462217769424457
184,6,0,34.29299736652052,5.944779585786161,.9280868188737058,44.21300945981091,7.9364077837089,.8862114437697228
185,6,0,31.15671960006689,5.599973427786036,.9145402033051766,37.87870898174835,7.430025469110459,.9625789767811231
186,6,0,36.33004917087093,6.22914731433861,1.221859472444002,48.2478160811876,8.650721023864543,.7578141155997781
187,6,0,32.40502275908845,5.791729739226513,1.031098453475094,41.01982520272941,7.777572696975553,.673123149576867
188,6,0,31.3065656856133,5.747623988985568,.9523915647141847,38.75107607007607,7.738327141293933,.8666248813385958
189,6,0,34.52263476109463,6.134844096013925,.9543943353752011,46.20550777247713,8.807326270977589,.8761566810943375
190,6,0,34.38270164341691,6.053643956397992,1.067651765060093,44.29738954257071,8.204489818314251,.8472400128541279
191,6,0,37.94909431945353,6.270997179454495,1.141169465179344,53.3702777945776,9.116717031399867,.8619052680122637
192,6,0,35.59192353818692,6.101284987702548,.8851248633059683,46.62512856071506,8.287329068593307,.7438782280697244
193,6,0,35.80618573037081,6.23671198155292,1.039019474288147,48.39039975231714,9.086774163690897,.8878394324941681
194,6,0,34.30731916632308,5.88865981365503,.7982530668430462,44.11076595271725,8.012568165303362,.9941719136519996
195,6,0,33.24952366116739,6.028296118623953,.9655842617751309,42.47526307560797,8.659383256080238,.7038532998800526
196,6,1,33.51193504959931,5.933462270714996,1.011438088668585,44.51344507936119,8.759371010485264,.7214360945375597
197,6,0,33.96303186829403,5.999581695705891,1.117996180003687,44.50153671075825,8.627020353062541,.7329795452314619
198,6,0,31.84570373649921,5.849636972633526,.9233509050091586,39.62073536505231,8.121266485993795,.706886852504188
199,6,0,34.78010776133896,5.937546657800667,.9008960212098145,46.40910848566032,8.27453693400761,.8983319292329029
200,6,0,32.46475913601567,5.791391018109871,.9770017788720733,41.38335566348377,8.089929950662649,1.046652925907753
201,6,0,35.60540679173391,6.249320233699061,1.032143867878334,47.23407821806159,8.797260119510875,.7178375929955164
202,6,0,35.8619701382392,6.068737623320934,.7850763583018444,47.78229616337964,8.735233951927215,1.125844807617954
203,6,0,35.50317975353438,6.087650998013801,1.137273755430594,45.86774986597899,8.428708081068818,.5827291359874878
204,6,1,32.05757327417142,5.732915678840453,.9809096238365589,40.67867802114137,7.963386040089815,1.02630466483988
205,6,0,36.2544004210764,6.234667480005539,1.081601522298417,48.31732162139049,8.652020065255755,.7127278681315762
206,6,0,34.90119599675867,5.934922811078483,.9374664412274443,46.57222169944184,8.357171892736945,.8520690424321232
207,6,0,32.97500456989555,5.840322679993295,1.199019094678936,42.78521786394455,8.05082278352376,.8801056464542939
208,6,0,34.39237099581027,6.049434319197957,.9806450391079228,45.18867807317895,8.69118839446206,.8078660961300291
209,6,0,31.92424993153722,5.865578957901273,.9520471988356153,39.41798902029219,7.89048348467772,.8727376951992712
210,6,0,36.76070575023122,6.417267717461284,1.102491087597042,50.39961847226078,9.222781683116912,.7260656169814287
211,6,0,35.8152919964153,6.256847686715646,1.102310141303642,49.64145983870587,9.240884606942242,.7690789504277266
212,6,0,35.61178481316134,6.148450555433619,1.116640764168142,47.75348977267069,8.694750433104792,.7927326385384174
213,6,0,35.05807531262805,6.141574805692301,1.146506922974077,46.22444436514878,8.541299268380321,.9679782425645058
214,6,0,34.60324500655567,5.956843078991175,.972248294875026,45.63444383455389,8.426389065039334,.7459750357038492
215,6,0,31.35657370113064,5.630187120300293,1.093359118190368,38.80761769027375,7.735215690763131,.7863766149325375
216,6,0,39.2559244602963,6.523137378722682,.8901928728239834,56.51570982122897,9.685648510749925,1.07751589384409
217,6,0,36.15535362867428,6.111919983351569,1.075427269796236,49.52470734222243,8.974920636793735,.7766320985617214
218,6,0,37.87505374163592,6.206781725532726,1.160051664801267,52.3499047073671,8.741631797190349,.7334097703292179
219,6,0,31.6850523673139,5.754428419136153,.9887162994939135,38.51671775001898,7.855991898353746,.8170073990433592
220,6,0,32.15104961487081,5.871568732860212,.9632058991456012,39.35810757832666,8.100608088902526,.8263348786757888
221,6,0,33.68264940693278,5.937282966646104,.9303367303062444,43.6956581526842,8.171466236993592,.8223231725599812
222,6,0,31.81704509389551,5.798320715533605,1.030925846916444,39.55835602120963,8.195991053614202,.7113298099293954
223,6,0,37.66966635752959,6.330431551546988,1.029091152823176,52.7131724059827,9.09764167146872,.9296261713852053
224,6,0,31.69873260579358,5.690361220993095,.9802602743744946,39.46371973188877,7.837375706491264,.9506187285904923
225,6,0,31.86969820154569,5.882619719508552,1.244353283419398,37.97138281410351,7.977730000803659,.9771771290650269
226,6,0,33.67443673571246,5.893541123877239,.9435335655676387,44.22237986547184,7.967467075373035,1.020686331747734
227,6,0,34.93847915224205,6.126903892078182,1.043237680970893,45.38283728035917,8.843279517422085,.7366580902590577
228,6,0,36.0921483835246,6.137813283056867,.9545741199853663,48.41117466261948,8.672717030373521,1.075950054624276
229,6,0,37.80603617110024,6.208528967122971,.8850209345780189,52.59651719527725,9.037922934901719,.8959927308714855
230,6,0,38.53414507590934,6.552335130872186,1.05547057178457,53.86353206149354,9.608155544784172,.7862082369891478
231,6,0,37.13318416690226,6.131138925546577,.9396487441683146,51.73168479082213,8.907713605803053,.8646634221234316
232,6,0,31.09693844843095,5.598307513458449,.9784427475329132,38.31440648630532,7.518782803818834,.9570468097370766
233,6,0,31.50594072650573,5.786779247562015,1.078875082532387,38.77966713583169,8.402556129782338,.9051135928075483
234,6,0,32.54611089241569,5.788187476050995,.9460607908815821,42.76373051143111,8.326716171202133,1.005877482850349
235,6,0,34.39615778180092,6.052353057433186,.885417158558055,45.11067804964319,8.591335411777804,.9073907545863369
236,6,0,34.70365965208337,5.988135054402064,.916660503752563,45.44615169026446,8.449330105939877,.8315593742034806
237,6,0,33.67341511372445,5.809816888482592,.9472753535232855,42.76626401853167,7.775802511066622,.9142449901685751
238,6,0,36.08381955317135,6.035725730482085,.9414561693411712,48.2543615735317,8.80858456873953,.9897918261216507
239,6,0,35.92055572775961,6.188035665866511,.9965523859547705,47.3896570996107,8.819312137950549,.7391822228878819
240,6,0,31.2587473498423,5.721976722205643,.9817876702309563,38.74141852687463,7.853887063053018,.8839533104968795
241,6,0,36.22234253786684,6.273652127416028,1.075560803494472,48.6532737738012,9.370980931987319,.7375783791080368
242,6,0,34.57965990042071,6.09352750402828,1.062812638815122,44.18877525681147,8.464325587676928,.8339247048370299
243,6,0,31.67302380862684,5.675832863375836,1.018910145413156,39.90653457719213,7.888266663487698,.9410482155985437
244,6,0,35.269097342111,6.025183291454555,.9712090869483467,47.01037589349821,8.590795359965579,.9938750806744437
245,6,0,29.571824617837,5.578976696506501,1.249714222621016,33.78770923006414,7.51420139569873,.9216119282332864
246,6,0,32.99757271541603,5.786531512900774,1.105222142635363,42.669248296828,8.081789918850854,.7973092765883419
247,6,0,32.75516985419878,5.886411202521897,1.045214664176741,41.61196391677392,8.584731233740385,.785413200642972
248,6,0,36.73633281195347,6.112898473540136,.9196983629511567,49.94249481741454,8.443510285784875,.801955164627519
249,6,0,31.11149105160598,5.615198998544958,1.097647133101232,37.86967681972418,7.478408275560618,.8461711507752198
250,6,0,32.20508918026525,5.787715769859477,1.035389772052913,40.84339889555629,7.915539609630053,.8237421616278539
251,6,0,32.69390323185974,5.904361928881873,1.111956945121166,41.56228536729822,8.005933934841101,.8288486764853648
252,6,0,33.80544954210909,6.178406787486967,1.116574190233072,43.4252446026635,8.761698446657647,.8076388434933074
253,6,0,30.88872211196852,5.794495299592825,1.005671192276561,37.71109581367008,7.791995150616616,.7836088933125877
254,6,0,34.99290149613208,6.192986082178537,1.022799755815226,44.70051457355982,8.694729649043579,.5894951487287875
255,6,0,33.06514722221939,5.935093086014576,1.10520404885082,41.53497936574956,8.196814640885,.833575696744408
256,6,0,32.50433113652338,5.998557892662031,1.163641709048672,40.84473028308606,8.192934406234615,.8283957707786154
257,6,0,36.94505012915131,6.08249710869316,.8426464222104413,50.6702515803846,8.526047611403952,1.054016148920498
258,6,0,33.05885977127043,5.9410777493809,1.022092067465211,41.80883183761524,8.0393993408998,.8459933842208625
259,6,0,32.29306540644916,5.781676051330948,1.000129267092335,40.86507528903069,8.146639070996528,.7500675822942807
260,6,0,31.05208891974062,5.742946921675106,1.019169410649777,37.8964563200614,7.808958613332371,1.010951701367612
261,6,0,34.90010646044046,6.227621046146385,1.041736954263472,46.5381040751248,8.570869623757268,.8302979962104199
262,6,0,36.95994321844365,6.204364007473543,1.097074874515269,51.09811050922585,9.058451756912614,.8448818261059511
263,6,0,33.62741543863066,5.850176353259508,.8292677055558134,43.5321096325844,7.964483078120404,.9341267928514789
264,6,0,31.4198454421467,5.638239345794836,1.016553230645576,39.00091592917025,7.640196901942308,.7955726106515997
265,6,0,34.06772826635804,5.988764502020177,.9150787100161473,43.78288729700964,8.165088178258381,.7459283247440396
266,6,0,33.40966365150797,6.00470612691859,.9777272554547507,42.16859684248161,8.277895629396189,1.002125252344724
267,6,0,33.44441586452874,5.985398439850128,.7881014015383183,42.10619822321404,8.116073926190488,.9620515211579815
268,6,0,34.21184447382912,6.096039873675816,.8245559819654726,46.07137381818954,8.469629448557418,.9118340273172677
269,6,0,33.46685565456748,5.960832729418375,.9640960307522415,43.77495360767548,8.338854877952484,.623042644154771
270,6,0,34.26371852513365,6.017579098046901,1.015055306773364,45.07238699249452,8.470773347810363,.5633640264384507
271,6,0,32.45555850302382,5.774837012509063,1.093540065308458,40.65622254523819,7.748724122040193,1.106373567223742
272,6,0,30.3640230288789,5.632898892396788,1.284374699175156,36.62386414861762,7.555007628418759,.9567519356963369
273,6,0,35.15319482674839,5.96724188778296,.8996657826182299,46.61235946716931,8.477316388311934,.8777424763195898
274,6,0,34.42573357044596,5.997051742819266,.8152868871798602,44.09732076111578,8.150219925987493,.9908611023194122
275,6,0,36.67889405580286,6.2151194022839,.9408875879058674,50.32727282441077,9.178357088640853,1.062545913018905
276,6,0,36.61570144222121,6.257348220875369,1.145937390579302,50.00425775946134,8.898860930596586,.8610066162978108
277,6,0,35.03788613704251,6.065691508239445,.8963940042635288,46.51831819775174,8.514348031210933,.8852240128185376
278,6,0,37.4318566040313,6.253238829188491,.8363087329626375,50.31761880017569,9.020256240167852,.8806475193538738
279,6,0,31.65708782458644,5.686361509265513,.8723410043211773,38.60077493208102,7.715568477620044,.7656475332660806
280,6,0,36.32355325957824,6.262704154775848,1.043646525553174,49.52422816960949,9.053523097147236,.6482368659013056
281,6,0,35.11207498875849,6.095113890917256,.9451137692137439,44.928802103925,8.252763617737399,.7430616345393068
282,6,0,32.79684896901596,5.986202813566099,.8555710041091459,41.03882995676116,8.36114600497431,.9346566256627286
283,6,0,34.04160863815842,5.966460752178951,1.048045213848244,44.91114813825692,8.477514197741858,.7183380732983327
284,6,0,30.40896105980251,5.721808231850279,1.017405446423524,36.33483201082061,7.94532690749125,.7831204175318424
285,6,0,32.5979677507414,5.916624283362683,1.09495046066418,41.32860706465902,8.369453703732876,.7107806775057378
286,6,0,34.34610312288418,6.149427050083562,.9534026135812166,45.06766447291351,8.656622732450803,.977231728927672
287,6,0,32.5365096058221,5.684976064353555,.9219946514975375,40.71361960179694,7.505104165270102,.8528086574015852
288,6,0,32.63387300039669,5.873895414852676,.9232762405616475,40.83900613437404,8.022653037470402,.8862399810903027
289,6,0,34.37908001046212,6.071889041658285,.9698617715993294,44.82713674664578,8.518489521254818,.9198638951874094
290,6,0,38.9833680032082,6.412424901706487,1.100465344116482,55.01619092993404,9.259887346510423,.6869649205824657
291,6,0,34.9332256409289,5.89119338320477,.7709350296043834,46.11997847255545,7.993227706674649,1.040632719795157
292,6,0,36.06561817479827,6.170951036941448,.9287642128298419,48.09913072022898,8.719899231960259,.7721218397122454
293,6,0,37.78449101152365,6.189051881592492,.9074480584513497,53.13203626566733,9.237737940884029,.9991250953215419
294,6,0,32.39158546841752,5.864236202939495,1.002392489507995,39.76026843287261,7.696685856485797,.7606160811378547
295,6,0,34.38228410157162,6.002060225413039,1.077843758570438,45.09582286159188,8.346936135838716,.6735392636334168
296,6,0,32.39967370767237,5.787760191303454,.9230790771499331,39.34122798870111,7.574537064636366,.8814495508763914
297,6,0,36.16154862608683,6.411182797640831,1.131622862905481,48.83040242436426,9.123134897541609,.9556312868473336
298,6,0,38.77038949279473,6.350147678323411,.9183223370905711,54.82316509771231,9.358781579089278,.8800175460626741
299,6,0,34.79080295957735,5.897419596510823,.9546672416558435,45.71957342925514,8.087873072674654,.8874366629295271
300,6,0,32.76026354978898,5.830994172631526,1.090813777008014,41.798029424375,8.084266237443817,.7273167044372313
301,6,0,33.95434083044398,5.979846421291574,1.011722546185359,44.37185372688602,7.939969469660637,.8982960016161334
302,6,0,33.88108400835927,5.871125947482295,1.075727742333363,44.04250477942245,7.991149494529881,.8489032459833464
303,6,0,36.32243121719894,5.974529817925721,.8975323139913219,47.79100967305462,7.749741888195607,.9124148125398929
304,6,0,31.75362445986355,5.663995633154117,1.028962409194633,37.50035796862189,7.392638678559575,.7114330261873922
305,6,0,34.86031119276639,6.125908172639327,.9576367785141962,45.60502123669103,8.623540403656692,.710678029893471
306,6,0,35.62273222480887,6.079509850361804,1.035546266681328,47.70958598520853,8.649953834972358,.7473000975440242
307,6,0,32.09753361087896,5.87326605608285,1.111379853060821,39.56580091578235,8.055172721723773,.7159075201964999
308,6,0,32.75257406791548,5.665125288783308,.9766440897363193,41.47345876148525,7.878185060541095,.7967164714889504
309,6,0,32.54013423467394,5.866726543509973,1.071633623495198,41.28246983090263,8.261370426297102,.7778923751353102
310,6,0,34.4583827283431,6.079642081600771,1.174087623975799,44.71350637108798,8.294313957555499,.8171839505566983
311,6,0,33.81281169080084,6.023189484281854,.9764000134509063,44.03543332166851,8.073066703356345,.8637716397901226
312,6,0,38.97437016409317,6.371405866258699,.9326838816280756,55.48524873681646,9.289468061859544,.843806754164921
313,6,0,30.55640910907903,5.667695249312175,1.081290948747453,36.49832899609189,7.595745651719841,.6159353852366883
314,6,0,34.88802988829345,5.858118224207652,1.071397145659707,45.70003916709678,8.144899993715153,.7348838068288892
315,6,1,36.74016664658663,6.004217240899358,.9125525747711053,51.1374729806676,8.678333972490126,.877016222336478
316,6,0,34.96831774601411,6.159187351164262,1.126530084374888,45.35818933180462,8.583923413762918,.6731049554082874
317,6,0,36.41364496726631,6.244873646127221,1.036244620902764,49.53085991770599,8.543426637446881,.6821419820552664
318,6,0,39.04773720372451,6.326133011458845,1.010226671996107,55.26826632262206,9.02278329592896,.6436980216810142
319,6,0,31.45071125216465,5.806800805977966,1.089043667177121,39.35280559336304,8.209652164287013,.9269542296408892
320,6,0,37.07765615156656,6.313621082844445,1.132694395486833,50.79293386160793,9.40272728142123,.8434616516038991
321,6,0,32.0880427579771,5.827950354965117,.9452880339062796,38.42178417990032,7.702348645216306,1.022393301889831
322,6,0,35.97371134416275,6.168820552557506,1.11155057778227,48.70364118461925,8.687359305874711,.6995787650573226
323,6,0,32.79458666273091,6.006714151618271,1.105718608264485,41.90227380328633,8.50658963216029,.7976758196811556
324,6,0,34.34292083092927,6.138639125237126,1.072996920850405,43.53116352715113,8.148995009466969,.9453546512466744
325,6,0,34.74934503223923,6.070616787703004,.9731660729777918,45.54865543355182,8.809259648386101,.7506698958326712
326,6,0,34.55629348941471,5.890438168347652,1.062317682084158,45.67301501746712,8.086809674241264,.8205564822091206
327,6,0,29.9886740619622,5.603822226831301,1.190316491277415,36.65465126294356,7.729746405981892,.8546964219258608
328,6,0,35.60359932529706,6.218400290873006,1.033321725346884,48.23079085441475,8.973343452920055,.671015465553176
329,6,0,41.34815542142663,6.447927124031428,.8578692382515032,60.81479569579244,9.173359533360809,.8463770956791377
330,6,0,33.22266275737628,5.892126439396445,1.000120333585741,43.36772446979575,8.281630339885076,.8674684756004887
331,6,0,36.42818645582514,6.070428572958968,.8573131207532854,51.09830898596287,8.800175814257905,.7778651287024564
332,6,0,35.46913632735851,6.005981125518619,1.022500382417637,47.8083625076348,8.679926956234636,.6126911477771972
333,6,0,35.75762070494362,6.167181108142131,1.04483079210787,47.67377868167189,8.381387125061183,.6631633597250682
334,6,0,37.81221827403146,6.410507931900336,.9047247087065511,51.54161731562575,9.292673005058433,.9444092690037991
335,6,0,37.47267902960827,6.199724065212104,.9234845018764408,50.99057591549105,8.702266184455729,.7673906379383938
336,6,0,33.88439284215791,6.107457405167562,1.141572965931809,42.97271778048166,8.340663828257378,.761087203540539
337,6,0,39.12039391287213,6.513359693780561,1.0609069417401,55.54397226324917,9.556755859595794,.7973894140405687
338,6,0,32.72534515957027,5.891652862138382,1.173534970469951,41.39210754086378,8.128157862958947,.7431836244482836
339,6,0,34.92138047311003,5.967652782718219,.9835373415503077,46.76941017355415,8.341868617866549,.7743774054861937
340,6,0,34.68082266525071,6.176052279164469,.9925434582203999,45.34225336725262,8.887264469004005,.8495489439060876
341,6,0,32.4282079859855,5.927616169224597,1.028006525468997,40.66100616561837,8.288697958453245,.7516549410210639
342,6,0,34.79501752261122,6.001158803106125,.9067705867696907,45.74050128823255,8.579284767855572,.6891151008271914
343,6,0,33.67846796735382,6.036809833593324,1.024645058522977,42.92214040915431,8.398246600380476,.7021889390890187
344,6,0,33.80606114253604,5.855276784122093,.8816390699604257,43.30193253613999,8.005760923369214,1.057284887632601
345,6,0,32.57546106416753,5.654469731072207,.9958580923870606,40.49590528929145,7.272869427617376,.7618098908909061
346,6,0,34.06862571360585,5.979702930676877,.9977778586558214,44.30816076033375,8.56131973233321,.7722597265418687
347,6,0,30.35038042218227,5.703168329638602,1.123070150392503,36.16765149073308,7.947252926045961,.6127742696230954
348,6,0,28.80788674149496,5.428860103215891,.9441170595973022,32.96300841402595,6.957501813888036,.9334240808208523
349,6,0,35.15892557923048,6.10739239125316,1.068427160678478,47.35825139504806,8.978695182376354,.6890221508704959
350,6,0,34.74813275596369,5.939927258035055,.838740521594146,46.14290192649195,8.285578853468069,.8044294438213275
351,6,0,34.19592366566161,5.93979968703862,.9354542731330024,45.55070605138503,8.163204959195749,.7004644979001005
352,6,0,35.1073369717219,6.063177411189602,1.119031588452706,47.57822172170675,8.798121692255679,.8242341499592551
353,6,0,33.20639110227982,5.87463747683419,1.092210046337057,42.95723703146779,8.116053888968793,.6779172680135888
354,6,0,33.63638755285477,6.041759079696073,.9760496700213181,44.13103745606263,8.612592390969391,.8203648006101324
355,6,0,39.07804718282446,6.510396307260034,1.034442864313197,55.2986717226148,9.439317629501076,.737988539751393
356,6,0,34.0307774716655,5.99917412995711,1.009919135586445,45.12843163662617,8.615040639505358,.739910507703332
357,6,0,35.08484560932506,5.953886770943789,.9463434333374866,46.36912368870647,8.133675678505167,.8110126022055737
358,6,0,35.29942437381508,6.070226102070162,.9821084703652726,45.03335293323151,8.164136057842894,.7697400763631699
359,6,0,35.35693101708917,6.135474317571853,1.08053693654147,47.31604965356206,8.755750737087247,.8553547196963616
360,6,0,36.14839285616408,6.16700023801419,1.09439190600565,47.68098029030055,8.415180148091638,.7107710529470737
361,6,0,30.83320530095003,5.606058123381581,1.035365470453766,37.542926560787,7.747977381750911,.8095700995091184
362,6,0,32.67503183817494,5.748865712400842,.9071633760760367,41.66261675349486,8.02775479456872,.8347785296544381
363,6,0,31.70218902474833,5.689346352623615,.8198471693102205,40.4008668909663,7.872593958893809,1.195022755519286
364,6,0,35.45226643058415,6.065935458454359,1.00118732181642,47.70184840645896,8.593574274433616,.7051477280059146
365,6,0,34.57913075072115,5.968986906944957,.9497021514696418,46.20390223904956,8.485295051391391,.8642986370317798
366,6,0,34.43564050896308,5.981323593677385,.9141694291196757,45.23946059397182,8.468850902325384,.86434731970892
367,6,0,34.42732062843187,5.904483767990503,.9034228155664363,45.70655110624653,8.221697795093275,.9230640488736074
368,6,0,33.20310615038227,5.851146763720165,1.113531656736812,42.42791033592807,8.019638436128529,.7957436511265772
369,6,0,33.39920317496632,5.929060851912991,1.115896162169658,43.59623988942754,8.107151573786684,.8200099380276431
370,6,0,34.9396965266088,5.988593566253908,.915097306303118,46.19258163847334,8.272843802085717,.9193807805361134
371,6,0,33.86196808360046,5.885550587362373,.9618688000698337,44.23763240860207,8.327028190421075,.7605277516120647
372,6,0,35.01331617877252,6.034954866907088,1.102819540761107,47.26571728112695,8.289787603770904,.7444499376015395
373,6,0,36.4455791420887,6.265144428980786,1.059446088186381,49.54793589578649,8.789784663096896,.8126933538555102
374,6,0,39.59660606606111,6.24688934509981,.7811623660150927,55.73260998582992,8.666889083211933,.8907908361040985
375,6,0,30.70052876156332,5.758394316834529,1.231285012363808,36.28841639414548,7.694957136428603,.6473769469039528
376,6,0,34.06076172665601,6.030012154487472,.9792113987177167,44.3030835727689,8.790282587074657,.8122735967703482
377,6,0,32.38728175692646,5.731459678833993,.9282099272607733,39.68286000714038,7.557171673747689,.8246293002105504
378,6,0,36.65116359302032,6.155639360453498,.9711128044398928,48.58842355748791,8.51439971061366,.9559266279964679
379,6,0,34.22226060166621,6.000493291124116,.9806655941073484,44.46631734602944,8.51862846866686,.9231331289090706
380,6,0,35.41494549775868,6.19516605890596,1.005371961548362,46.49889692053172,8.552838443810517,.8682986806550482
381,6,0,33.4252123288244,6.07524632290666,1.020176949164672,42.50908510232998,8.458978450584967,.7774367662797725
382,6,0,36.30948917482442,6.174720978183572,.9732660668782501,50.32254171868203,8.825811025342343,.9755009114786594
383,6,0,31.34245162654651,5.843505636406349,.8945554414433629,38.87087993676016,8.025922091132438,1.045573857220389
384,6,0,35.33949466441802,5.959894483586734,.9739332297152612,45.09015582114856,7.753190206154873,.7552585771680252
385,6,0,34.43322818434012,6.070400444093161,1.012685152091603,46.36175994917681,8.585937170353981,.7128909282023271
386,6,0,34.14922752751732,5.896558590244257,.8150175233852117,44.49234766649415,8.2429097531276,1.052511898906448
387,6,0,35.37165972509063,6.091892546664552,1.213682962364063,47.51501368482657,8.495055291781474,.76350146321561
388,6,0,37.66566124590035,6.399559199430796,1.038457452787348,52.93198994678305,9.272199936691933,.7153225120543143
389,6,0,34.8869086864693,5.932296110438193,.9792238423246438,44.70231556548035,8.169110731336666,.8447233356231862
390,6,0,35.48101561206174,6.097570668364879,1.04348592597942,46.98604033125432,8.634306075484819,.9378184502634446
391,6,0,32.57575725919226,5.706958781252248,.9299702386044284,41.89032675552745,7.933697520269396,.9549775719702651
392,6,0,34.26570928860934,6.076518738467822,.9906713189643399,44.11941071126689,8.502200688727617,.7963018664974419
393,6,0,34.85799666197158,6.029179406543033,1.017601560373715,45.75543151179763,8.256421182182615,.9702268052898023
394,6,0,35.73611523514344,6.016231893416699,.998100245301489,47.60210211373192,8.200090717535955,.9204191608459287
395,6,0,34.77505511197761,6.054761484250397,.8744785928918141,46.20075935905665,8.492040717902851,1.048461480269514
396,6,0,31.26169951814459,5.688713430175406,.9487198461945943,38.24009996648028,7.667526532028608,.7720466198576167
397,6,0,34.38427285855371,6.122482154180108,.9302081276630836,45.84559888136823,8.939468355569751,.8914595579534672
398,6,0,33.68912135785833,6.066532447875251,1.03171215319915,43.77509003765329,8.743590548701992,.7096522838037114
399,6,0,36.88484173754161,6.1362822468961,1.031673402154363,49.89203626122433,8.614605221115044,.7077394584375827
400,6,0,33.66594165592934,5.966571601890595,.9207293919721806,43.42774832637642,8.145785660366727,.8657731201537776
401,6,0,32.29578181204428,5.78737702752728,.9400429584603281,39.79559336788152,7.673353644543918,1.097195445482842
402,6,0,39.566219565698,6.52313100720299,.8489941389225428,55.02614388440169,9.167612721635793,.9742421535292575
403,6,0,31.59726999551396,5.742627361798966,1.121712237192493,39.00853107218628,8.083357292463203,.7491112718028032
404,6,0,31.91885258317836,5.678272947431501,1.088862664223035,39.7569178171364,7.507521391603343,1.045581190993629
405,6,0,38.166291754428,6.422644866807151,.968620115201734,53.82306815132604,9.222139430247537,.7103605593581321
406,6,0,39.97557096901251,6.456301885494415,.7009289614093015,59.32103723719725,9.613326006308734,1.317476183884192
407,6,0,38.29406917102907,6.402700850125707,1.05740130495332,54.1284930084584,9.164639308818693,.8034729413659037
408,6,0,33.16965259624264,5.955582863035502,1.050052962425641,42.16598765148643,8.096307565804695,.606648468975849
409,6,0,33.82167451266068,5.918712435896487,.9447608420777666,44.49695021592891,8.455680774904344,.7674414577994454
410,6,0,33.89182697622483,5.927555997424105,.9640057815836465,44.74240130518275,8.098892755759318,.9197108096373106
411,6,0,32.23610837700976,5.768536210998424,.8992914872051934,39.96277187960139,7.661664029960192,.7190783606691339
412,6,0,32.35100909460481,5.714541464315509,.9796094579291482,40.2697532552498,7.598159872392967,.9054016410369391
413,6,0,39.91397286953985,6.425031320884315,.9090093103956556,57.81787086582338,9.31280227317712,.9390581821356384
414,6,0,30.41770340797213,5.770626536953919,1.169402264873768,36.30902750894472,7.854401469386046,.8018347379661553
415,6,0,34.59207113615112,5.894267336622715,1.053528147489976,45.77633115211407,8.178991444253475,.7917321774419525
416,6,0,32.2237460470902,5.899801186839417,.9983782444453437,39.8534027158924,8.638034712031887,.8273434644489172
417,6,0,35.52028537626681,6.234892717494297,1.007214410359831,46.93157427942262,8.763559888609882,.9116581715508053
418,6,0,37.85019983070433,6.180010503972357,.763605452410542,53.05251168488732,8.744246358305292,.8816223807966347
419,6,0,33.32412921461679,5.892247276617514,.8862524233211605,42.78626770353984,8.303642937061207,.8697655978653995
420,6,0,34.24539256493801,5.809612408265017,.9305268576563765,44.40742524105735,7.968440121320234,.829305382118806
421,6,0,35.3362925126822,6.132510681277852,.8981097624626134,46.14293578553482,8.452960643212892,1.012000281151734
422,6,0,32.39893706095946,5.887102796191229,1.087996893702009,41.09977408193426,8.021278128223019,.9794605401910921
423,6,0,34.23852770771006,6.016424982607448,.91849024789279,44.38081632440406,8.441063409471226,.7712256700614163
424,6,0,35.68454451502708,6.010027499798422,1.055687731044018,48.47855912698841,8.610064077052108,.7952278144367109
425,6,0,38.19855600024047,6.319981670558692,.8744730906637261,52.3521181229285,8.742973923424605,.9456496864109902
426,6,0,35.83853748945386,6.014134994116221,.9323302404283491,48.13408404635228,8.473655273827816,.7477866567389467
427,6,0,32.50653898760709,5.771886598308025,1.01979318678424,41.50836392398855,7.676792598075245,.7370386511606095
428,6,0,32.71513351788864,5.951644255238065,1.125460038444516,40.63546085530704,7.817912842354561,.9091565143222603
429,6,0,34.06789243604887,5.922711160268475,.9972902656579793,45.04949496922058,8.392288575831863,.8940997430555429
430,6,0,32.47453291860248,5.95667901273901,.855556645039266,40.69643284650162,8.452256075336443,.8981147095052436
431,6,0,32.08059395460937,5.895467546820049,.9955920020913005,39.70970987930698,8.215605347182736,.852341972674853
432,6,0,32.60965131386037,5.769389619815017,.8640365729902471,41.92459680500192,7.85260357851727,.8113154538858921
433,6,0,32.98190662574078,5.986718050587157,1.019540270289693,42.58861427097391,8.784633077518297,.7892974979326053
434,6,0,30.24464762194539,5.661245784269545,1.094177664049701,36.2737295277386,7.619748074326694,.8374420090144331
435,6,0,34.34496384275146,5.801343397531569,.7703540639297106,45.24908175322245,8.06842630499386,.9934995154205396
436,6,0,34.53262180819447,6.172645098624082,.9737681218541815,46.24402751283348,9.115647115838241,.9008551773107253
437,6,0,30.63098777246211,5.634156632218671,1.06957663267263,37.11372718599242,7.734554694806021,.7028860840136884
438,6,0,30.77111052624853,5.529960125598414,.9023001504756061,37.71617993484991,7.567511843496232,.9248290103858615
439,6,0,32.51949549208445,5.797602654256456,1.038527412608465,40.96453319176472,7.70702206592532,.6462984804727215
440,6,0,33.57131374204639,6.015494137497336,1.195836911029885,42.66770645201461,8.295918687666203,.8656516157801987
441,6,0,34.52823908926924,5.993353497407168,1.072002866583399,46.11056594962624,8.344631589893099,.7200671189190531
442,6,0,35.75247128401655,5.925000419891555,.8198761126642911,47.06110206112018,8.272512846417982,.9975104287447578
443,6,0,37.61219302058264,6.294826990434923,1.022907411056986,51.86978897394783,9.107252242082081,.9097606319235191
444,6,0,31.18562355616718,5.864592890938098,1.110242644687772,38.17174458940547,8.301582161656267,.7516322407828326
445,6,0,33.7148857102759,5.958924213217625,1.004373761621679,43.54616669289393,8.404230701619094,.7980940508436009
446,6,0,34.30912418233524,5.797113155768934,.7341765421713444,44.82284216264546,8.306815664801773,.9147335815422695
447,6,0,33.60464484161898,6.027667071673288,1.071781325059172,42.43604201268808,8.102777480370136,.6744644715022079
448,6,0,34.73096532803571,5.902842081221829,.9347105911019715,45.13578136209869,8.14438323972468,.9540105401848605
449,6,0,34.72335414356727,6.134343879465629,.9129237986164574,44.26190615507396,8.343316564932701,.7633461195798109
450,6,0,30.69989240703399,5.678059885873509,1.141517970558898,37.89500140289504,8.1420473725905,.6380535230534458
451,6,0,37.11611128667116,6.118316928404817,.963861374115861,50.35763644924391,8.400050417335629,.7746037666034956
452,6,0,38.72052503575384,6.467106511332084,.9989579019116424,54.14034353052762,9.153471920957969,.7564795346206825
453,6,0,34.8623025308359,6.15732046573326,1.001452062952318,47.55916359559635,8.986324208129634,.9801521183865365
454,6,0,34.48970351781031,5.996196062082131,.9375232932516724,46.27621164876773,8.793410287297492,.9881544071302834
455,6,0,33.47729290000314,6.107591324010039,1.103411810463293,43.25758003016576,8.541386180439954,.7844846176710987
456,6,0,35.83855445362155,6.109403022680545,.9317958221125919,48.74504165016503,8.688023526726461,.8880129175531934
457,6,0,34.6091454162723,5.873264528420116,.9668405420579387,45.38751165720476,8.396836931640529,.8976539754951928
458,6,0,37.03689323635938,6.406083013398307,1.001061907004575,50.68637252000602,9.323428751708045,.8495748525570762
459,6,0,37.36036247099049,6.420885369624016,1.01870304108676,51.97355340176909,9.374618840743054,.7020603441986311
460,6,0,32.10014645142201,5.876548692685577,1.035927741303349,40.28609838510201,8.108567374947917,.9110939120405468
461,6,0,36.53782154147905,6.111593821472662,.882448114569929,50.07163640501987,8.544598297991465,1.009114810967451
462,6,0,29.46566147564425,5.540307231989615,1.059229504392445,34.38390008597788,7.505536997628766,.8539484091320106
463,6,0,36.4422102875379,6.092530303624783,1.042562158228197,49.92567161655834,8.706158312882355,.7816871519367071
464,6,0,36.23527884886889,5.871690368145785,.8070687744242375,47.82765993910883,7.743879308734848,1.088113403005739
465,6,0,35.21218338692984,6.147934902920858,1.044570330338966,46.81924176396463,8.761779471476601,.8851078975032132
466,6,0,35.37658223632314,6.020976184269712,1.127250959180303,46.1944409625782,8.015980808128571,.781065970877916
467,6,0,36.24784690300881,6.193517944951245,.8026656746781727,49.64745562826418,8.771503140809925,.9493190062264928
468,6,0,31.2833365419018,5.822581000571171,1.131348184111578,37.56852512436264,8.03023018748922,.7650763085768771
469,6,0,35.92695572204472,6.082400836433144,.9464212768320286,47.94644023999779,8.698281181738786,.7706511898055208
470,6,0,34.70477794399596,6.272127949210113,1.146076160214018,45.31893406047576,8.633212876948752,.796475697359755
471,6,0,35.00982012541908,6.160253184810282,1.174205986902179,46.85815761968848,8.953949682103151,.9091829015151986
472,6,0,36.37254896677763,5.954209089077821,.9621837335052508,48.85571248432775,8.187904088457234,.7437281801565168
473,6,0,35.29751554134969,6.143093467450039,1.094443356528751,47.71566709972187,8.82262627616057,.9677237301683534
474,6,0,34.53981483964791,6.091023106711447,.9669989036151103,45.31603354560605,8.273151215735691,.7882704548673649
475,6,0,35.63900418184893,6.172899974807163,.879693015329031,47.28636381938411,8.616634991226475,.810002108593423
476,6,0,37.51751143268301,6.315313238646061,.9515256291623162,51.7125554197997,9.235203339310113,.7733339370988571
477,6,0,35.77841566424492,6.012603843863417,.7984666457501759,48.30242357029509,8.544678944666018,1.111423972770048
478,6,0,36.27393426433524,6.337143602814006,.9288826470809596,49.39908613046303,9.5098248322402,.9173700323810899
479,6,0,34.19826987278192,5.984391848230553,.930239920152791,45.13371822609679,8.255149469014743,1.057436509852525
480,6,0,34.21281847762853,6.231655461075485,1.095772876352286,44.28492428188514,8.81258051659248,.8269390442758315
481,6,0,33.86874792445385,6.000400080872265,1.006293021374955,44.98131603673242,8.600824861509645,.9415588091161183
482,6,0,31.18778663593828,5.519769773644875,.9159008310321525,37.43098353683487,7.208339502771904,.9377311215654881
483,6,0,34.2727410424041,5.921247649717301,.9106675855851849,44.85640823318766,8.265145182658836,.9280166916341791
484,6,0,31.68471120066264,5.673206135903181,.9201408916964255,38.91225553450557,7.555605886792031,.8591552545167878
485,6,0,36.08123825627403,6.18381882163096,1.029824520892385,49.08247046873667,8.743107490584077,.8773738135558289
486,6,0,33.26482440780705,5.856639796324967,.9260862118129946,43.15564087988602,8.241697926430081,.8621563148783872
487,6,0,38.06284806585997,6.284801086664714,.9903488732647334,52.74621622206882,9.069248781187266,.7954561887000253
488,6,0,32.83624826292581,5.816985941606562,1.049009434568241,42.97098648555739,8.351192728721056,.9113503842626441
489,6,0,38.45018629451859,6.28233361800393,.8481894225046867,54.09469501836234,9.074179904122159,.8101299919757381
490,6,0,34.23794548835382,5.957112414468773,.8364035994325165,44.58791615350024,8.150658829957889,1.084923115976216
491,6,1,29.21612804897487,5.530321674020221,1.038722667261857,33.6416488859117,7.463438038923399,.8994313972876089
492,6,0,33.76206558226144,6.003074272913038,.8117459370173714,43.88930376958152,8.606206438163312,1.128908387051965
493,6,0,33.37694018291234,5.812934586380552,1.139913498194217,43.04048905859139,8.183945647612591,.8273439547982588
494,6,0,36.96731318641964,6.170276136922156,.8938853329939401,50.03297141128844,8.666626841448414,.961031796551126
495,6,0,34.34336941318493,6.046653067432179,1.089273551981798,45.76986448003742,8.897378330252193,.9254781826878051
496,6,0,33.01779399930592,5.97701839053857,.9668545694664669,42.35978355296329,8.487303578282082,.8490226630758914
497,6,0,34.12070757490261,5.968722880928164,.9900759935823616,44.81776275031015,8.411281064753487,.8032435784384122
498,6,1,33.01826185693237,5.746711524364582,1.072040914078441,42.01810772709193,7.665852209934084,.5834941898826639
499,6,0,34.63513012658903,5.916243751248667,.8967866455162656,45.55389480015742,8.495552769356058,.9328311554135819
500,6,0,32.19898593832609,5.875862999627352,.9931902317690569,40.97547732622178,8.432360023891645,.7265305092559829
501,6,0,33.71066726359045,5.874861142492938,.9637054896253483,43.46948298219418,8.052636997459317,.6487485585206965
502,6,0,33.39974044535776,5.919707773209868,.9528569027706648,42.16368322326607,8.131960327139527,.696802204210762
503,6,0,36.75826204683857,6.210086032130938,1.076600727548858,49.80918985438699,9.071917941156206,.8642565053810644
504,6,0,33.43408189790975,5.887651797359221,1.023984199523428,44.13620990246679,8.47152271790261,.9405783149247203
505,6,0,34.11616465082021,5.985147328670598,1.121153371893893,45.34863826865793,8.52900545765891,.7153638336998823
506,6,0,32.3604462364012,5.899025283424051,.9591285614717634,40.26987326018498,8.161322210199751,.7712984984852651
507,6,0,34.22122956832882,6.111236919108145,1.117318556534957,44.94072828725867,8.477761499991058,.7859863930629842
508,6,0,33.19359718901124,5.888509375337946,.934070659046804,42.88463224155345,7.931693042415203,.8004678608347273
509,6,0,30.16877436131735,5.573923282065583,1.010485377957809,35.37708438783054,7.537649378786981,.8568758591654471
510,6,0,32.190808247629,5.859782038197889,.9919647629457007,39.71672399627295,7.888772174525972,.819257414444554
511,6,0,32.03030533134952,5.855357185107266,1.020144428614054,39.01488999312485,7.515350903920925,1.028072531234571
512,6,0,36.91612695550519,6.209552163967293,.8141291654075912,51.9054605369913,9.159717324460855,1.123737664115571
513,6,0,37.0886859869302,6.346237950081473,1.043966273758886,50.9888344096247,9.254181782798369,.5744219512901627
514,6,0,32.95282612863295,5.980388339897469,1.123410088900152,42.23950199020803,8.324066711373764,.96301146160719
515,6,0,34.92776618824898,6.042592161383298,1.215035767593233,46.02101783148886,8.516457002268998,.7191272680886029
516,6,0,33.74948176598806,5.825253709203774,.7863808123696996,43.91701252689235,8.108091554906794,.9725473034721149
517,6,0,34.0996374192236,6.033052711446214,1.001102378021558,44.38347323508594,8.606283427792441,.7901502640141196
518,6,0,33.76680814801417,6.050427398833355,1.003658222105297,44.11251221574383,8.504677282500747,.7104569750207259
519,6,0,34.89693868133334,5.979940627549477,1.137640441103295,47.46756845810941,8.643992487559933,.6804713468746961
520,6,0,37.73185314995744,6.259082808719432,1.16107626069276,53.36994886689097,9.089428376374242,.851646313808509
521,6,0,37.10622381658681,6.322779910943783,.9246402275325487,52.84491123479615,9.382117663390542,.9295267045808526
522,6,0,31.82269797105071,5.863844898544571,1.144245325333378,38.56142673464899,7.729123846748092,.8300567779486148
523,6,0,33.09050285702678,5.796103103046825,1.073054611221798,41.69605109483818,8.142932048126866,.7516651637841548
524,6,0,32.51779615702782,6.137554255669939,1.021211347120506,41.07184876458171,8.646294028492164,.8223042822096391
525,6,0,37.04444644316967,6.085043991581239,1.056734524182357,50.54430650263654,8.510542798820282,.6428178619406869
526,6,0,35.83260233437794,6.050476398090167,.9952660460754175,48.10545832096096,8.061737876716245,.9081897268153951
527,6,0,32.96381486786346,5.963460530207178,1.052415788397352,42.32172659615138,8.337631946496503,.7878761183474692
528,6,0,36.38551018271365,6.112704283110861,.8502380140588182,49.93318466286915,8.557010846568671,.9058736953646249
529,6,0,33.70786504820725,5.884284951644035,.9893350558670897,45.34225026948631,8.444648421559918,.7350115903371502
530,6,0,36.2157025722146,6.092621224367361,.9010427162181569,49.24717899654719,8.741120612801511,.8184859621049562
531,6,0,33.30712818156928,5.892578387063431,.9396142788735092,43.0003282042332,8.491967856982532,.9325564045417325
532,6,0,32.17217245994797,6.046088392915312,1.091207408268663,41.76464665754627,8.801405809103409,.7782516449828696
533,6,0,34.69977066498947,6.055849922758504,1.126768870206147,45.65128955728653,8.305198405906582,.7454074139748372
534,6,0,30.91832847304392,5.591217171445247,.9272380752605296,36.02673803438157,7.273145126677858,.6320570264674495
535,6,0,34.0424295340878,5.994210474978269,1.133192469464919,44.43086921556157,8.357865685626788,.6324226506325281
536,6,0,33.31497986962886,5.851925318741807,.8522539911326559,42.39582596131027,7.86191984536066,.7894810784532341
537,6,0,33.4196283351241,6.145289152671124,.9983814964352619,43.76393214955521,8.551793689475801,.6838129875346843
538,6,0,32.22477183180493,5.709870589879589,1.021178459878732,40.58453633071316,7.63396831209471,.7534995740630708
539,6,0,35.2123073949753,6.16505748536487,.8851748446367643,45.30683967911763,8.45268316889258,.9781032609579862
540,6,0,31.89798398379379,5.810933406673573,.9748966126282266,39.94633820520137,8.006005509906919,.9167556766745093
541,6,0,35.93040182751025,6.045203062534182,.8616181859044904,48.13391331261519,8.288916449474938,.884616545651556
542,6,0,33.88396986652005,6.031112600963357,1.039681470084676,45.20602220858788,8.576138265994279,.8418258380258392
543,6,0,36.39358683191772,6.150163179667979,.9693615685096486,48.97801572725467,8.733818424875063,.8779861740878768
544,6,0,34.80958375423637,6.070239484777699,1.034835489982215,45.4985357556648,8.66097612889067,.7210071487423708
545,6,0,34.69782180426114,5.933079992381529,1.018237387117529,45.65244712921785,8.26347947759173,.7808369932380376
546,6,0,33.26893327263357,6.018054356780492,1.074046425472319,43.27034987154528,8.347116258441732,.761517507381108
547,6,0,34.05638262081926,6.004762704932886,1.002209629723748,44.44520853919595,8.593561653351669,.4614209488169007
548,6,0,36.55570001092936,6.299905644961209,1.072243254642805,49.62333243699683,8.970854508559491,.9564826296182171
549,6,0,33.7564669111532,5.754912559554737,.947162210224235,43.87770122732557,7.899352049215957,.9557042338177963
550,6,0,33.59585900591487,5.923539308543176,1.003499110566333,42.9972466348025,8.338428000759027,.705179789397494
551,6,0,31.87390869008713,5.807726109556361,1.192627569982173,39.17598657407568,8.233270661256382,.6792588776785641
552,6,0,34.2123190161926,6.097866464044466,1.038925868678356,44.03997302127985,8.580986720727953,.7672014773318538
553,6,0,37.0364686966567,6.336080297246871,1.093811436524527,51.46911768901067,9.133263325524521,.8795115150359546
554,6,1,34.36290248804439,6.007967363152137,.8691544197404,44.80236681964544,8.117301234628966,.944778537419688
555,6,0,32.12456991322415,5.802870997312438,1.009904642276031,40.48562904295306,8.077802752258886,.8302217410335353
556,6,0,36.70153432467301,6.383836548615059,.983574673881587,51.51252622505552,9.517276373910791,.7912876580563697
557,6,0,33.04187192240381,5.774194111227387,1.047936209885368,42.52579481604226,7.95445848783095,.9866862184133149
558,6,0,31.90514859283571,5.715264411352046,1.083107348711684,39.51852670024594,7.841420583824239,.7320679429580688
559,6,0,35.56598655915533,6.187678002806482,.9507683716143236,46.89614784986064,8.424860698823521,.8608466776339492
560,6,0,31.90568975119255,5.666882338452689,1.113528608640774,38.92736258905384,7.700339090848463,.8576784283316103
561,6,0,33.53198115796248,5.952195255737582,.8970571562032594,43.17884473445091,8.420163470806607,1.031902815993455
562,6,0,33.39843607863573,5.850275386096499,.9777752233040984,42.67227960754006,7.781178978928594,.8556158158440235
563,6,0,34.89034416634502,5.996013166967875,1.010922491788889,46.21475489638006,8.155544569853742,.7509250509654732
564,6,0,35.6667624189358,5.962287201752619,.9307535160888027,47.85912269993648,8.461937774422031,.8689349769021081
565,6,0,35.20903456084137,6.047195519847295,.9380793513472626,47.12352903871572,8.591125032915111,.8394640204159036
566,6,0,33.62825572613399,5.883902010329018,.8370454669609975,43.21061207505613,7.949792322193111,1.112067011796907
567,6,0,36.31789899467725,6.26991403663659,.9488681691588579,48.84133676805046,9.056385821821774,.8046848299177005
568,6,0,33.91418566086844,5.973708387197666,1.017690737806769,44.49556912620238,8.39008131903336,.7480765798749563
569,6,0,35.51475385119009,6.163049343572846,1.040768563481902,46.05757364161381,8.736676706555786,.9651189931847832
570,6,0,34.63272617803838,5.933192730187073,.966625909796373,46.12460346165403,8.442118672197767,.7465084475475601
571,6,0,34.48984547772006,6.023512019790309,1.026866102028279,45.53716102896942,8.452951493987864,.8044138460729913
572,6,0,34.10095641721891,6.004298162794878,1.007378141439379,44.95689707567691,8.335585309759958,.892363282125229
573,6,0,32.33498926264841,5.552145979945339,.8315677587329136,39.56514812689555,7.338825949475245,.9141206197221473
574,6,0,32.32462250924139,5.814151680398544,1.227115607347142,40.43695308475088,7.891299458750009,.7769459633420372
575,6,0,32.72150256770632,5.809339172959063,.9949401004332461,41.33299368636621,7.932259507875583,.7753006098888747
576,6,0,36.23987363371644,6.068253167306667,.9256286813548176,49.09894868033174,8.451235068068044,.7436355884156201
577,6,0,32.96459000148106,5.775904045853071,.9162956837343448,41.59327353782765,7.749230872455371,.931462262650121
578,6,0,36.09434822079092,6.175242801142405,1.050421007917308,47.74893924046886,8.554663292579722,.8629205709128013
579,6,0,35.62850058126328,6.225800590976885,1.111540162586251,48.61167953513036,9.341946480509147,.8253107512909968
580,6,0,31.92182876088641,5.667109447109647,.882234586702458,39.69874608683785,7.71873067010144,.9763225216949111
581,6,0,36.16664561802808,6.068131625474733,1.079783421172412,48.46378577187919,8.211912616672459,.6617589301876385
582,6,0,34.93610144226827,6.04342177593866,.9417882250452936,46.65998721613984,8.535429259003562,.984202135586512
583,6,0,32.35317855536767,5.734631212749,1.009963200421201,40.59557238492575,7.743848187923485,.8430839730629862
584,6,0,35.48915135336431,6.002051686724792,.9802465116107927,47.58274850518917,8.53373165159333,.7974151812327063
585,6,0,35.18210666648293,6.409129025093522,1.043619200680429,47.31945425347118,9.312842418951954,.7691230962420802
586,6,0,32.60412719978456,5.815991549616649,.9327139674890071,40.93672121798014,7.981159165997455,.7967072675881576
587,6,0,35.53201406798438,6.111377415448997,.9946744580129234,46.64168957398561,8.454067150755261,.6511083363818784
588,6,1,34.50688240346518,6.121878428882175,.9352463256213907,44.9802737509147,8.603346693688433,.8972216345349261
589,6,0,33.2970686198323,5.883485138655157,.9946495262865287,42.62349323597428,8.338865013076147,.9399506732165842
590,6,1,36.42069580100463,6.206359844210695,1.028367657725602,48.93220652239206,8.739468837613945,.6840855468448086
591,6,0,34.79407987076113,6.15839730986383,.9833600124991965,46.48155976659069,8.670663425798718,.8992101659686172
592,6,0,33.86498607883556,5.860870979009859,.9921933044623432,43.7227499632591,7.958027106157566,.7739248557396716
593,6,0,36.15733600911279,6.16303814096916,.8404752499721425,47.73261244510756,8.546656129456396,.7726811525324059
594,6,0,32.39806625719445,5.802445088011416,1.093498045372536,41.58263332536217,8.425440224188268,.9045896980722645
595,6,0,35.52944071803724,6.136020622651375,1.1084004950569,48.16657349054682,8.879554625723253,.5370901092460916
596,6,0,35.59144900731871,5.942792651991357,1.062479249104248,49.02045070988446,8.461154186560458,.7724636148028164
597,6,0,31.46829655842322,5.797285132122807,1.083686488323786,39.48577106504037,8.099116884220029,.8322749780057476
598,6,0,31.99150306886837,5.87706269088772,1.090202305230561,39.6948205071824,8.031611696122384,.8795386070226057
599,6,0,31.36284885968834,5.64804576732895,1.104866576337291,38.54133884207034,7.465564229836895,.5404390061384657
600,6,0,31.00112049912214,5.818544494321196,1.067508727368091,37.18376017070702,8.183573727024488,.7422022265114544
601,6,0,33.4861539020455,5.748149149776222,.9315132808338841,42.97351470799877,7.811480705976379,1.065467784401479
602,6,0,33.8996320796459,5.89884629694308,.9156909411149465,43.84876333697818,8.0674465034981,.8215371227521001
603,6,0,30.92363145886771,5.698534625419459,1.21356688114667,37.6141343949387,8.030843098256472,.7462931863639973
604,6,1,31.12945017776286,5.792862735362799,.9215819451539772,37.01016157017973,7.572760527908928,.9213019238707653
605,6,1,35.30232421249149,6.023069893090524,1.080452404189488,48.32723070343415,8.806345037357048,.7233708403691176
606,6,0,35.94658143323642,6.21532945996573,1.201147392018535,49.51027400876938,8.669132920951238,.9784723845065676
607,6,0,32.08482941978313,6.044921191493811,1.111120365924793,41.23729127015158,8.899579218761536,.7223339105892315
608,6,0,35.08825642644799,5.978880951041296,1.041421116603436,45.96974022653739,8.554435683287668,.7314656825614612
609,6,0,33.29765206222078,6.027576690792295,1.032382883344195,41.55260675827727,8.252267584712323,.8020229709017893
610,6,0,35.35946548178708,5.999157063368004,.9729050889617266,46.62581366541254,8.262327122418439,.7961092319363114
611,6,0,35.12008071304729,6.136425890975721,.8540721125074825,46.76812217033268,8.418255504174896,1.001720992363345
612,6,0,34.27492925387126,5.923396994037542,.932628743007307,45.13727010491617,8.12645072025334,.9428174396639465
613,6,0,34.31343918090245,6.042917019881995,.9031260524607607,44.23926761918602,8.294440402757013,.8094348731378074
614,6,0,34.09666017818,5.873492820195348,1.120508619133797,44.98801356584008,8.200103570266442,.7992952388151157
615,6,0,33.06547712001555,5.829455920423823,1.006616901990277,42.69326030307231,8.161188296414293,.8713825317619571
616,6,0,34.74643395908636,5.945357528105501,.9946161438122637,45.51220411583807,8.201642939456843,.820155327541334
617,6,0,35.6131688358143,6.004405452840235,.9794172662530372,48.69358293410267,8.508914225042989,.7669815610564691
618,6,0,33.8528491393967,5.880252273231168,.9058315527264922,43.40157745350093,7.886946786299331,.9005669079991172
619,6,0,34.04880636630183,6.018446776420959,1.071351546221118,43.7305649105607,8.279649630156982,.9389574042662865
620,6,0,34.76443838194696,6.094168315947758,1.140677931885526,45.62642606513385,8.327432329354421,.9008727270570216
621,6,0,32.40241597671398,5.697515759213362,.8391333847961249,40.34232053897846,7.71381069051128,1.005713529288224
622,6,0,36.29879580748447,6.118239028404355,.8637723643082148,48.61945516969605,8.317296157724684,1.002999646971424
623,6,0,32.78294093377781,5.871421085510358,.9424987888299916,40.60756456666849,8.150446270012186,.8022425918601879
624,6,0,31.5432342000942,5.901508376140299,1.182912059651106,38.32777406397946,7.831327905918935,.6860222798359631
625,6,0,34.29191971502801,6.075742057955186,.9729554659839856,45.23356356848829,8.693519423345771,.8707653100953991
626,6,0,32.14793129075534,5.858327564871958,.9916369309821753,40.56915904853678,8.082672100085846,.7326409747510951
627,6,0,34.93131722658211,5.799684320638063,1.089943649207018,44.84862997542199,7.821192982153371,.7805754170910302
628,6,0,33.56535817007804,5.785961980711392,.8313839869650756,42.75700552389518,7.837882800633267,.9621680716152871
629,6,0,36.1553882828976,6.347141659387359,1.104442201697655,48.82352140160489,9.413371813525757,.8960325302994553
630,6,0,37.05821574027358,6.255559852270093,.9117556915129176,50.99545750485653,8.818970145623886,.7356161389843501
631,6,0,32.22745465330952,5.846148155043225,1.165329814072464,41.0727194159298,8.279530939009859,.7813363608967741
632,6,0,34.80016678814064,6.052013470834916,.9305747035963282,46.30177139652851,8.428257233174291,.7919439865783269
633,6,0,35.98965688548588,6.025426588557525,1.041792156317179,48.00412036958846,8.269095503795095,.6473439806074784
634,6,0,31.91437752519146,5.874719617443956,1.060270404034742,41.31414221320546,8.338491987543016,.7425859923524902
635,6,0,34.59185381238676,5.895088263152687,.9393671049368548,45.99778455662459,8.415564762330117,.9871010198053083
636,6,0,33.43834140648254,5.964017249355228,.8876511686355039,42.64554987023568,8.133478070131812,.806461718930326
637,6,0,32.17154261263245,5.779674720769187,1.085445980026239,39.82904172549753,7.833962880735839,.7118444394645395
638,6,0,32.22144948856227,5.871754208997181,1.008173213293435,41.57521660760989,8.231115245165318,.9886632833498499
639,6,0,33.96622098788716,6.002221166496547,.9883951083765419,44.82051310965978,8.472550481600322,.8966103683930142
640,6,0,32.71848749008883,5.892629294344434,1.025833538422705,41.58455416719212,8.33042621035476,.7512225513945359
641,6,0,36.65552996165886,6.095709348232558,.7662183945001009,49.74298683498864,8.53758294997143,1.127477984141934
642,6,0,35.62244413828809,6.221622789139019,1.100380204480139,46.8748344169563,8.710427565311994,.7795126846767725
643,6,0,35.90833491553438,6.146625307559037,.8759290936640038,48.82990583911579,8.870907769217245,.893138492314415
644,6,0,31.89028435438646,5.82671523346516,1.036465240661364,39.34283581815123,8.33849250359437,.9783685488951411
645,6,0,36.6196402378929,6.372333029593815,1.050202810118189,49.64919286799365,8.934445383195328,.9203388106751699
646,6,0,32.01642491043013,5.73676782731412,1.126969200779777,39.80373089965956,7.863549194016322,1.004298610268255
647,6,0,37.52720570635093,6.330930122594798,1.040680918103179,51.94623044231243,9.069097375194289,.7900561542692872
648,6,0,32.82795716033999,5.835387669007224,1.035049291545352,40.592464912506,7.780821495185598,.7596018593309845
649,6,1,32.79270753591189,5.730620503445447,.9520580496950687,41.76744024144338,7.751271480412983,.9384601285041482
650,6,0,32.28023680055943,5.759310750516443,.963205750438983,40.38093093236503,8.01272000785058,.8797501083984518
651,6,0,34.61936349550331,6.265611466538591,1.123005001044174,45.17832199317589,8.730929956859613,.7050051351588176
652,6,0,34.47478874750871,6.002553788308204,.8240512417216292,44.5770886003725,8.391402755577911,1.038519698112947
653,6,0,34.44524568742376,5.937997666339699,.9824940633099901,45.01755605805863,8.273607835788123,.9156819129987304
654,6,0,35.11355672511048,6.006529184059964,1.022752087460338,46.64664756700238,8.530193115917031,.8833707713941141
655,6,0,34.24633523222923,5.967521201632849,.9462498381243873,43.79460707030502,7.951102562732771,.7487035273130221
656,6,0,34.85027334597462,6.03399996019759,.9600734379125717,46.61142228280583,8.564183668936581,.9559598368481529
657,6,0,38.23859135315313,6.124455665022768,.6909987770982414,52.26946959469615,8.581634794356223,1.195394793705359
658,6,0,33.91959494479782,5.823308073801241,.8769394579179302,43.62922906520274,8.268848242673728,1.110456642631858
659,6,0,36.54181550772172,6.0646047660689,1.086365234298988,49.85204029610829,8.787777197333417,.9060317778310463
660,6,1,33.64835121330468,5.868444249847581,.7984689031568419,43.34223966160313,8.089332774061317,1.05002798749885
661,6,0,36.42360734947768,6.348522477539926,1.003408824809972,49.63166373023827,8.96473118308432,.5952923413624488
662,6,0,34.30283199148344,6.400466446943006,1.197454652156852,43.95023176742986,9.093491966070996,.7789774222206305
663,6,0,33.94042846438955,5.792248306985456,.932298971296214,43.88083296169437,7.701245875306598,.8569847114531842
664,6,0,33.79861531075392,5.738706944831655,.8333738020402718,43.29184820317213,7.591763734374478,.9317059764051856
665,6,1,32.54854649118924,5.838622758399859,1.02860161035713,41.10286629619772,8.150107271022625,.8359649098544564
666,6,0,33.64832479384909,5.889530290995461,1.003474288504933,43.36173354457493,8.06459305409286,.7845871328467574
667,6,0,33.15000980710752,5.858397139751968,1.162307882242017,43.15068081875508,8.106932480276001,.646180043189722
668,6,0,37.82053889608005,6.48151041904875,1.118725450965517,52.56699325931001,9.442395563074783,.738576305048732
669,6,0,35.73634598236782,6.054450576221528,.8863180170689215,48.31587195283865,8.369845619136433,.8031649684829294
670,6,0,34.6866510334421,5.911062551700625,1.043478558625392,45.84962090686545,8.300941472827468,.8306711053008773
671,6,0,32.87925633021898,5.71857933981529,1.029763888412638,42.13732233050036,7.854067517079386,.8323709835580256
672,6,0,34.13810923134233,5.841577188896047,.938376793165412,45.25929755352232,8.14567468310776,1.022582288730044
673,6,0,35.69923678170666,6.061478647956723,.8660545618777749,48.61917317068297,8.415197122910797,1.042117933723693
674,6,1,37.39169804065826,6.381095528648618,.9054847847716454,51.25532003843286,9.140071097997922,.8542919773934926
675,6,0,33.69613500577608,5.815164479753344,1.004718549046707,43.01975892996592,7.846548272202151,.8521287489705792
676,6,0,32.27913930026799,5.737821559361755,1.078271168275467,41.25629832161169,8.224780621393462,.7729059174261629
677,6,0,36.58332362046265,6.156354355724247,.9583791692407932,49.5543905262816,8.716729874519851,.773219716230425
678,6,0,36.06631879167116,6.164505513232034,1.00450012211856,48.70117719891567,8.546385196441513,.8789892145670484
679,6,0,36.89109052954512,6.274814272146526,1.067179554917159,50.94441141190764,8.98269251612145,.7181512645158978
680,6,0,34.47549081743864,6.042468839884862,.915306004685028,45.26891158036452,8.714541208136096,.8225802497351059
681,6,0,35.78671468887109,6.264517447491979,1.104985006108988,48.52891324573866,9.030623339453284,.9458157763492404
682,6,0,35.75624054300199,6.167366557295774,1.061663530588418,48.15003795237189,8.845482889747252,.7323086209227133
683,6,0,33.47344630334119,5.879212718210926,.9884854496300264,43.56024906540046,8.396933460817698,.8754920089843775
684,6,0,36.38951722689124,6.185778389328953,.9966843933160356,49.28682648960923,8.706266150884282,.8486306611579502
685,6,0,36.61867202647788,6.235449352334415,1.110157973495375,48.99909540620288,8.932833654317331,.7676071183379182
686,6,0,35.78428553751022,6.227602515865421,.9584234803796381,48.80376656931038,8.918083215064172,.7517748854601969
687,6,1,36.51418798447387,6.145576532216178,.9692666997519854,49.19417775900581,8.584746402811239,.8817686861812707
688,6,0,34.82370608889273,5.658928372576491,.8952232846318715,46.36430380754278,7.891748867868973,.9471175724659462
689,6,0,32.28930544612567,5.76292017648397,1.043510559533546,39.55079673036288,7.708452066158253,.919832834146797
690,6,0,34.92453393648312,6.080117429250497,.9655165608980392,47.53105651802627,8.884992784535864,.746035258479481
691,6,0,39.16093193658812,6.588755794411576,1.04348761773404,56.57264206477149,9.572834506651954,.8550904715603168
692,6,1,34.83031785462516,6.20991461339164,1.084416241867118,46.86955082181485,8.831107437211143,.6495891960574876
693,6,0,32.41082139427454,5.89492771849523,.9112166432948838,40.63636551228763,8.032799375788663,.7371457473595265
694,6,0,35.05898499234656,6.117432270484262,.9996880224739422,45.88453651910682,8.759569460349661,.8184597976265802
695,6,0,33.92832108549384,6.011595716449603,1.086921395705382,43.66832771973693,8.321484969008583,.7783242586598932
696,6,0,34.69915147035648,5.950139093510892,.9809433332640329,45.30923277697552,8.18724851520428,.8258715969134476
697,6,0,34.47702048098552,6.08931184356717,1.104917009758528,45.53944999753837,8.446570937178141,.9093567171190976
698,6,0,34.494475529979,6.173006714997756,1.023596148299907,46.00492814570055,8.892020465301229,.9790417019346997
699,6,0,36.2050010657933,6.068517079119829,.8837702531897513,49.6873845819394,8.693237852216564,.8541529814707733
700,6,0,36.62929045168351,6.346785440751886,.8887788720720478,50.40923168668725,9.379947486534748,.9681495220580469
701,6,0,36.22739143424515,6.112979365604135,.9770955500093745,49.49238642929645,8.649269531197374,.7217650911519981
702,6,0,35.58491086602606,6.134642385191548,.8869588482878318,47.16373655703354,8.694815851265211,1.022480656770185
703,6,0,39.8449571842275,6.341065628716873,.8888243107457197,56.30556510638001,9.11830647362261,1.001958223406816
704,6,0,35.70371414698392,5.926695856965606,.9328574099901159,47.07407081038389,8.068753855055638,.7490024535132486
705,6,0,33.34631751279622,5.813238248970207,1.04633021687259,43.28415100063405,8.15498802704821,.7945573772971571
706,6,0,35.60793959560915,6.047583905999209,.9147075710345161,46.61485234325978,8.171708070906705,.8435709974260496
707,6,0,34.35260620127423,6.050689890612949,1.062428608594012,45.21184317891854,8.356557045516395,.8895278172287182
708,6,0,33.74909461681548,6.059782661808729,1.080854480115622,43.27761509736573,8.40381268321423,.7672021572520292
709,6,0,38.02935775198689,6.280530667906165,.9548462020402617,53.27342680112574,8.889355751329253,.888578088971236
710,6,0,35.26061502388982,6.075596647191992,1.028901195273997,47.22068245021921,8.525992058451831,.9263690709201973
711,6,0,38.7520146539795,6.443499911577808,1.007201155474869,53.36800548146871,9.214725631678441,.8594713366839349
712,6,0,32.73864148988128,5.780161359527913,.9587548401221607,41.09040067855466,7.602630240382432,.9721624115184195
713,6,0,34.66757186273277,5.996950613664227,.84047337348616,45.51280925177361,8.650489998254976,1.031525641132538
714,6,0,34.47911526590401,6.012174217198085,.963302095793475,45.85262626645511,8.514711501749943,.927302474278527
715,6,0,34.85555764164498,6.059023838893732,.9777322576605025,47.24059532902412,8.353250599994158,.769018060471968
716,6,1,34.72098922931238,6.054443000824214,.9260360751651162,45.79312845744874,8.559352555088349,.9798036649146129
717,6,0,34.44170600198699,6.0327543069828,1.127574293643298,45.77255109483302,8.363012357516926,.7902110448969453
718,6,1,32.53063157105346,5.937227982975839,1.229373729108505,41.32890527669563,8.331294642156081,.9999519463385824
719,6,0,35.33340203630108,6.119492223242599,.9081359630800696,47.57745504358855,8.94288538778633,.9799544938431149
720,6,0,34.33415086438807,6.060666888719189,1.02339044984374,45.45084837767397,8.77119329224514,.8935401073435993
721,6,0,33.95078246629508,5.885583131822919,1.063908350915987,42.70442591807375,8.021535631071348,.8145752731734687
722,6,0,34.14428463753661,5.970324545737439,.8896871528662212,44.03263862894897,8.425864048710572,.8610937966894123
723,6,0,34.38895322023708,5.954686700388237,1.046101993109343,45.03505173816379,8.277992545891477,.9729038380981438
724,6,0,37.27779671740313,6.389478191026465,1.165867281224601,51.23782918318184,9.070716103394616,.8431031740908725
725,6,0,36.65765697339603,6.252963345028794,1.069700527043973,51.05137462429938,8.969317422244307,.8152197001641716
726,6,0,34.94941351176192,6.047954158956077,.9394424217593164,45.76295614796901,8.527091192718377,.8327641798165791
727,6,0,31.56700780010299,5.674858686018696,1.139109214300573,38.98489981188564,7.783826187622865,.8676077058116803
728,6,0,34.00544163530783,6.170665543226761,1.174108140822068,44.0718392222112,8.720036242740338,.8327023480281505
729,6,0,30.4387830345505,5.740299038640577,1.008105807823625,36.54267238070936,7.761590366879715,.8162638581062659
730,6,0,33.19054645368039,6.069620128148046,.9746471062429349,41.32258847443368,8.133046234877016,.84906377067248
731,6,0,37.2178222528543,6.17456295961451,1.057854851329763,50.82299148502764,8.794164768698998,.8032199524048185
732,6,0,38.79212714080015,6.431329146327089,1.133215123211965,54.1539789161706,9.323528247330144,.7195151632411773
733,6,0,35.12072554890187,6.076994192364088,.9406674131610646,46.26519451851345,8.309177345260583,.8070104043278828
734,6,0,35.65648875067602,6.059605622447819,.9863781089561754,47.95763070663114,8.692930647543157,.807961993184263
735,6,0,33.95902357341712,5.855118838193879,1.000027414592688,44.04996616046619,7.944262183737826,.9459908794225006
736,6,0,32.81189356110019,5.635150966737502,.9313207184072424,41.64438019961801,7.766660957599684,.7051183576862198
737,6,0,32.51009855685818,5.815736522199521,1.008593193100944,41.28525824842939,8.013050682693663,.8444697153475111
738,6,0,30.5745540530615,5.570229560500588,1.105013166839006,36.40766863236738,7.461458451160884,.7125805201044565
739,6,0,33.09196992223962,5.902606334752857,.9216816451866523,43.77966306724398,8.704446585939547,1.058547367031529
740,6,0,37.13146451679344,6.172170419154759,.9802770994107215,51.13006318682223,8.816081226928514,.8611125104514626
741,6,0,37.50324793794487,6.217600807471806,1.005468628663423,52.47399722882124,8.92338621398912,.8073380117775544
742,6,0,34.90977661463562,5.942637838715402,.9831913562188335,45.8643869611288,8.378051679852472,.6442054478773465
743,6,0,35.69591738853248,6.301064506033129,1.04864786830075,49.20202918060254,9.309356732308078,.7658294678065518
744,6,0,34.58438922121896,6.084658302538901,1.058457560149574,45.56093277319818,8.382255764732614,.6949782382375279
745,6,0,32.0401614880698,5.816616384235955,.9910535127816202,39.91327561284267,7.960462177753231,.8092606757586946
746,6,0,36.51659279951978,6.161755044469014,.8918023341846227,50.09771653814846,8.79647607325235,.919781652051886
747,6,0,35.43601354144077,6.033991673134028,.8300113759952708,47.54964230978732,8.365141881148794,.8800948465210781
748,6,0,33.15539526287257,5.824441791447995,.9128131916552229,41.39939118495195,7.913731958749168,.9839765988653598
749,6,0,29.9488812051728,5.633905633930131,1.054534492599009,35.86922046849728,7.945229285773383,.9066092669695817
750,6,0,33.10407626476321,5.714483695625725,.9039748963037071,43.53247433090194,8.056318382270478,.8586560800745396
751,6,0,36.74197105958163,6.289080223327133,.9552633136265768,50.37546601683831,8.713979471680945,.9526688804103179
752,6,0,35.40797735820842,6.066372028536509,.7337104781416588,47.68399206901665,8.708281153849676,1.333610181295316
753,6,0,34.84835218928832,6.019151081989128,1.00018408935692,46.78252651574506,8.554105069090236,.6305184255372855
754,6,0,32.62028010782054,5.962452148682724,1.022775526689576,40.96708913254671,8.56837116394337,.7821077474818643
755,6,0,34.77472665488696,6.093038385331226,1.080744764377278,45.56709111891669,8.540980166387239,.7934317088098012
756,6,0,33.18087544169227,5.857816734755571,1.01345948433057,41.979969155744,7.904456840630369,.8529063085142592
757,6,0,33.72527623391581,5.776767358822125,1.073726305974203,43.2366726912561,7.810550150896879,.9126601265644184
758,6,0,33.90467714078964,5.978646977771461,1.052481808101179,43.6821321177161,8.102670501854847,.6823684767682586
759,6,0,35.41895108241057,6.072766155952495,.9280343916615335,48.01809430327936,8.41603058143331,.9941225596904212
760,6,0,34.8514690928863,6.029762916506199,1.117208506523791,46.98033425538453,8.534717239313439,.825843431963203
761,6,0,34.11730138902483,5.92362517139126,.7401533290301654,44.46595106404001,8.162667066981907,1.056947909669451
762,6,0,33.55028982558272,5.941973477608917,.9976111044517056,42.02162383418499,8.274756421680756,.8913763582841195
763,6,0,29.56818273095745,5.489729374306453,1.120380545618868,34.78582107071426,7.313226648967229,.9513403581711949
764,6,0,35.44104914763682,6.16305756563577,.8926560122820696,47.93713051325764,8.815863480451538,.8601509763370813
765,6,0,31.73972792068733,5.819910949272979,1.151372482218965,39.36542034944715,7.921179144393704,.7081401926591067
766,6,1,35.40284924961346,6.135983471451626,1.075096970777814,45.8539403344495,8.312368047756655,.8114993065093073
767,6,0,38.13885888560068,6.161464184456745,.8258867986656795,52.4751526124612,8.202586008033474,1.02116142223063
768,6,0,36.35824427198585,6.183523481459517,1.083053761718097,50.29641456129783,8.779851722281082,.9424399230735364
769,6,0,35.29439230455097,6.17109263431675,1.055112373301535,46.62911127322452,8.767846508853079,.8952707094626563
770,6,0,36.90777951830369,6.216579312489044,1.089814218413122,50.21353563568621,8.844022657366979,.9078010215641941
771,6,0,36.48750166065087,6.079509365159852,.9715246360453513,49.82387522318373,8.684870439655443,.7519426262439742
772,6,0,35.51037498660761,5.956828251582888,1.121071447134916,48.05189707823359,8.535931969030633,.7503136990157308
773,6,0,35.34200220553243,6.207816721861659,.9150229274593429,48.29226573224148,9.1203480708394,.8506638058501268
774,6,0,33.00295736107912,5.933916989507058,.9997707916117153,42.32716905219248,8.356668976895358,.8742214739618723
775,6,0,36.72359922732016,6.220550950762486,1.09024346981208,50.31614871268994,8.88308551345029,.7911583057059006
776,6,0,35.38532777236137,6.257307015850245,1.131339601294717,46.66630573803254,8.920356762139235,.7442171367576033
777,6,0,33.54572706908129,6.171011997650094,1.319492263777,43.37385940947254,8.706240579926613,1.014447712450528
778,6,0,31.74019839118729,5.731154412984881,1.081477720073466,38.61861303077818,8.059769033501924,.7780928410122554
779,6,0,31.46733626820497,5.8195903781183,1.077454007029031,38.65467358779812,7.879137060516319,.7665289336025771
780,6,0,31.12531400903687,5.899814680477302,.9901711931825941,37.66510905062721,7.839471594743327,.7924920929590026
781,6,0,33.33705326410738,5.774681429514647,.960018554662693,42.00615941853749,7.972497581713533,.6424774893776714
782,6,0,31.91767883299062,5.794600656036715,1.033271852538999,39.51520820957408,7.861125710185926,.8154935386189044
783,6,0,35.88404710855925,6.078779615940198,.8867904564115299,48.28722259027558,8.644570728253809,.9988575602592309
784,6,0,35.86462287686986,6.245175146856071,.9816650346033358,47.73606058842967,8.371778773855974,.7808195498194646
785,6,0,33.92894992999589,5.924748375057748,.9801603317649993,43.56785499501591,8.272149853159604,.8748925942712926
786,6,0,31.91394794780417,5.794984118687529,1.116644056645877,39.14747996362548,8.40220123409823,.5876760455892108
787,6,0,36.77682118395713,6.141028115769765,.8501625106594425,49.30463890235634,8.522644352474131,1.015345431759983
788,6,0,31.32068220279425,5.651640124322429,1.175438360230013,38.25670272663004,7.733424959238724,.787842258626222
789,6,0,33.00375840294704,5.844904616289716,1.088952130112818,41.77823488424313,8.093032805327908,.7376651860944525
790,6,0,32.09608142621455,5.828771518841592,.9797030291181512,40.4832226289785,8.053289158725361,.8803178454760846
791,6,0,36.57420932672963,6.172164471696833,.8597946620779218,49.47170983592033,8.914008751029433,1.012216965395968
792,6,0,32.02234773143608,5.611923669386208,.9914923390947331,38.92015119574704,7.658400469128689,.7881535521336198
793,6,0,33.11778268567024,5.945205549107821,1.001919365270224,41.82373640667044,7.956403960716877,.8624592379950936
794,6,0,32.88247206781095,5.858098583091474,.9911357442572096,41.83458069555812,7.915547624899504,.7648951567647814
795,6,0,31.23718028751474,5.732082697555198,.9156843206989418,37.62588451248359,7.798439264371146,.7968030241463987
796,6,0,32.57103131314464,5.856797895894216,.8416992268526718,41.51531824799926,8.049222971006294,1.092713002057349
797,6,0,34.4167898786248,5.961505808580452,.9769283976259404,45.9204902073874,8.350425451653548,.8976724519668993
798,6,0,34.98683840164752,5.913355537518406,.9736394176520888,46.62515105415354,8.039823623581281,.6925095689328913
799,6,0,34.13987271957576,5.975574392224365,1.078777784656402,44.76324825757886,8.561332008594825,.7599788205801297
800,6,0,31.20345608237785,5.865229879342148,1.048812618615952,39.20393881616199,8.208517134658193,.8605311762684028
801,6,0,35.8659835141513,6.101299133809396,.97245820095207,48.428433631636,8.552574503209883,1.028458748283021
802,6,0,38.84047321612276,6.433700049273184,1.076092683630715,54.90729263302349,9.699428654719075,.7795056965955577
803,6,0,33.78676470371228,6.009936032343496,1.060387546726747,44.36738650939397,8.484491391180217,.5986010514839448
804,6,0,33.90995216292391,6.090235761026769,1.078537032865458,44.79808551412106,8.95959790826206,.871076266198727
805,6,0,31.07104214443635,5.703941532465753,1.003291917486207,37.11821334753636,7.372270094909884,.7760132439760655
806,6,0,32.29588699506518,5.868290270272679,1.036522484519644,41.17805201224575,8.27393876214928,.8627393417543923
807,6,0,33.15860463527842,5.766967469404371,.9803075904399712,42.70300120877505,7.76202555374745,.9091606133561118
808,6,0,35.95227771584558,6.075986306260993,.949145655427157,48.73175606477103,8.55308061474396,1.048925770874465
809,6,0,36.1066641337663,6.074720653022177,1.093193195196079,48.25935143720891,8.522897390005157,.8052202366018053
810,6,0,36.06834889639717,6.289758543031642,.9572863263282161,49.0546649318666,8.837414950972077,.8462968278635664
811,6,0,33.96769209079253,6.053933825001608,1.02522471781133,44.26046028964119,8.514037447105215,.7591807967942847
812,6,1,35.46341845096609,6.17164342416173,.9959157430515091,47.39284982085606,8.915171791999654,.8164313625661785
813,6,0,30.20691319037863,5.639628894346528,1.123417465810941,35.2763505354927,7.469628084672626,.8479569058860988
814,6,0,33.9543429772106,5.811695849343908,.9091016158438042,45.25317186125942,8.322818583827706,1.081530221908554
815,6,0,33.26344742472043,5.770957478882002,.9795941086235622,43.09388330557644,7.913906614545077,.8079697258266096
816,6,0,34.33322995474121,5.874603155166722,.9214658893144134,44.92239729426163,8.051311591359243,.8386472886160139
817,6,0,31.4019907651521,5.615490617985427,.8843496941796787,38.49024382548608,7.523857035029386,.9010629390966955
818,6,0,34.00930124668575,6.097996019145951,.9415858244260504,44.86704417162996,8.821555724796049,.643780249250021
819,6,0,32.57319325815895,5.645794170441317,.8775155298703742,40.49413400039177,7.389060088348619,1.030030560594422
820,6,0,35.10790821869823,6.008942647930025,.9156795068451513,46.17774144000877,8.341002322109203,1.099771112011611
821,6,0,33.46194540027718,5.940648249103029,.9454646111951078,42.54356834457734,8.322805252814828,1.148988443054073
822,6,0,34.37063773642762,6.092640158066419,1.049766762320018,44.60984794971966,8.812159367514354,.8026329851441261
823,6,0,32.80218602678799,5.780733932307576,.8984136610806737,41.25111321003242,7.856803870649344,.9856515868147587
824,6,0,34.19658806382682,5.999010773839001,1.036483292829515,44.04625717547108,8.399736717051457,1.011208922740649
825,6,0,39.18386704658654,6.373856864423862,1.059714808370111,56.45333680768243,9.237728916403034,.9481440832375233
826,6,0,32.47641406570747,5.809721744304165,.9244760796601458,41.09626305249467,8.188584136192945,.7310598322445249
827,6,0,31.82512542270571,5.76889473391264,1.035964019527226,39.66088146477239,7.883732069306752,.754239432776279
828,6,0,34.63730026338312,6.170333025620552,1.132592210499538,46.20394882722104,8.851995999879636,1.068519974068905
829,6,1,32.87418840055487,5.883436348452622,1.005699060763864,41.67665962572777,8.224179186354041,.8823695377220797
830,6,0,34.70862512355521,5.967253093061347,1.090703303711338,46.17692956801539,8.638185531584519,.8668542189090821
831,6,0,33.39836653142798,6.02811546101514,.9884954600177038,43.36328650582533,8.540477438350226,.9822025745882077
832,6,0,35.58902348505681,5.854393179418313,.9956236571495061,46.3568564179167,8.15985638064506,.7406980700581854
833,6,0,31.57120129034844,5.720258398338491,.9841384425224584,39.5385189881855,7.963268402451114,.9650965031423963
834,6,0,37.42011418478389,6.273111040205075,.9272379101878172,52.49298403529205,9.223713475158188,.6932863566106627
835,6,0,34.60913345964731,5.961892627116726,.9151174150357768,45.81502980515831,8.484145963885302,.8869132815874229
836,6,0,31.41855914862848,5.866679627857922,1.146248837138089,39.28364948152694,8.22138693145491,.8149192085604891
837,6,0,30.68546320671777,5.699093953012028,1.018031882628175,37.37911187672626,7.98697465915554,.91372244982604
838,6,0,31.19258886748568,5.627690100172067,.9935076394693027,38.12604989914519,7.488099809767228,.7547005417170682
839,6,0,31.4427255162866,5.718687995792999,.9990776197053469,38.37289613754044,7.726322924433065,.921248217668141
840,6,0,31.24454341653073,5.733637949662924,.8940045915065262,38.59493960027722,7.801257484500979,.9104972571127806
841,6,0,31.11306138772909,5.618271977578452,1.008163733806287,37.49593774919003,7.465835688679109,.9083591843868765
842,6,0,34.84485730451438,6.160986990895948,.9070926337983698,46.51775832842118,8.857804293451432,.9872867331247159
843,6,0,40.2129011511331,6.427846352693482,.93502093298996,59.13251618890374,9.268890705396659,.8098533426356503
844,6,0,34.81746439215916,6.214843565585387,1.070962543946208,46.46214341366431,9.015053654923111,.7284250522091179
845,6,1,33.96671772669266,5.970301574783365,1.028313519538285,44.38999896377261,8.292474799215448,.7718266073534251
846,6,0,30.48910328864243,5.703005709013969,1.201149519801775,36.30784374753677,8.105112118200406,.7929308385306723
847,6,0,34.69927665269099,5.998976935617311,1.03365200161151,45.53816096876518,8.539425721049467,.8065840977757571
848,6,0,34.33800641108787,5.903816554920515,1.076694496933482,44.74855488977894,8.377694009543418,.7916043194009594
849,6,0,34.69960357538584,6.059659928984379,.959564327042695,44.86655485826579,8.469942143107261,.7527751142104773
850,6,0,35.10231923613117,6.148986874004506,.9428988818679948,45.84225262531591,8.564900482939873,.6313067647849067
851,6,1,31.59982022294934,5.699870502641842,.9180644702778626,39.19803267385431,7.669591503864368,.7899289503056945
852,6,0,34.71088603738501,6.034063290651508,.8972639475061042,45.8654826341666,8.217190976855225,.8288953830237531
853,6,0,34.4665485063633,5.902830631434634,1.104603958243444,44.54849583241427,7.746947297657543,.5510693617739517
854,6,0,33.23379105743481,5.917976269312557,.943525170859199,42.43946505957466,8.162324274924325,.8586661934977773
855,6,0,32.84588222078724,5.748406523263572,.9914135614732458,41.43359343277573,7.75176562351885,.7669226441247431
856,6,0,37.62691942951898,6.357044570101826,1.073970018660907,52.15257641276138,9.705332171070989,.8229630106593701
857,6,0,37.13664733926583,6.294793693663568,.9054169895442788,51.41151765032777,8.990686513011969,.7402142041828287
858,6,0,32.87379738743346,5.964912701171236,1.052089169215973,41.45557484997737,8.406523218486267,.8188910415807565
859,6,0,32.78859502250993,5.919429978836344,1.149972960474878,41.83352824887516,8.232850484027585,.9322481499125285
860,6,0,32.49668985604585,5.814516335801792,1.051242016516876,41.0567864250476,7.557482735149845,.8312643966258004
861,6,0,34.40493597926324,6.016972052514153,1.010127333959934,44.31579142712672,8.167517113341903,.9475313900824581
862,6,0,35.41292855319336,5.966104807139389,.8507951153310558,47.28165729989226,8.092606429954934,.9509543112127332
863,6,0,33.92583783555642,5.947724088036799,1.11345278850136,43.84349641122198,8.392333459389031,.8801655868456505
864,6,0,34.27088194688437,6.052618183282279,1.215505719160121,45.73544947597409,8.683399105396314,.7621383868797809
865,6,0,37.11425388164545,6.316639024025172,1.074039713552917,51.10810356767075,9.114697870910407,.6519607812019684
866,6,0,34.33976701335684,5.97208144344253,1.062276851611904,44.56794043492326,8.106347464633206,.8537660594202945
867,6,0,32.53025368261996,5.95508212612146,.9664348256026754,41.12788247986146,8.089461750496657,.762888741828343
868,6,0,32.90612599584752,5.746541227319878,.8670086447343399,41.87198929123735,7.598011539703006,.9260131356323957
869,6,0,35.59375836145259,6.041057973716706,.9904810319451307,47.89539637919036,8.679031356839168,.8339261624913131
870,6,0,34.11747048086192,5.99836314164031,1.111055007651678,44.38746717671333,8.322870299029805,.8312747809758172
871,6,0,35.47576867521015,5.895087167995291,.9657165321297663,47.01770229933962,8.393116004784178,.7950056150036707
872,6,0,33.53173963701539,5.802640978493141,.9804955569881302,42.52149032819543,8.032045070944379,.9806965282574531
873,6,0,32.82900298795687,6.127560067532334,1.024381482371425,40.53991086575349,8.56600284379414,.9273518372773407
874,6,0,36.98657109268665,6.274183591437555,1.053021032744206,50.40949302505874,8.923333408709194,.8217250821437025
875,6,0,34.29892384952444,5.871832646906868,.8848599677460101,44.79754012736593,7.873889474437583,.9507109858314921
876,6,1,33.67361707357201,5.859837931412324,1.010937994924063,42.53793991377999,8.076168101288047,.7123142748686001
877,6,0,35.10951646705723,6.035477337530263,.9922193561930404,46.04589647711018,8.42504343928865,.8296245616656864
878,6,0,36.81217225689518,6.180032698851234,.8478674524306621,50.97531410186026,8.93461213161611,1.031442818262122
879,6,0,30.70217060252298,5.64376316297866,.867370175310643,36.5183097332927,7.412471766085577,.9004481915135244
880,6,0,37.04883758242345,6.111425627765374,.8893096258545576,49.96181878434775,8.623657787900305,.9998701381890556
881,6,0,36.02576001289705,5.902741380325905,.9680056296720057,48.72587397890099,8.155743447898079,.8543997700230197
882,6,0,35.6043664435128,6.120458180893356,1.18088219189349,46.80654018223694,8.453282576151526,.7409155140323627
883,6,0,36.84801519500561,6.153282407423318,.914278746457052,50.10483039356356,8.722336621351038,.9185247691160631
884,6,0,32.0171038757494,5.768957232535157,.9525186101033898,40.80942365334169,8.016093343457996,.9009909800617055
885,6,0,34.31278831692232,6.203033193071312,1.045959975955928,45.30577040891933,8.94526563865579,.7253589904807185
886,6,0,34.03947567083181,6.178260894390665,1.053230045739959,43.26581981274816,8.504157059710444,.748849611209269
887,6,0,35.48564240460095,5.997395238018894,1.005030576857768,47.85437571638876,8.432371830040582,.8203668506784165
888,6,0,35.3349802548628,6.185843263792696,.9640824233981335,46.67260367792228,8.682912572385975,.7432807174495437
889,6,0,37.22935269327606,6.407499370413745,1.013287508382134,50.90665658356404,9.413949261665097,.9138682444369337
890,6,0,38.63108956431543,6.461424742343006,.9848920235677072,54.70539842490988,9.217763339552473,.7680984300519829
891,6,0,34.33462534004173,5.722311193797514,.8173785908347411,43.53076461468059,7.619567407204597,1.041059809864146
892,6,0,30.26138433041404,5.541873884363894,1.031490965268263,36.02057236253571,7.494124819156245,.7852666427082523
893,6,0,34.16353063213768,6.141933107287393,1.112091606365452,45.71108944918095,8.904322873949608,.8099802582425332
894,6,0,36.89199861965155,6.109955689103267,1.070077099934198,51.3629216437655,8.676788021470363,.8235488215425579
895,6,0,30.75679483853247,5.676305091595158,1.066894237000463,37.22125087789774,7.786613169478163,.9220688903680873
896,6,0,35.62780104112293,6.314043735799014,1.056831827046822,46.25000888846399,8.808276592857721,.8834499645872511
897,6,0,32.47426948211188,5.905629045101405,.8960268651672533,40.96069905803029,8.188498363568639,.91792826493655
898,6,0,38.67850017473192,6.218166315666302,.7439119707038624,54.0872172050343,8.805474879538762,1.079653775501568
899,6,0,35.42898134203379,6.096262303678854,1.030502591093556,46.8240300137968,8.751846071146652,.5846140391634106
900,6,0,35.40498032023592,5.931725954032781,.9658228896824265,47.28712664207474,8.325266088559397,.7973174573674305
901,6,0,31.15803497990475,5.737909512490113,1.270695762315098,38.33706727893256,7.596116718461489,.9412730026143941
902,6,0,35.52466083709341,6.083095115227344,.7462984717104277,47.52773677689277,8.559393640402691,.9772539739398453
903,6,0,33.62602068643999,5.91724334974477,.9059360026647674,43.52241059480077,8.130016567395341,.9012107353444513
904,6,0,31.22531591810124,5.777336135080896,.9957939173648813,37.59650889730348,7.778427611932292,.7944582656388222
905,6,0,33.87961447056639,5.9266466825961,1.138665942582097,43.64704130437826,8.23475812026647,.7379584227281567
906,6,0,36.30644971119376,6.250373660775949,1.038848131173097,49.51249265008759,8.916244252235074,.752840975047285
907,6,0,32.2617795422404,5.71940670644862,.8794687297906685,40.64330428251172,7.727803066721052,.8968564772409778
908,6,0,37.28736934924476,6.308996942373073,1.005988143206626,51.33592525167916,9.383976295101903,.8694688642352115
909,6,0,34.72510240838959,6.08416658868363,1.040249798511359,44.70104796594809,8.110004672446106,.9303285615350432
910,6,0,33.58592790803504,6.081040915470339,1.098958495060509,42.70994439495455,8.308230428998975,.8080575679755126
911,6,0,33.15121388601889,5.859142588817936,1.003697305673382,41.70800551964134,7.940106834320668,.7715978799047956
912,6,0,35.59185160484481,6.047809067829776,1.066662400974748,47.38752401370766,8.908669104065181,.6486299022191743
913,6,0,32.51857388544913,5.867731927963977,.9266941825515695,40.96286655317635,8.221254389252515,.901580928566316
914,6,0,34.55946883214648,5.914627111357758,.9516777106876668,45.44732898959691,8.444247518316368,.9355802854265468
915,6,0,32.1811429582621,5.696425583331917,.9322888293761717,39.47615784940164,7.35845889394013,1.008707905519112
916,6,0,32.21051945666052,6.037309006177554,1.235345140822172,40.99619391025213,8.72780156186529,.7368621604879527
917,6,0,30.92192595073919,5.653663533995449,.9051456828054957,37.7431392489778,7.668025863897408,.9963470880367136
918,6,0,35.22082790188223,5.984383069451263,.8336398951848822,46.56343052543064,8.247039339047754,1.13646566852633
919,6,0,38.92004255204527,6.435572066605788,1.017825983613537,54.3903644720094,9.509455567949285,.7574273164675224
920,6,0,34.36119397117685,5.936950288559329,.9695684395803965,44.69572669601151,8.171185433251507,.7200316454590815
921,6,0,32.82674452269492,5.966573660933548,1.043333233213033,41.68696374040243,8.116560112576861,.7747056040877754
922,6,0,32.68719180913767,5.935396444307209,.9798572998025343,40.90289916202924,7.885825608071034,.8415370806561701
923,6,0,34.73930733744488,5.946166773494977,1.142121454329812,46.99352451637221,8.525258642569735,.764119538422537
924,6,0,35.81479803312617,6.098228019927715,.9552884306697513,48.81339912962861,8.68012587302521,.8864159108369526
925,6,0,33.14389029912992,5.884213245064177,1.088259525070624,42.46767800076348,8.488126661294821,.9368712038314644
926,6,0,30.00249237547808,5.620792671653798,1.060187205509175,35.99911043142626,7.885308940432625,.7857029366529271
927,6,0,34.11535433338118,5.902636993358255,.8197710167001433,44.82016735721106,8.089253629980341,1.128126406285675
928,6,0,36.42931052752631,6.317773685794082,1.031194024777068,50.3659258252756,9.231998132159728,.7650072831003062
929,6,0,32.17980046449046,5.833221570646929,1.004275565269169,40.62797562507654,8.227540509486593,.7442922564493384
930,6,0,36.46166063623258,6.176550525496393,1.064553688156383,49.65522990133853,8.684460498237218,.9153099974332257
931,6,0,33.54917869004596,5.874392850702282,.8473202380823474,43.37942229542539,8.323219443253063,1.036776064248674
932,6,0,36.692787678777,6.126650068502669,.9413389522453861,50.27433242782516,8.577858726891368,.7763238156228763
933,6,1,36.35033225472496,6.244816165711505,.9424852173534032,49.36898640462332,8.807885637561993,.8852211503997628
934,6,0,29.79905155839184,5.692129466575771,1.048286757893929,35.61796124477489,7.990202479084061,.6533184551259165
935,6,0,30.5362759562288,5.637536938319955,1.097612801491472,36.70689942172049,7.457197246692618,.7720568872563059
936,6,0,32.65626976069014,5.967696620851852,.9105776571151778,40.6061194947171,8.403202442858703,.9353731006057521
937,6,0,34.3075711107554,6.026942576441676,1.151321634756911,43.63085476719454,8.175017254680034,.9037442959598997
938,6,0,32.38254791830767,5.751897061212079,.9741018908563006,39.97818746183857,7.967023626867349,.8360393495720452
939,6,0,34.38174983753765,5.797150790243245,.8984865845431855,45.17342568869059,8.293776184101397,1.00664416275507
940,6,0,37.57307876394351,6.260696038324833,.8832674613996272,52.2234752286621,9.132452180742689,.8590070174908359
941,6,0,34.57754408223745,6.102144334719946,1.137339671396203,46.02653152789197,8.662901967952447,.8737725750823254
942,6,0,33.6208325240278,5.882481614574293,.9226002111636853,43.11896069601355,8.031015123615989,.7509416739761149
943,6,0,34.06135523713969,5.848159653530757,1.090761281417338,44.86655901732829,7.948564845125315,.6836632375493825
944,6,0,32.10768611347125,6.023681033938407,1.151873936309592,40.26594796216565,8.314851192448289,.8018149351145546
945,6,0,26.62887257747823,5.29818966407703,1.277617401234017,29.62697376139555,7.354851714605526,.8520925328244269
946,6,0,34.14734786416583,6.189388102890422,1.18724049284897,44.11337871875917,8.992844295978609,.7928729984777799
947,6,1,34.62330091396413,5.970311604219614,.9849503270890387,45.9770698578813,8.338536910338197,.6903380355735816
948,6,0,34.62446973093041,5.864855351996783,.7443837188933717,44.90397541583609,7.88771164153406,1.224176417786667
949,6,0,38.19592062296164,6.328447394860888,1.106113578254472,52.94942716004791,9.038246219645641,.836619734792161
950,6,0,37.40151490577509,6.161532342231881,.989630202312612,51.76121091792955,8.679530363598062,.6896631945590177
951,6,0,34.80042844125674,6.051147449194037,1.044782267133575,46.24695602982249,8.561771752380881,.9329184392590179
952,6,0,31.99917447497858,5.760482651440798,1.005322482463576,40.32908726268554,7.996636080049393,1.009092519746175
953,6,0,34.77599723919623,6.059769977553952,.9287414889265108,45.90895170623873,8.289435784489877,.7969537554252831
954,6,0,32.56869283532284,5.914928899835505,.9816861550410115,40.99245288997528,7.854947892409849,.7998988549478235
955,6,0,33.66036106374575,6.182568853015379,1.015075261223478,43.03926529435967,8.951400346717127,.8474616722717441
956,6,0,34.6966264088359,5.99496825292881,.8781105489042634,45.19489117572724,8.202349305115058,1.098452090531973
957,6,0,31.51406621824809,5.77473914252402,1.037894459170354,38.41325762391011,7.726369472828734,.8531785686120353
958,6,1,32.76181499044033,5.947922719401114,1.165275830389413,41.55284434016319,8.16551533550412,.8604800705191431
959,6,0,32.36799258342372,5.800982038941768,.9266382394479082,41.33881103271717,8.414929302241271,.6531212181437667
960,6,0,32.77506504656755,5.839334255147153,.9832490831162928,41.46088001507978,7.863402522741547,.768971202089991
961,6,0,33.79290578597332,5.674570066635789,.7704165442907898,43.36164342187098,7.787230859424627,1.105342438177651
962,6,0,30.20829108266314,5.54450520142938,.9826570730812455,35.45128867276859,7.061194680518066,.7391453870680278
963,6,0,34.23914838413299,5.94021147596086,1.033547854953153,44.35313736641837,7.96814943422626,.7749940240292904
964,6,0,35.8367298287417,6.304404955255585,1.089022924304923,47.40614700618382,8.787698942408481,.6757421703802403
965,6,0,32.46100803786145,5.770050747689975,1.061290292433376,41.18648071913019,8.349124512202007,.8789230789590569
966,6,0,34.56602773954371,6.053407916261134,.9702704518787433,46.10029323058053,8.694370489449355,.8122023274213397
967,6,0,35.42357847616096,5.855891662347085,.8690253462037234,46.81890633630126,8.003152203656825,.945056870009387
968,6,0,37.06694144208259,6.246874262963735,.9399803198700865,52.0232640205836,8.838387263922318,.8051552115945494
969,6,0,33.66853581840289,5.822520887955496,1.014494423027589,43.10419747231693,7.902268611128362,.6346809899000811
970,6,0,37.1626478398852,6.114549061390965,.9101570466477339,51.31918137627127,8.302396076636152,.8116857740034595
971,6,0,33.25450474610012,5.964524638332705,1.039941322025954,42.66363279738876,8.380358442248918,.7288327735115164
972,6,0,36.85411583704449,6.183340919638483,.8857935588583907,50.88753583793514,8.815630042699333,.8871048527452012
973,6,1,38.04494305880923,6.393189523829758,.9173040444577858,54.14280347635671,9.448205489497127,1.02638318262293
974,6,0,32.52838361789667,5.726465375299589,1.053071218256675,41.55442292530929,7.905386872223598,.8416325228633128
975,6,0,36.02526052644522,6.263255633518721,1.025258452096467,49.22943940457603,8.819468084532684,.7458824988392134
976,6,0,36.36359466236124,6.165330202227117,1.05550036877243,48.5931258105381,8.900760063215124,.7615817667852086
977,6,0,34.59794306382264,6.04496620107164,.85134957684826,45.14674015287203,8.286052536274859,.9902003369975398
978,6,0,35.46567741429173,6.060816984123908,.9746739034573493,47.18212910717308,8.468590757975303,.8825090856583507
979,6,0,34.11347958959527,5.976349770330251,1.059042150541102,45.81925169295801,8.686697673342042,.7169788597149988
980,6,0,33.46506031941525,5.933596417124252,.9977800253423645,42.71029646380705,8.420313125090956,.8368303022193953
981,6,0,33.83223371037161,5.951442049507673,.9477794649079915,43.70620437105035,8.490487236048487,.7936944861009795
982,6,0,34.62117530878356,6.027914433627631,.899282536473933,45.88023711257542,8.553897256106794,.9445104637222239
983,6,0,37.71091508335537,6.273942822719098,.8726411912495211,51.38614587218922,8.915261082011606,.8640369322598043
984,6,0,33.5264571353037,5.976469041724209,1.071275035944627,42.68178899899013,8.384684819423928,.9525286123614601
985,6,0,31.99847733907016,5.877325413229067,.9496477970932602,40.26973628342021,7.863725946221368,.7481145451259515
986,6,0,34.51706728116196,5.788794510840997,.8133453870994469,44.40654497571779,7.590650521622575,1.050735085746838
987,6,0,35.10687755145747,6.026835670620782,.8095694157645589,47.07788936568124,8.578439058493025,1.005548272575772
988,6,0,35.92385724166242,6.166581023236439,.924546167925774,47.32115716069577,8.440221541660046,1.028370293229861
989,6,0,32.50208317353373,5.872647458857339,1.077083191939121,40.84707011457014,8.093976950633074,.6441178953264968
990,6,0,32.31823079396545,5.924316794604247,.9882194239139152,39.30747501450108,7.842960791499695,.9636830991786893
991,6,0,35.49564161573683,6.032461398181992,.9499520664664791,47.39931773668098,8.43292894496409,.8812430450536198
992,6,0,32.27877389595371,5.611162040647251,.8305772504636348,41.26955021101705,7.994397617795,1.054951041976523
993,6,0,33.61957496992768,5.864208836761039,.8205032212903655,43.16211928212143,7.88466386711311,1.086284265553091
994,6,0,32.7917811526349,5.750056940438125,1.016333284495095,40.23964952038717,7.941703033533067,.7803848527571138
995,6,0,34.88273645261852,6.107358383518542,1.088355976984006,46.64375443712569,8.773528874016865,.7184156153123956
996,6,0,33.47123659960528,5.928292804099801,1.036200371928468,43.04115297532918,8.173497109972983,.6902316565853136
997,6,1,31.71436227334369,5.819637002029082,.9831574452448612,39.45867040212796,7.84320728405427,.7351762177240833
998,6,0,35.33396577668582,6.136898789960027,.9529255971086283,47.90331901120326,8.829925688962103,.9911316218571623
999,6,0,30.95784201433828,5.655670965859557,1.144824974593444,37.97271760877917,7.603841452584447,.8563985053117172
1000,6,0,40.46601264940795,6.572817689125467,.8716883122468209,58.83441299882504,9.760032439369567,1.043138905684847
